disclosure_id,disclosed_at,code,name,title,kind,is_correction,direction,metric,change_pct,period,xbrl_changes,pdf_url,xbrl_url,exchange,fetched_at
140120260925540450,2026-10-09T15:40,7427,エコーＴＤ,2027年2月期 第2四半期（中間期）決算短信〔日本基準〕（連結）,earnings_report,False,,,,,,https://www.release.tdnet.info/inbs/140120260925540450.pdf,https://www.release.tdnet.info/inbs/081220260925540450.zip,東,2026-10-09T15:43
140120261009548844,2026-10-09T15:30,8185,チヨダ,特別損失（減損損失）の計上、第２四半期（中間期）業績予想（連結・個別）と実績値との差異及び通期業績予想（連結・個別）の修正に関するお知らせ,forecast_revision,False,,,,,,https://www.release.tdnet.info/inbs/140120261009548844.pdf,,東,2026-10-09T15:30
140120261009548813,2026-10-09T15:30,8185,チヨダ,2027年２月期　第２四半期（中間期）決算短信[日本基準]（連結）,earnings_report,False,,,,,,https://www.release.tdnet.info/inbs/140120261009548813.pdf,https://www.release.tdnet.info/inbs/081220261009548813.zip,東,2026-10-09T15:30
140120261009548763,2026-10-09T15:30,2687,ＣＶＳベイ,2027年２月期 第２四半期（中間期）決算短信〔日本基準〕（連結）,earnings_report,False,,,,,,https://www.release.tdnet.info/inbs/140120261009548763.pdf,https://www.release.tdnet.info/inbs/081220261009548763.zip,東,2026-10-09T15:30
140120261009548758,2026-10-09T15:30,6136,ＯＳＧ,2026年11月期第３四半期決算短信〔日本基準〕(連結),earnings_report,False,,,,,,https://www.release.tdnet.info/inbs/140120261009548758.pdf,https://www.release.tdnet.info/inbs/081220261009548758.zip,東名,2026-10-09T15:30
140120261009548717,2026-10-09T15:30,6264,マルマエ,2026年８月期配当予想の修正(増配)に関するお知らせ,dividend_revision,False,up,,,,,https://www.release.tdnet.info/inbs/140120261009548717.pdf,,東,2026-10-09T15:30
140120261009548715,2026-10-09T15:30,6264,マルマエ,2026年8月期決算 補足資料,earnings_presentation,False,,,,,,https://www.release.tdnet.info/inbs/140120261009548715.pdf,,東,2026-10-09T15:30
140120261009548714,2026-10-09T15:30,6264,マルマエ,2026年8月期 決算短信[日本基準](連結),earnings_report,False,,,,,,https://www.release.tdnet.info/inbs/140120261009548714.pdf,https://www.release.tdnet.info/inbs/081220261009548714.zip,東,2026-10-09T15:30
140120261009548711,2026-10-09T15:30,7501,ティムコ,2026年11月期通期業績予想の公表に関するお知らせ,forecast_initial,False,,,,,,https://www.release.tdnet.info/inbs/140120261009548711.pdf,,東,2026-10-09T15:30
140120261009548672,2026-10-09T15:30,7501,ティムコ,2026年11月期 第３四半期決算短信〔日本基準〕(非連結),earnings_report,False,,,,,,https://www.release.tdnet.info/inbs/140120261009548672.pdf,https://www.release.tdnet.info/inbs/081220261009548672.zip,東,2026-10-09T15:30
140120261009548626,2026-10-09T15:30,4430,東海ソフト,2027年５月期 第１四半期決算説明資料,earnings_presentation,False,,,,,,https://www.release.tdnet.info/inbs/140120261009548626.pdf,,東名,2026-10-09T15:30
140120261009548609,2026-10-09T15:30,2999,ホームポジション,2026年8月期決算短信〔日本基準〕（非連結）,earnings_report,False,,,,,,https://www.release.tdnet.info/inbs/140120261009548609.pdf,https://www.release.tdnet.info/inbs/081220261009548609.zip,東,2026-10-09T15:30
140120261009548600,2026-10-09T15:30,4430,東海ソフト,2027年５月期 第１四半期決算短信〔日本基準〕（連結）,earnings_report,False,,,,,,https://www.release.tdnet.info/inbs/140120261009548600.pdf,https://www.release.tdnet.info/inbs/081220261009548600.zip,東名,2026-10-09T15:30
140120261009548568,2026-10-09T15:30,9740,ＣＳＰ,第２四半期(中間期)連結業績予想値と実績値との差異及び通期業績予想の修正に関するお知らせ,forecast_revision,False,,,,,,https://www.release.tdnet.info/inbs/140120261009548568.pdf,,東,2026-10-09T15:30
140120261009548564,2026-10-09T15:30,9740,ＣＳＰ,2027年２月期 第２四半期（中間期）決算短信〔日本基準〕（連結）,earnings_report,False,,,,,,https://www.release.tdnet.info/inbs/140120261009548564.pdf,https://www.release.tdnet.info/inbs/081220261009548564.zip,東,2026-10-09T15:30
140120261009548553,2026-10-09T15:30,3627,テクミラ,2027年２月期 第２四半期 決算説明資料,earnings_presentation,False,,,,,,https://www.release.tdnet.info/inbs/140120261009548553.pdf,,東,2026-10-09T15:30
140120261009548541,2026-10-09T15:30,3627,テクミラ,2027年２月期 第２四半期（中間期）決算短信〔日本基準〕(連結),earnings_report,False,,,,,,https://www.release.tdnet.info/inbs/140120261009548541.pdf,https://www.release.tdnet.info/inbs/081220261009548541.zip,東,2026-10-09T15:30
140120261009548527,2026-10-09T15:30,2669,カネ美食品,2027年２月期第２四半期（中間期）決算説明会資料,earnings_presentation,False,,,,,,https://www.release.tdnet.info/inbs/140120261009548527.pdf,,東,2026-10-09T15:30
140120261009548517,2026-10-09T15:30,7514,ヒマラヤ,特別損失の計上および業績予想の修正並びに、中期経営計画の結果に関するお知らせ,forecast_revision,False,down,OperatingIncome,-34.1,CurrentYearDuration,"{""NetIncome"": -368.8, ""NetSales"": -1.5, ""OperatingIncome"": -34.1, ""OrdinaryIncome"": -35.1}",https://www.release.tdnet.info/inbs/140120261009548517.pdf,https://www.release.tdnet.info/inbs/091220261009548517.zip,東名,2026-10-09T15:30
140120261009548481,2026-10-09T15:30,7673,ダイコー通産,2027年5月期　第1四半期決算補足説明資料,earnings_presentation,False,,,,,,https://www.release.tdnet.info/inbs/140120261009548481.pdf,,東,2026-10-09T15:30
140120261009548446,2026-10-09T15:30,7673,ダイコー通産,2027年5月期　第1四半期決算短信〔日本基準〕（非連結）,earnings_report,False,,,,,,https://www.release.tdnet.info/inbs/140120261009548446.pdf,https://www.release.tdnet.info/inbs/081220261009548446.zip,東,2026-10-09T15:30
140120261009548443,2026-10-09T15:30,8008,４℃　ＨＤ,2027年2月期 第2四半期（中間期）決算短信〔日本基準〕（連結）,earnings_report,False,,,,,,https://www.release.tdnet.info/inbs/140120261009548443.pdf,https://www.release.tdnet.info/inbs/081220261009548443.zip,東,2026-10-09T15:30
140120261009548386,2026-10-09T15:30,8200,リンガーハット,2027年２月期第２四半期（中間期）連結業績予想と実績との差異及び剰余金の配当（増配）に関するお知らせ,forecast_dividend_revision,False,up,,,,,https://www.release.tdnet.info/inbs/140120261009548386.pdf,,東福,2026-10-09T15:30
140120261009548375,2026-10-09T15:30,3192,白鳩,業績予想の修正に関するお知らせ,forecast_revision,False,,,,,,https://www.release.tdnet.info/inbs/140120261009548375.pdf,,東,2026-10-09T15:30
140120261009548368,2026-10-09T15:30,9041,近鉄ＧＨＤ,連結子会社（株式会社近鉄百貨店）の業績予想の修正に関するお知らせ,forecast_revision,False,,,,,,https://www.release.tdnet.info/inbs/140120261009548368.pdf,,東,2026-10-09T15:30
140120261009548367,2026-10-09T15:30,3501,ＳＵＭＩＮＯＥ,2027年５月期 第１四半期決算短信〔日本基準〕（連結）,earnings_report,False,,,,,,https://www.release.tdnet.info/inbs/140120261009548367.pdf,https://www.release.tdnet.info/inbs/081220261009548367.zip,東,2026-10-09T15:30
140120261009548356,2026-10-09T15:30,8200,リンガーハット,2027年２月期 第２四半期決算説明補足資料,earnings_presentation,False,,,,,,https://www.release.tdnet.info/inbs/140120261009548356.pdf,,東福,2026-10-09T15:30
140120261009548353,2026-10-09T15:30,3192,白鳩,2026年11月期第３四半期決算短信〔日本基準〕(非連結),earnings_report,False,,,,,,https://www.release.tdnet.info/inbs/140120261009548353.pdf,https://www.release.tdnet.info/inbs/081220261009548353.zip,東,2026-10-09T15:30
140120261009548352,2026-10-09T15:30,8200,リンガーハット,2027年２月期 第２四半期（中間期）決算短信〔日本基準〕（連結）,earnings_report,False,,,,,,https://www.release.tdnet.info/inbs/140120261009548352.pdf,https://www.release.tdnet.info/inbs/081220261009548352.zip,東福,2026-10-09T15:30
140120261009548341,2026-10-09T15:30,2157,コシダカＨＤ,2026年８月期　決算補足説明資料,earnings_presentation,False,,,,,,https://www.release.tdnet.info/inbs/140120261009548341.pdf,,東,2026-10-09T15:30
140120261009548315,2026-10-09T15:30,2157,コシダカＨＤ,2026年８月期決算短信〔日本基準〕(連結),earnings_report,False,,,,,,https://www.release.tdnet.info/inbs/140120261009548315.pdf,https://www.release.tdnet.info/inbs/081220261009548315.zip,東,2026-10-09T15:30
140120261008548227,2026-10-09T15:30,4443,Ｓａｎｓａｎ,2027年5月期 第1四半期 決算短信〔日本基準〕（連結）,earnings_report,False,,,,,,https://www.release.tdnet.info/inbs/140120261008548227.pdf,https://www.release.tdnet.info/inbs/081220261008548227.zip,東,2026-10-09T15:30
140120261008548209,2026-10-09T15:30,6289,技研製作所,2026年８月期　決算説明資料に関するお知らせ,earnings_presentation,False,,,,,,https://www.release.tdnet.info/inbs/140120261008548209.pdf,,東,2026-10-09T15:30
140120261008548192,2026-10-09T15:30,4443,Ｓａｎｓａｎ,2027年5月期 第1四半期決算説明資料,earnings_presentation,False,,,,,,https://www.release.tdnet.info/inbs/140120261008548192.pdf,,東,2026-10-09T15:30
140120261008548186,2026-10-09T15:30,8570,イオンＦＳ,2027年２月期  第２四半期（中間期）決算短信〔日本基準〕（連結）,earnings_report,False,,,,,,https://www.release.tdnet.info/inbs/140120261008548186.pdf,https://www.release.tdnet.info/inbs/081220261008548186.zip,東,2026-10-09T15:30
140120261008548182,2026-10-09T15:30,2698,キャンドゥ,2027年２月期　第２四半期決算説明資料,earnings_presentation,False,,,,,,https://www.release.tdnet.info/inbs/140120261008548182.pdf,,東,2026-10-09T15:30
140120261008548166,2026-10-09T15:30,6289,技研製作所,2026年８月期　決算短信〔日本基準〕（連結）,earnings_report,False,,,,,,https://www.release.tdnet.info/inbs/140120261008548166.pdf,https://www.release.tdnet.info/inbs/081220261008548166.zip,東,2026-10-09T15:30
140120261008548129,2026-10-09T15:30,2698,キャンドゥ,2027年２月期　第２四半期決算短信［日本基準］（連結）,earnings_report,False,,,,,,https://www.release.tdnet.info/inbs/140120261008548129.pdf,https://www.release.tdnet.info/inbs/081220261008548129.zip,東,2026-10-09T15:30
140120261008548093,2026-10-09T15:30,3222,Ｕ．Ｓ．Ｍ．Ｈ,通期連結業績予想の修正に関するお知らせ,forecast_revision,False,,,,,,https://www.release.tdnet.info/inbs/140120261008548093.pdf,,東,2026-10-09T15:30
140120261008548072,2026-10-09T15:30,2130,メンバーズ,2027年３月期中間期 数値データおよび業績予想の修正に関する主な質疑応答ならびに代表取締役メッセージ,forecast_revision,False,,,,,,https://www.release.tdnet.info/inbs/140120261008548072.pdf,,東,2026-10-09T15:30
140120261008548049,2026-10-09T15:30,3222,Ｕ．Ｓ．Ｍ．Ｈ,2027年２月期　第２四半期（中間期）決算短信〔日本基準〕(連結),earnings_report,False,,,,,,https://www.release.tdnet.info/inbs/140120261008548049.pdf,https://www.release.tdnet.info/inbs/081220261008548049.zip,東,2026-10-09T15:30
140120261008548043,2026-10-09T15:30,463A,インテリックスＨＤ,2027年5月期 第1四半期 決算説明資料,earnings_presentation,False,,,,,,https://www.release.tdnet.info/inbs/140120261008548043.pdf,,東,2026-10-09T15:30
140120261008548039,2026-10-09T15:30,3996,サインポスト,業績予想の修正及び配当予想の修正に関するお知らせ,forecast_dividend_revision,False,,,,,,https://www.release.tdnet.info/inbs/140120261008548039.pdf,,東,2026-10-09T15:30
140120261008548021,2026-10-09T15:30,6814,古野電気,連結業績予想及び配当予想の修正（増配）に関するお知らせ,forecast_dividend_revision,False,up,,,,,https://www.release.tdnet.info/inbs/140120261008548021.pdf,,東,2026-10-09T15:30
140120261008547938,2026-10-09T15:30,4992,北興化,2026年11月期第３四半期 決算補足説明資料,earnings_presentation,False,,,,,,https://www.release.tdnet.info/inbs/140120261008547938.pdf,,東,2026-10-09T15:30
140120261008547930,2026-10-09T15:30,4992,北興化,2026年11月期 第３四半期決算短信〔日本基準〕（連結）,earnings_report,False,,,,,,https://www.release.tdnet.info/inbs/140120261008547930.pdf,https://www.release.tdnet.info/inbs/081220261008547930.zip,東,2026-10-09T15:30
140120261008547906,2026-10-09T15:30,2669,カネ美食品,2027年２月期 第２四半期（中間期）決算短信〔日本基準〕（非連結）,earnings_report,False,,,,,,https://www.release.tdnet.info/inbs/140120261008547906.pdf,https://www.release.tdnet.info/inbs/081220261008547906.zip,東,2026-10-09T15:30
140120261008547881,2026-10-09T15:30,3996,サインポスト,2027年2月期 第2四半期 (中間期) 決算短信〔日本基準〕(非連結),earnings_report,False,,,,,,https://www.release.tdnet.info/inbs/140120261008547881.pdf,https://www.release.tdnet.info/inbs/081220261008547881.zip,東,2026-10-09T15:30
140120261008547593,2026-10-09T15:30,3353,メディ一光Ｇ,2027年２月期第２四半期（中間期）決算短信〔日本基準〕(連結),earnings_report,False,,,,,,https://www.release.tdnet.info/inbs/140120261008547593.pdf,https://www.release.tdnet.info/inbs/081220261008547593.zip,東,2026-10-09T15:30
140120261008547579,2026-10-09T15:30,6814,古野電気,2027年２月期 第２四半期（中間期）決算短信〔日本基準〕(連結),earnings_report,False,,,,,,https://www.release.tdnet.info/inbs/140120261008547579.pdf,https://www.release.tdnet.info/inbs/081220261008547579.zip,東,2026-10-09T15:30
140120261007547434,2026-10-09T15:30,5271,トーヨーアサノ,2027年2月期第2四半期（中間期）業績予想値と実績値との差異に関するお知らせ,actual_vs_forecast,False,,,,,,https://www.release.tdnet.info/inbs/140120261007547434.pdf,,東名,2026-10-09T15:30
140120261007547333,2026-10-09T15:30,463A,インテリックスＨＤ,2027年５月期 第１四半期決算短信〔日本基準〕（連結）,earnings_report,False,,,,,,https://www.release.tdnet.info/inbs/140120261007547333.pdf,https://www.release.tdnet.info/inbs/081220261007547333.zip,東,2026-10-09T15:30
140120261007547255,2026-10-09T15:30,6136,ＯＳＧ,業績予想及び配当予想の修正に関するお知らせ,forecast_dividend_revision,False,up,OperatingIncome,20.0,CurrentYearDuration,"{""NetIncome"": 14.3, ""NetSales"": 4.3, ""OperatingIncome"": 20.0, ""OrdinaryIncome"": 18.8}",https://www.release.tdnet.info/inbs/140120261007547255.pdf,https://www.release.tdnet.info/inbs/091220261007547255.zip,東名,2026-10-09T15:30
140120261007547092,2026-10-09T15:30,9647,協和コンサル,2026年11月期　第3四半期決算短信〔日本基準〕（連結）,earnings_report,False,,,,,,https://www.release.tdnet.info/inbs/140120261007547092.pdf,https://www.release.tdnet.info/inbs/081220261007547092.zip,東,2026-10-09T15:30
140120261006546837,2026-10-09T15:30,5271,トーヨーアサノ,2027年2月期第2四半期（中間期）決算短信〔日本基準〕（連結）,earnings_report,False,,,,,,https://www.release.tdnet.info/inbs/140120261006546837.pdf,https://www.release.tdnet.info/inbs/081220261006546837.zip,東名,2026-10-09T15:30
140120261005546075,2026-10-09T15:30,4187,大有機化,業績予想及び配当予想の修正に関するお知らせ,forecast_dividend_revision,False,up,OperatingIncome,24.0,CurrentYearDuration,"{""NetSales"": 9.0, ""OperatingIncome"": 24.0, ""OrdinaryIncome"": 24.7, ""ProfitAttributableToOwnersOfParent"": 26.9}",https://www.release.tdnet.info/inbs/140120261005546075.pdf,https://www.release.tdnet.info/inbs/091220261005546075.zip,東,2026-10-09T15:30
140120261005545984,2026-10-09T15:30,6668,アドテック　プラズマ,2026年8月期決算短信〔日本基準〕（連結）,earnings_report,False,,,,,,https://www.release.tdnet.info/inbs/140120261005545984.pdf,https://www.release.tdnet.info/inbs/081220261005545984.zip,東,2026-10-09T15:30
140120261005545969,2026-10-09T15:30,4187,大有機化,2026年11月期 第３四半期 決算補足説明資料,earnings_presentation,False,,,,,,https://www.release.tdnet.info/inbs/140120261005545969.pdf,,東,2026-10-09T15:30
140120261005545955,2026-10-09T15:30,4187,大有機化,2026年11月期 第３四半期決算短信[日本基準](連結),earnings_report,False,,,,,,https://www.release.tdnet.info/inbs/140120261005545955.pdf,https://www.release.tdnet.info/inbs/081220261005545955.zip,東,2026-10-09T15:30
140120261003544979,2026-10-09T15:30,9264,ポエック,2026年８月期通期連結・個別業績予想の修正並びに特別利益（補助金収入）及び関係会社株式評価損（個別）の計上見込みに関するお知らせ,forecast_revision,False,down,OperatingIncome,-34.2,CurrentYearDuration,"{""NetSales"": -4.4, ""OperatingIncome"": -34.2, ""OrdinaryIncome"": -27.3, ""ProfitAttributableToOwnersOfParent"": 8.4}",https://www.release.tdnet.info/inbs/140120261003544979.pdf,https://www.release.tdnet.info/inbs/091220261003544979.zip,東,2026-10-09T15:30
140120261002545524,2026-10-09T15:30,5900,ダイケン,2027年２月期 第２四半期（中間期）決算短信〔日本基準〕（連結）,earnings_report,False,,,,,,https://www.release.tdnet.info/inbs/140120261002545524.pdf,https://www.release.tdnet.info/inbs/081220261002545524.zip,東,2026-10-09T15:30
140120261002545071,2026-10-09T15:30,1514,住石ＨＤ,業績予想及び配当予想の修正に関するお知らせ,forecast_dividend_revision,False,flat,OperatingIncome,0.0,CurrentYearDuration,"{""NetSales"": 23.4, ""OperatingIncome"": 0.0, ""OrdinaryIncome"": 27.8, ""ProfitAttributableToOwnersOfParent"": 31.3}",https://www.release.tdnet.info/inbs/140120261002545071.pdf,https://www.release.tdnet.info/inbs/091220261002545071.zip,東,2026-10-09T15:30
140120261001544896,2026-10-09T15:30,8244,近鉄百貨店,2027年２月期第２四半期（中間期）業績予想（連結・個別）と実績との差異及び通期業績予想（連結・個別）の修正並びに期末配当予想の修正に関するお知らせ,forecast_dividend_revision,False,up,OperatingIncome,10.7,CurrentYearDuration,"{""NetSales"": 0.9, ""OperatingIncome"": 10.7, ""OrdinaryIncome"": 10.9, ""ProfitAttributableToOwnersOfParent"": 2.6}",https://www.release.tdnet.info/inbs/140120261001544896.pdf,https://www.release.tdnet.info/inbs/091220261001544896.zip,東,2026-10-09T15:30
140120260930542585,2026-10-09T15:30,2722,ＩＫホールディングス,2027年5月期 第1四半期決算短信〔日本基準〕（連結）,earnings_report,False,,,,,,https://www.release.tdnet.info/inbs/140120260930542585.pdf,https://www.release.tdnet.info/inbs/081220260930542585.zip,東名,2026-10-09T15:30
140120260929542410,2026-10-09T15:30,8908,毎日コムネット,2027年５月期　第１四半期決算短信〔日本基準〕(連結),earnings_report,False,,,,,,https://www.release.tdnet.info/inbs/140120260929542410.pdf,https://www.release.tdnet.info/inbs/081220260929542410.zip,東,2026-10-09T15:30
140120260929542125,2026-10-09T15:30,4760,アルファ,2026年８月期 決算短信〔日本基準〕（連結）,earnings_report,False,,,,,,https://www.release.tdnet.info/inbs/140120260929542125.pdf,https://www.release.tdnet.info/inbs/081220260929542125.zip,東名,2026-10-09T15:30
140120260928540897,2026-10-09T15:30,8244,近鉄百貨店,2027年２月期第２四半期（中間期）決算説明資料,earnings_presentation,False,,,,,,https://www.release.tdnet.info/inbs/140120260928540897.pdf,,東,2026-10-09T15:30
140120260907532204,2026-10-09T15:30,7888,三光合成,2027年５月期第１四半期決算短信[日本基準]（連結）,earnings_report,False,,,,,,https://www.release.tdnet.info/inbs/140120260907532204.pdf,https://www.release.tdnet.info/inbs/081220260907532204.zip,東,2026-10-09T15:30
140120260831529101,2026-10-09T15:30,8244,近鉄百貨店,2027年2月期　第2四半期（中間期）決算短信[日本基準]（連結）,earnings_report,False,,,,,,https://www.release.tdnet.info/inbs/140120260831529101.pdf,https://www.release.tdnet.info/inbs/081220260831529101.zip,東,2026-10-09T15:30
140120261009548394,2026-10-09T15:00,2747,北雄ラッキー,2027年２月期第２四半期（中間期）業績予想と実績値との差異に関するお知らせ,actual_vs_forecast,False,,,,,,https://www.release.tdnet.info/inbs/140120261009548394.pdf,,東札,2026-10-09T15:02
140120261009548383,2026-10-09T15:00,7713,シグマ光機,2027年５月期 第１四半期決算短信〔日本基準〕（連結）,earnings_report,False,,,,,,https://www.release.tdnet.info/inbs/140120261009548383.pdf,https://www.release.tdnet.info/inbs/081220261009548383.zip,東,2026-10-09T15:02
140120261009548276,2026-10-09T15:00,2747,北雄ラッキー,2027年２月期 第２四半期（中間期）決算短信〔日本基準〕(非連結),earnings_report,False,,,,,,https://www.release.tdnet.info/inbs/140120261009548276.pdf,https://www.release.tdnet.info/inbs/081220261009548276.zip,東札,2026-10-09T15:02
140120261008547970,2026-10-09T15:00,1997,暁飯島,2026年8月期決算短信〔日本基準〕（非連結）,earnings_report,False,,,,,,https://www.release.tdnet.info/inbs/140120261008547970.pdf,https://www.release.tdnet.info/inbs/081220261008547970.zip,東,2026-10-09T15:02
140120261006546643,2026-10-09T15:00,3201,ニッケ,配当予想の修正（創立130周年記念配当）に関するお知らせ,dividend_revision,False,,,,,,https://www.release.tdnet.info/inbs/140120261006546643.pdf,,東,2026-10-09T15:02
140120261006546382,2026-10-09T15:00,7713,シグマ光機,2027年５月期 第２四半期（中間期）業績予想及び通期業績予想の修正に関するお知らせ,forecast_revision,False,up,OperatingIncome,47.6,CurrentYearDuration,"{""NetSales"": 16.2, ""OperatingIncome"": 47.6, ""OrdinaryIncome"": 47.9, ""ProfitAttributableToOwnersOfParent"": 51.8}",https://www.release.tdnet.info/inbs/140120261006546382.pdf,https://www.release.tdnet.info/inbs/091220261006546382.zip,東,2026-10-09T15:02
140120260902530837,2026-10-09T15:00,3201,ニッケ,2026年11月期　第３四半期決算短信〔日本基準〕（連結）,earnings_report,False,,,,,,https://www.release.tdnet.info/inbs/140120260902530837.pdf,https://www.release.tdnet.info/inbs/081220260902530837.zip,東,2026-10-09T15:02
140120261008548224,2026-10-09T14:00,9982,タキヒヨー,2027年２月期　第２四半期（中間期）決算短信〔日本基準〕(連結),earnings_report,False,,,,,,https://www.release.tdnet.info/inbs/140120261008548224.pdf,https://www.release.tdnet.info/inbs/081220261008548224.zip,東名,2026-10-09T14:36
140120261008548092,2026-10-09T14:00,9974,ベルク,2027年２月期第２四半期（中間期）決算短信〔日本基準〕(連結),earnings_report,False,,,,,,https://www.release.tdnet.info/inbs/140120261008548092.pdf,https://www.release.tdnet.info/inbs/081220261008548092.zip,東,2026-10-09T14:36
140120261008548085,2026-10-09T14:00,9974,ベルク,通期連結業績予想の修正に関するお知らせ,forecast_revision,False,,,,,,https://www.release.tdnet.info/inbs/140120261008548085.pdf,,東,2026-10-09T14:36
140120261008547874,2026-10-09T14:00,9313,丸八倉,2026年11月期　第３四半期決算短信［日本基準］(連結),earnings_report,False,,,,,,https://www.release.tdnet.info/inbs/140120261008547874.pdf,https://www.release.tdnet.info/inbs/081220261008547874.zip,東,2026-10-09T14:36
140120261007547358,2026-10-09T14:00,8127,ヤマトインター,2026年8月期 決算短信〔日本基準〕（連結）,earnings_report,False,,,,,,https://www.release.tdnet.info/inbs/140120261007547358.pdf,https://www.release.tdnet.info/inbs/081220261007547358.zip,東,2026-10-09T14:36
140120261009548412,2026-10-09T13:00,6908,イリソ電子工業,2026年3月期決算補足資料,earnings_presentation,False,,,,,,https://www.release.tdnet.info/inbs/140120261009548412.pdf,,東,2026-10-09T14:36
140120261006546606,2026-10-09T13:00,9835,ジュンテンド,2027年２月期第２四半期決算補足説明資料,earnings_presentation,False,,,,,,https://www.release.tdnet.info/inbs/140120261006546606.pdf,,東,2026-10-09T14:36
140120261006546604,2026-10-09T13:00,9835,ジュンテンド,2027年２月期第２四半期（中間期）業績予想と実績の差異に関するお知らせ,actual_vs_forecast,False,,,,,,https://www.release.tdnet.info/inbs/140120261006546604.pdf,,東,2026-10-09T14:36
140120261006546579,2026-10-09T13:00,9835,ジュンテンド,2027年２月期　第２四半期（中間期）決算短信〔日本基準〕,earnings_report,False,,,,,,https://www.release.tdnet.info/inbs/140120261006546579.pdf,https://www.release.tdnet.info/inbs/081220261006546579.zip,東,2026-10-09T14:36
140120261008548288,2026-10-09T12:00,3048,ビックカメラ,剰余金の配当（増配）に関するお知らせ,dividend_revision,False,up,,,,,https://www.release.tdnet.info/inbs/140120261008548288.pdf,,東,2026-10-09T14:36
140120261008548252,2026-10-09T12:00,3048,ビックカメラ,2026年８月期 決算短信〔日本基準〕（連結）,earnings_report,False,,,,,,https://www.release.tdnet.info/inbs/140120261008548252.pdf,https://www.release.tdnet.info/inbs/081220261008548252.zip,東,2026-10-09T14:36
140120261008547659,2026-10-09T12:00,4440,ヴィッツ,2026年８月期  決算短信〔日本基準〕（連結）,earnings_report,False,,,,,,https://www.release.tdnet.info/inbs/140120261008547659.pdf,https://www.release.tdnet.info/inbs/081220261008547659.zip,東,2026-10-09T14:36
140120261001544135,2026-10-09T12:00,9381,エーアイテイー,2027年2月期　第2四半期（中間期）決算短信〔日本基準〕(連結),earnings_report,False,,,,,,https://www.release.tdnet.info/inbs/140120261001544135.pdf,https://www.release.tdnet.info/inbs/081220261001544135.zip,東,2026-10-09T14:36
140120261009548313,2026-10-09T11:00,6255,Ｇ－ＮＰＣ,2026年8月期 決算説明会資料,earnings_presentation,False,,,,,,https://www.release.tdnet.info/inbs/140120261009548313.pdf,,東,2026-10-09T14:36
140120261006546880,2026-10-08T18:25,4763,Ｃ＆Ｒ社,2027年２月期 第２四半期（中間期） 決算説明会資料,earnings_presentation,False,,,,,,https://www.release.tdnet.info/inbs/140120261006546880.pdf,,東,2026-10-09T14:36
140120261007547508,2026-10-08T17:00,7137,Ｐ－グラントマト,(訂正)適時開示書類「通期業績予想の修正(下方修正)に関するお知らせ」の一部訂正,forecast_revision,True,down,,,,,https://www.release.tdnet.info/inbs/140120261007547508.pdf,,東,2026-10-09T14:36
140120261007547504,2026-10-08T17:00,7137,Ｐ－グラントマト,2026年８月期　決算短信〔日本基準〕（非連結）,earnings_report,False,,,,,,https://www.release.tdnet.info/inbs/140120261007547504.pdf,,東,2026-10-09T14:36
140120261008548015,2026-10-08T16:30,4543,テルモ,主要取引先との供給契約の解除に伴う損失等の計上、および2027年3月期通期連結業績予想の修正に関するお知らせ,forecast_revision,False,down,OperatingIncomeIFRS,-37.9,CurrentYearDuration,"{""NetSalesIFRS"": -0.8, ""OperatingIncomeIFRS"": -37.9, ""ProfitAttributableToOwnersOfParentIFRS"": -37.9}",https://www.release.tdnet.info/inbs/140120261008548015.pdf,https://www.release.tdnet.info/inbs/091220261008548015.zip,東,2026-10-09T14:36
140120261008547896,2026-10-08T16:30,2687,ＣＶＳベイ,業績予想の修正に関するお知らせ,forecast_revision,False,down,OperatingIncome,-25.4,CurrentYearDuration,"{""GrossOperatingRevenues"": 0.8, ""OperatingIncome"": -25.4, ""OrdinaryIncome"": -34.6, ""ProfitAttributableToOwnersOfParent"": -32.7}",https://www.release.tdnet.info/inbs/140120261008547896.pdf,https://www.release.tdnet.info/inbs/091220261008547896.zip,東,2026-10-09T14:36
140120261008547947,2026-10-08T16:00,8918,ランド,2027年２月期 第２四半期（中間期）決算短信〔日本基準〕（連結）,earnings_report,False,,,,,,https://www.release.tdnet.info/inbs/140120261008547947.pdf,https://www.release.tdnet.info/inbs/081220261008547947.zip,東,2026-10-09T14:36
140120261008547781,2026-10-08T16:00,9861,吉野家ＨＤ,2027年2月期第2四半期（中間期）決算短信〔日本基準〕(連結),earnings_report,False,,,,,,https://www.release.tdnet.info/inbs/140120261008547781.pdf,https://www.release.tdnet.info/inbs/081220261008547781.zip,東,2026-10-09T14:36
140120261008547756,2026-10-08T16:00,9861,吉野家ＨＤ,剰余金の配当（中間配当の増配）および配当予想の修正に関するお知らせ,dividend_revision,False,up,,,,,https://www.release.tdnet.info/inbs/140120261008547756.pdf,,東,2026-10-09T14:36
140120261008547737,2026-10-08T16:00,9861,吉野家ＨＤ,2027年２月期 第２四半期（中間期)の連結業績予想と実績との差異および通期連結業績予想の修正に関するお知らせ,forecast_revision,False,,,,,,https://www.release.tdnet.info/inbs/140120261008547737.pdf,,東,2026-10-09T14:36
140120261008547656,2026-10-08T16:00,4918,アイビー,業績予想の修正に関するお知らせ,forecast_revision,False,up,OperatingIncome,18.1,CurrentYearDuration,"{""NetIncome"": 16.0, ""NetSales"": 3.5, ""OperatingIncome"": 18.1, ""OrdinaryIncome"": 18.1}",https://www.release.tdnet.info/inbs/140120261008547656.pdf,https://www.release.tdnet.info/inbs/091220261008547656.zip,東,2026-10-09T14:36
140120261007547527,2026-10-08T16:00,7544,スリーエフ,2027年２月期 第２四半期（中間期）決算補足資料（連結）,earnings_presentation,False,,,,,,https://www.release.tdnet.info/inbs/140120261007547527.pdf,,東,2026-10-09T14:36
140120261007547469,2026-10-08T16:00,7544,スリーエフ,2027年２月期 第２四半期（中間期）決算短信〔日本基準〕（連結）,earnings_report,False,,,,,,https://www.release.tdnet.info/inbs/140120261007547469.pdf,https://www.release.tdnet.info/inbs/081220261007547469.zip,東,2026-10-09T14:36
140120261007547390,2026-10-08T16:00,8125,ワキタ,2027年２月期 第２四半期（中間期）決算短信〔日本基準〕（連結）,earnings_report,False,,,,,,https://www.release.tdnet.info/inbs/140120261007547390.pdf,https://www.release.tdnet.info/inbs/081220261007547390.zip,東,2026-10-09T14:36
140120261007547258,2026-10-08T16:00,9765,オオバ,2027年５月期  第１四半期決算短信〔日本基準〕（連結）,earnings_report,False,,,,,,https://www.release.tdnet.info/inbs/140120261007547258.pdf,https://www.release.tdnet.info/inbs/081220261007547258.zip,東,2026-10-09T14:36
140120261006546777,2026-10-08T16:00,3907,シリコンスタジオ,2026年11月期 通期業績予想の修正に関するお知らせ,forecast_revision,False,,,,,,https://www.release.tdnet.info/inbs/140120261006546777.pdf,,東,2026-10-09T14:36
140120261006546765,2026-10-08T16:00,3907,シリコンスタジオ,2026年11月期 第３四半期決算補足説明資料,earnings_presentation,False,,,,,,https://www.release.tdnet.info/inbs/140120261006546765.pdf,,東,2026-10-09T14:36
140120261006546736,2026-10-08T16:00,3907,シリコンスタジオ,2026年11月期 第３四半期決算短信〔日本基準〕(非連結),earnings_report,False,,,,,,https://www.release.tdnet.info/inbs/140120261006546736.pdf,https://www.release.tdnet.info/inbs/081220261006546736.zip,東,2026-10-09T14:36
140120261008547876,2026-10-08T15:31,9983,ファーストリテ,2026年８月期の配当予想の修正に関するお知らせ,dividend_revision,False,,,,,,https://www.release.tdnet.info/inbs/140120261008547876.pdf,,東,2026-10-09T14:36
140120261008547647,2026-10-08T15:31,9983,ファーストリテ,2026年８月期 決算短信〔ＩＦＲＳ会計基準〕（連結）,earnings_report,False,,,,,,https://www.release.tdnet.info/inbs/140120261008547647.pdf,https://www.release.tdnet.info/inbs/081220261008547647.zip,東,2026-10-09T14:36
140120261008548014,2026-10-08T15:30,7649,スギＨＤ,業績予想の修正に関するお知らせ,forecast_revision,False,,,,,,https://www.release.tdnet.info/inbs/140120261008548014.pdf,,東名,2026-10-09T14:36
140120261008547993,2026-10-08T15:30,6323,ローツェ,2027年2月期（第42期）第2四半期　決算説明資料,earnings_presentation,False,,,,,,https://www.release.tdnet.info/inbs/140120261008547993.pdf,,東,2026-10-09T14:36
140120261008547872,2026-10-08T15:30,4728,トーセ,2026年８月期　決算短信〔日本基準〕（連結）,earnings_report,False,,,,,,https://www.release.tdnet.info/inbs/140120261008547872.pdf,https://www.release.tdnet.info/inbs/081220261008547872.zip,東,2026-10-09T14:36
140120261008547853,2026-10-08T15:30,3627,テクミラ,2027年２月期第２四半期（中間期）の連結業績予想の修正に関するお知らせ,forecast_revision,False,up,OrdinaryIncome,132.0,CurrentAccumulatedQ2Duration,"{""NetIncome"": 21.4, ""NetSales"": 5.9, ""OrdinaryIncome"": 132.0}",https://www.release.tdnet.info/inbs/140120261008547853.pdf,https://www.release.tdnet.info/inbs/091220261008547853.zip,東,2026-10-09T14:36
140120261008547741,2026-10-08T15:30,3490,アズ企画設計,2027年2月期 第2四半期（中間期）決算短信〔日本基準〕（連結）,earnings_report,False,,,,,,https://www.release.tdnet.info/inbs/140120261008547741.pdf,https://www.release.tdnet.info/inbs/081220261008547741.zip,東,2026-10-09T14:36
140120261008547697,2026-10-08T15:30,3490,アズ企画設計,2027年2月期第2四半期決算補足説明資料,earnings_presentation,False,,,,,,https://www.release.tdnet.info/inbs/140120261008547697.pdf,,東,2026-10-09T14:36
140120261008547664,2026-10-08T15:30,8016,オンワードＨＤ,2027年２月期(2026年度)上期決算説明資料,earnings_presentation,False,,,,,,https://www.release.tdnet.info/inbs/140120261008547664.pdf,,東,2026-10-09T14:36
140120261007547585,2026-10-08T15:30,7818,トランザクション,通期業績予想の修正及び配当予想の修正（増配）に関するお知らせ,forecast_dividend_revision,False,up,OperatingIncome,1.6,CurrentYearDuration,"{""NetSales"": 5.1, ""OperatingIncome"": 1.6, ""OrdinaryIncome"": 2.2, ""ProfitAttributableToOwnersOfParent"": 5.6}",https://www.release.tdnet.info/inbs/140120261007547585.pdf,https://www.release.tdnet.info/inbs/091220261007547585.zip,東,2026-10-09T14:36
140120261007547550,2026-10-08T15:30,4825,ＷＮＩウェザー,2027年５月期 第１四半期 決算説明資料,earnings_presentation,False,,,,,,https://www.release.tdnet.info/inbs/140120261007547550.pdf,,東,2026-10-09T14:36
140120261007547547,2026-10-08T15:30,4825,ＷＮＩウェザー,2027年５月期 第１四半期決算短信〔日本基準〕（連結）,earnings_report,False,,,,,,https://www.release.tdnet.info/inbs/140120261007547547.pdf,https://www.release.tdnet.info/inbs/081220261007547547.zip,東,2026-10-09T14:36
140120261007547515,2026-10-08T15:30,3382,７＆ｉＨＤ,2027年2月期 第2四半期（中間期）決算説明資料,earnings_presentation,False,,,,,,https://www.release.tdnet.info/inbs/140120261007547515.pdf,,東,2026-10-09T14:36
140120261007547498,2026-10-08T15:30,6323,ローツェ,通期連結業績予想の修正及び配当予想の修正に関するお知らせ,forecast_dividend_revision,False,,,,,,https://www.release.tdnet.info/inbs/140120261007547498.pdf,,東,2026-10-09T14:36
140120261007547497,2026-10-08T15:30,3382,７＆ｉＨＤ,2027年2月期 第2四半期（中間期）決算補足資料,earnings_presentation,False,,,,,,https://www.release.tdnet.info/inbs/140120261007547497.pdf,,東,2026-10-09T14:36
140120261007547481,2026-10-08T15:30,6323,ローツェ,2027年2月期 第2四半期（中間期）決算短信〔日本基準〕(連結),earnings_report,False,,,,,,https://www.release.tdnet.info/inbs/140120261007547481.pdf,https://www.release.tdnet.info/inbs/081220261007547481.zip,東,2026-10-09T14:36
140120261007547479,2026-10-08T15:30,9946,ミニストップ,2027年２月期 通期連結業績予想の修正に関するお知らせ,forecast_revision,False,down,OperatingIncome,-286.7,CurrentYearDuration,"{""GrossOperatingRevenues"": 0.0, ""OperatingIncome"": -286.7, ""OrdinaryIncome"": -221.1, ""ProfitAttributableToOwnersOfParent"": -5100.0}",https://www.release.tdnet.info/inbs/140120261007547479.pdf,https://www.release.tdnet.info/inbs/091220261007547479.zip,東,2026-10-09T14:36
140120261007547468,2026-10-08T15:30,9716,乃村工芸,2027年２月期 第２四半期（中間期）決算説明資料,earnings_presentation,False,,,,,,https://www.release.tdnet.info/inbs/140120261007547468.pdf,,東,2026-10-09T14:36
140120261007547466,2026-10-08T15:30,9946,ミニストップ,2027年2月期第２四半期決算短信補足,earnings_presentation,False,,,,,,https://www.release.tdnet.info/inbs/140120261007547466.pdf,,東,2026-10-09T14:36
140120261007547464,2026-10-08T15:30,9716,乃村工芸,2027年２月期 第２四半期（中間期）決算短信〔日本基準〕（連結）,earnings_report,False,,,,,,https://www.release.tdnet.info/inbs/140120261007547464.pdf,https://www.release.tdnet.info/inbs/081220261007547464.zip,東,2026-10-09T14:36
140120261007547463,2026-10-08T15:30,9946,ミニストップ,2027年２月期第２四半期（中間期）決算短信〔日本基準〕(連結),earnings_report,False,,,,,,https://www.release.tdnet.info/inbs/140120261007547463.pdf,https://www.release.tdnet.info/inbs/081220261007547463.zip,東,2026-10-09T14:36
140120261007547460,2026-10-08T15:30,3382,７＆ｉＨＤ,2027年2月期 第2四半期（中間期）決算短信〔日本基準〕（連結）,earnings_report,False,,,,,,https://www.release.tdnet.info/inbs/140120261007547460.pdf,https://www.release.tdnet.info/inbs/081220261007547460.zip,東,2026-10-09T14:36
140120261007547446,2026-10-08T15:30,7513,コジマ,剰余金の配当（増配）に関するお知らせ,dividend_revision,False,up,,,,,https://www.release.tdnet.info/inbs/140120261007547446.pdf,,東,2026-10-09T14:36
140120261007547442,2026-10-08T15:30,7513,コジマ,2026年８月期 決算補足説明資料,earnings_presentation,False,,,,,,https://www.release.tdnet.info/inbs/140120261007547442.pdf,,東,2026-10-09T14:36
140120261007547260,2026-10-08T15:30,8016,オンワードＨＤ,2027年２月期 第２四半期（中間期）決算短信〔日本基準〕(連結),earnings_report,False,,,,,,https://www.release.tdnet.info/inbs/140120261007547260.pdf,https://www.release.tdnet.info/inbs/081220261007547260.zip,東,2026-10-09T14:36
140120261007547248,2026-10-08T15:30,9414,日本ＢＳ放送,2026年８月期 決算短信〔日本基準〕(連結),earnings_report,False,,,,,,https://www.release.tdnet.info/inbs/140120261007547248.pdf,https://www.release.tdnet.info/inbs/081220261007547248.zip,東,2026-10-09T14:36
140120261007547224,2026-10-08T15:30,4317,レイ,業績予想の修正に関するお知らせ,forecast_revision,False,up,OperatingIncome,20.0,CurrentYearDuration,"{""NetSales"": 3.9, ""OperatingIncome"": 20.0, ""OrdinaryIncome"": 18.2, ""ProfitAttributableToOwnersOfParent"": 15.9}",https://www.release.tdnet.info/inbs/140120261007547224.pdf,https://www.release.tdnet.info/inbs/091220261007547224.zip,東,2026-10-09T14:36
140120261007547180,2026-10-08T15:30,9720,ニューグランド,2026年11月期 第３四半期決算短信〔日本基準〕（非連結）,earnings_report,False,,,,,,https://www.release.tdnet.info/inbs/140120261007547180.pdf,https://www.release.tdnet.info/inbs/081220261007547180.zip,東,2026-10-09T14:36
140120261007547096,2026-10-08T15:30,4361,川口化,配当予想の修正（増配）に関するお知らせ,dividend_revision,False,up,,,,,https://www.release.tdnet.info/inbs/140120261007547096.pdf,,東名,2026-10-09T14:36
140120261007547093,2026-10-08T15:30,4361,川口化,2026年11月期通期連結業績予想に関するお知らせ,forecast_initial,False,,,,,,https://www.release.tdnet.info/inbs/140120261007547093.pdf,,東名,2026-10-09T14:36
140120261007547084,2026-10-08T15:30,4361,川口化,2026年11月期 第３四半期決算短信〔日本基準〕(連結),earnings_report,False,,,,,,https://www.release.tdnet.info/inbs/140120261007547084.pdf,https://www.release.tdnet.info/inbs/081220261007547084.zip,東名,2026-10-09T14:36
140120261007547082,2026-10-08T15:30,2809,キユーピー,2026年11月期 第3四半期決算補足説明資料,earnings_presentation,False,,,,,,https://www.release.tdnet.info/inbs/140120261007547082.pdf,,東,2026-10-09T14:36
140120261007547060,2026-10-08T15:30,8016,オンワードＨＤ,配当予想の修正(創業100周年記念配当の実施)に関するお知らせ,dividend_revision,False,,,,,,https://www.release.tdnet.info/inbs/140120261007547060.pdf,https://www.release.tdnet.info/inbs/091220261007547060.zip,東,2026-10-09T14:36
140120261007547023,2026-10-08T15:30,9903,カンセキ,2027年２月期第２四半期（中間期）決算短信〔日本基準〕(非連結),earnings_report,False,,,,,,https://www.release.tdnet.info/inbs/140120261007547023.pdf,https://www.release.tdnet.info/inbs/081220261007547023.zip,東,2026-10-09T14:36
140120261006546903,2026-10-08T15:30,4763,Ｃ＆Ｒ社,業績予想及び配当予想の修正（増配）に関するお知らせ,forecast_dividend_revision,False,up,OperatingIncome,3.7,CurrentYearDuration,"{""NetIncome"": 2.9, ""NetSales"": 0.8, ""OperatingIncome"": 3.7, ""OrdinaryIncome"": 3.7}",https://www.release.tdnet.info/inbs/140120261006546903.pdf,https://www.release.tdnet.info/inbs/091220261006546903.zip,東,2026-10-09T14:36
140120261006546901,2026-10-08T15:30,4763,Ｃ＆Ｒ社,2027年２月期第２四半期（中間期）連結業績予想と実績値との差異に関するお知らせ,actual_vs_forecast,False,,,,,,https://www.release.tdnet.info/inbs/140120261006546901.pdf,,東,2026-10-09T14:36
140120261006546876,2026-10-08T15:30,4763,Ｃ＆Ｒ社,2027年２月期 第２四半期（中間期）決算短信〔日本基準〕（連結）,earnings_report,False,,,,,,https://www.release.tdnet.info/inbs/140120261006546876.pdf,https://www.release.tdnet.info/inbs/081220261006546876.zip,東,2026-10-09T14:36
140120261006546386,2026-10-08T15:30,2408,ＫＧ情報,2026年12月期第３四半期決算短信〔日本基準〕(連結),earnings_report,False,,,,,,https://www.release.tdnet.info/inbs/140120261006546386.pdf,https://www.release.tdnet.info/inbs/081220261006546386.zip,東,2026-10-09T14:36
140120261005546139,2026-10-08T15:30,2809,キユーピー,2026年11月期 第3四半期決算短信〔日本基準〕（連結）,earnings_report,False,,,,,,https://www.release.tdnet.info/inbs/140120261005546139.pdf,https://www.release.tdnet.info/inbs/081220261005546139.zip,東,2026-10-09T14:36
140120260929541936,2026-10-08T15:30,7487,小津産業,2027年５月期　第１四半期決算説明資料,earnings_presentation,False,,,,,,https://www.release.tdnet.info/inbs/140120260929541936.pdf,,東,2026-10-09T14:36
140120260929541858,2026-10-08T15:30,7487,小津産業,2027年５月期　第１四半期決算短信〔日本基準〕（連結）,earnings_report,False,,,,,,https://www.release.tdnet.info/inbs/140120260929541858.pdf,https://www.release.tdnet.info/inbs/081220260929541858.zip,東,2026-10-09T14:36
140120260929541653,2026-10-08T15:30,7649,スギＨＤ,2027年２月期 第２四半期（中間期）決算短信〔日本基準〕（連結）,earnings_report,False,,,,,,https://www.release.tdnet.info/inbs/140120260929541653.pdf,https://www.release.tdnet.info/inbs/081220260929541653.zip,東名,2026-10-09T14:36
140120260925540271,2026-10-08T15:30,3824,Ｑ－メディア５,2027年５月期第１四半期決算短信〔日本基準〕（非連結）,earnings_report,False,,,,,,https://www.release.tdnet.info/inbs/140120260925540271.pdf,https://www.release.tdnet.info/inbs/081220260925540271.zip,福,2026-10-09T14:36
140120260924539741,2026-10-08T15:30,7513,コジマ,2026年８月期 決算短信〔日本基準〕（非連結）,earnings_report,False,,,,,,https://www.release.tdnet.info/inbs/140120260924539741.pdf,https://www.release.tdnet.info/inbs/081220260924539741.zip,東,2026-10-09T14:36
140120260924539705,2026-10-08T15:30,2341,アルバイトタイ,2027年２月期第２四半期（中間期）決算短信〔日本基準〕(連結),earnings_report,False,,,,,,https://www.release.tdnet.info/inbs/140120260924539705.pdf,https://www.release.tdnet.info/inbs/081220260924539705.zip,東,2026-10-09T14:36
140120261007547436,2026-10-08T15:00,8278,フジ,2027年２月期　第２四半期（中間期）決算補足資料,earnings_presentation,False,,,,,,https://www.release.tdnet.info/inbs/140120261007547436.pdf,,東,2026-10-09T14:36
140120261007547428,2026-10-08T15:00,8278,フジ,2027年２月期　第２四半期（中間期）決算短信〔日本基準〕（連結）,earnings_report,False,,,,,,https://www.release.tdnet.info/inbs/140120261007547428.pdf,https://www.release.tdnet.info/inbs/081220261007547428.zip,東,2026-10-09T14:36
140120261007547311,2026-10-08T15:00,9857,英和,2027年３月期第２四半期(中間期)及び通期業績予想の修正に関するお知らせ,forecast_revision,False,up,OperatingIncome,9.8,CurrentYearDuration,"{""NetIncome"": 8.1, ""NetSales"": 3.1, ""OperatingIncome"": 9.8, ""OrdinaryIncome"": 10.3}",https://www.release.tdnet.info/inbs/140120261007547311.pdf,https://www.release.tdnet.info/inbs/091220261007547311.zip,東,2026-10-09T14:36
140120260923539078,2026-10-08T15:00,8203,ＭｒＭａｘＨＤ,2027年2月期　第2四半期（中間期）決算短信〔日本基準〕（連結）,earnings_report,False,,,,,,https://www.release.tdnet.info/inbs/140120260923539078.pdf,https://www.release.tdnet.info/inbs/081220260923539078.zip,東福,2026-10-09T14:36
140120261007547290,2026-10-08T14:00,4995,サンケイ化,2026年11月期　第３四半期決算短信〔日本基準〕（連結）,earnings_report,False,,,,,,https://www.release.tdnet.info/inbs/140120261007547290.pdf,https://www.release.tdnet.info/inbs/081220261007547290.zip,福,2026-10-09T14:36
140120261006546678,2026-10-08T14:00,2303,ドーン,2027年５月期第１四半期決算短信〔日本基準〕(非連結),earnings_report,False,,,,,,https://www.release.tdnet.info/inbs/140120261006546678.pdf,https://www.release.tdnet.info/inbs/081220261006546678.zip,東,2026-10-09T14:36
140120261001544866,2026-10-08T11:30,8194,ライフコーポ,2027年２月期　第２四半期（中間期）決算短信〔日本基準〕（連結）,earnings_report,False,,,,,,https://www.release.tdnet.info/inbs/140120261001544866.pdf,https://www.release.tdnet.info/inbs/081220261001544866.zip,東,2026-10-09T14:36
140120261008547742,2026-10-08T11:00,513A,ＧＸ防衛テック日株,2026年8月期（2026年2月24日～2026年8月24日）決算短信,earnings_report,False,,,,,,https://www.release.tdnet.info/inbs/140120261008547742.pdf,,東,2026-10-09T14:36
140120261008547739,2026-10-08T11:00,512A,ＧＸステコ＆トークン,2026年8月期（2026年2月24日～2026年8月24日）決算短信,earnings_report,False,,,,,,https://www.release.tdnet.info/inbs/140120261008547739.pdf,,東,2026-10-09T14:36
140120261008547734,2026-10-08T11:00,234A,ＧＸＣＦキング日株,2026年8月期（2026年2月25日～2026年8月24日）決算短信,earnings_report,False,,,,,,https://www.release.tdnet.info/inbs/140120261008547734.pdf,,東,2026-10-09T14:36
140120261008547731,2026-10-08T11:00,180A,ＧＸ超長期米国債,2026年8月期（2026年2月25日～2026年8月24日）決算短信,earnings_report,False,,,,,,https://www.release.tdnet.info/inbs/140120261008547731.pdf,,東,2026-10-09T14:36
140120261008547727,2026-10-08T11:00,235A,ＧＸ高配当３０日株,2026年8月期（2026年2月25日～2026年8月24日）決算短信,earnings_report,False,,,,,,https://www.release.tdnet.info/inbs/140120261008547727.pdf,,東,2026-10-09T14:36
140120261008547725,2026-10-08T11:00,179A,ＧＸ超長期米国債Ｈ,2026年8月期（2026年2月25日～2026年8月24日）決算短信,earnings_report,False,,,,,,https://www.release.tdnet.info/inbs/140120261008547725.pdf,,東,2026-10-09T14:36
140120261008547698,2026-10-08T11:00,2864,ＧＸロジリート,2026年8月期（2026年2月25日～2026年8月24日）決算短信,earnings_report,False,,,,,,https://www.release.tdnet.info/inbs/140120261008547698.pdf,,東,2026-10-09T14:36
140120261002545190,2026-10-07T17:00,4920,日本色材,業績予想の修正に関するお知らせ,forecast_revision,False,down,OperatingIncome,-33.6,CurrentYearDuration,"{""NetSales"": -0.2, ""OperatingIncome"": -33.6, ""OrdinaryIncome"": -57.9, ""ProfitAttributableToOwnersOfParent"": -46.8}",https://www.release.tdnet.info/inbs/140120261002545190.pdf,https://www.release.tdnet.info/inbs/091220261002545190.zip,東名,2026-10-09T14:36
140120261007547344,2026-10-07T16:00,428A,サイプレスＨＤ,2026年８月期 決算短信〔ＩＦＲＳ〕（連結）,earnings_report,False,,,,,,https://www.release.tdnet.info/inbs/140120261007547344.pdf,https://www.release.tdnet.info/inbs/081220261007547344.zip,東,2026-10-09T14:36
140120261006546499,2026-10-07T16:00,6407,ＣＫＤ,2027年３月期第１四半期決算短信〔日本基準〕（連結）（公認会計士等による期中レビューの完了）,earnings_report,False,,,,,,https://www.release.tdnet.info/inbs/140120261006546499.pdf,https://www.release.tdnet.info/inbs/081220261006546499.zip,東名,2026-10-09T14:36
140120261007547263,2026-10-07T15:30,218A,Ｇ－リベラウェア,（訂正・数値データ訂正） 「2026 年７月期 決算短信〔日本基準〕（連結）」の一部訂正について,earnings_report,True,,,,,,https://www.release.tdnet.info/inbs/140120261007547263.pdf,https://www.release.tdnet.info/inbs/081220261007547263.zip,東,2026-10-09T14:36
140120261007547251,2026-10-07T15:30,8166,タカキュー,2027年2期 第2四半期決算説明資料,earnings_presentation,False,,,,,,https://www.release.tdnet.info/inbs/140120261007547251.pdf,,東,2026-10-09T14:36
140120261007547192,2026-10-07T15:30,6093,ミトラＧ,2027年２月期第２四半期 決算説明資料,earnings_presentation,False,,,,,,https://www.release.tdnet.info/inbs/140120261007547192.pdf,,東,2026-10-09T14:36
140120261007547190,2026-10-07T15:30,6093,ミトラＧ,2027年２月期 第２四半期（中間期）連結業績予想と実績との差異に関するお知らせ,actual_vs_forecast,False,,,,,,https://www.release.tdnet.info/inbs/140120261007547190.pdf,,東,2026-10-09T14:36
140120261007547128,2026-10-07T15:30,6255,Ｇ－ＮＰＣ,2026年8月期 決算短信〔日本基準〕（連結）,earnings_report,False,,,,,,https://www.release.tdnet.info/inbs/140120261007547128.pdf,https://www.release.tdnet.info/inbs/081220261007547128.zip,東,2026-10-09T14:36
140120261007547046,2026-10-07T15:30,6093,ミトラＧ,2027年２月期 第２四半期（中間期）決算短信〔日本基準〕(連結),earnings_report,False,,,,,,https://www.release.tdnet.info/inbs/140120261007547046.pdf,https://www.release.tdnet.info/inbs/081220261007547046.zip,東,2026-10-09T14:36
140120261007547015,2026-10-07T15:30,7137,Ｐ－グラントマト,剰余金の配当（期末配当無配）に関するお知らせ,dividend_revision,False,down,,,,,https://www.release.tdnet.info/inbs/140120261007547015.pdf,,東,2026-10-09T14:36
140120261007547002,2026-10-07T15:30,7137,Ｐ－グラントマト,通期業績予想の修正（下方修正）に関するお知らせ,forecast_revision,False,down,,,,,https://www.release.tdnet.info/inbs/140120261007547002.pdf,,東,2026-10-09T14:36
140120261007546971,2026-10-07T15:30,3723,Ｇ－ファルコム,業績予想の修正に関するお知らせ,forecast_revision,False,up,OperatingIncome,27.2,CurrentYearDuration,"{""NetIncome"": 26.6, ""NetSales"": 19.4, ""OperatingIncome"": 27.2, ""OrdinaryIncome"": 27.2}",https://www.release.tdnet.info/inbs/140120261007546971.pdf,https://www.release.tdnet.info/inbs/091220261007546971.zip,東,2026-10-09T14:36
140120261006546950,2026-10-07T15:30,3723,Ｇ－ファルコム,"配当予想の修正（増配及び「軌跡シリーズ1,000万本突破」記念配当）に関するお知らせ",dividend_revision,False,up,,,,,https://www.release.tdnet.info/inbs/140120261006546950.pdf,https://www.release.tdnet.info/inbs/091220261006546950.zip,東,2026-10-09T14:36
140120261006546869,2026-10-07T15:30,2918,わらべや,通期連結業績予想の修正に関するお知らせ,forecast_revision,False,,,,,,https://www.release.tdnet.info/inbs/140120261006546869.pdf,,東,2026-10-09T14:36
140120261006546868,2026-10-07T15:30,2918,わらべや,2027年２月期　第２四半期　決算説明資料,earnings_presentation,False,,,,,,https://www.release.tdnet.info/inbs/140120261006546868.pdf,,東,2026-10-09T14:36
140120261006546861,2026-10-07T15:30,2918,わらべや,2027年２月期  第２四半期（中間期）決算短信〔日本基準〕（連結）,earnings_report,False,,,,,,https://www.release.tdnet.info/inbs/140120261006546861.pdf,https://www.release.tdnet.info/inbs/081220261006546861.zip,東,2026-10-09T14:36
140120261006546840,2026-10-07T15:30,8166,タカキュー,2027年2月期 第２四半期(中間期)決算補足資料,earnings_presentation,False,,,,,,https://www.release.tdnet.info/inbs/140120261006546840.pdf,,東,2026-10-09T14:36
140120261006546823,2026-10-07T15:30,2670,ＡＢＣマート,2027年２月期第２四半期（中間期）決算短信〔日本基準〕(連結),earnings_report,False,,,,,,https://www.release.tdnet.info/inbs/140120261006546823.pdf,https://www.release.tdnet.info/inbs/081220261006546823.zip,東,2026-10-09T14:36
140120261006546809,2026-10-07T15:30,2341,アルバイトタイ,2027年２月期通期連結業績予想の修正に関するお知らせ,forecast_revision,False,flat,OperatingIncome,0.0,CurrentYearDuration,"{""NetSales"": 0.0, ""OperatingIncome"": 0.0, ""OrdinaryIncome"": 0.0, ""ProfitAttributableToOwnersOfParent"": 20.3}",https://www.release.tdnet.info/inbs/140120261006546809.pdf,https://www.release.tdnet.info/inbs/091220261006546809.zip,東,2026-10-09T14:36
140120261006546807,2026-10-07T15:30,3391,ツルハＨＤ,2027年２月期 第２四半期（中間期）決算短信〔日本基準〕（連結）,earnings_report,False,,,,,,https://www.release.tdnet.info/inbs/140120261006546807.pdf,https://www.release.tdnet.info/inbs/081220261006546807.zip,東,2026-10-09T14:36
140120261006546783,2026-10-07T15:30,2670,ＡＢＣマート,業績予想の修正に関するお知らせ,forecast_revision,False,up,OperatingIncome,2.4,CurrentYearDuration,"{""NetSales"": 0.5, ""OperatingIncome"": 2.4, ""OrdinaryIncome"": 3.6, ""ProfitAttributableToOwnersOfParent"": 2.8}",https://www.release.tdnet.info/inbs/140120261006546783.pdf,https://www.release.tdnet.info/inbs/091220261006546783.zip,東,2026-10-09T14:36
140120261006546683,2026-10-07T15:30,4416,Ｇ－ＴｒｕｅＤａｔａ,株式会社コスモネットの完全子会社化に関する補足説明資料,earnings_presentation,False,,,,,,https://www.release.tdnet.info/inbs/140120261006546683.pdf,,東,2026-10-09T14:36
140120261006546371,2026-10-07T15:30,5932,三協立山,2027年5月期 第1四半期 決算説明資料,earnings_presentation,False,,,,,,https://www.release.tdnet.info/inbs/140120261006546371.pdf,,東,2026-10-09T14:36
140120261006546368,2026-10-07T15:30,9846,天満屋ス,2027年2月期　第2四半期（中間期）決算短信〔日本基準〕（連結）,earnings_report,False,,,,,,https://www.release.tdnet.info/inbs/140120261006546368.pdf,https://www.release.tdnet.info/inbs/081220261006546368.zip,東,2026-10-09T14:36
140120261006546363,2026-10-07T15:30,5932,三協立山,2027年5月期 第1四半期決算短信〔日本基準〕(連結),earnings_report,False,,,,,,https://www.release.tdnet.info/inbs/140120261006546363.pdf,https://www.release.tdnet.info/inbs/081220261006546363.zip,東,2026-10-09T14:36
140120261002545176,2026-10-07T15:30,8166,タカキュー,2027年2月期　第2四半期(中間期)決算短信〔日本基準〕（非連結）,earnings_report,False,,,,,,https://www.release.tdnet.info/inbs/140120261002545176.pdf,https://www.release.tdnet.info/inbs/081220261002545176.zip,東,2026-10-09T14:36
140120261006546850,2026-10-06T18:00,3498,霞ヶ関キャピタル,2026年8月期　決算説明資料,earnings_presentation,False,,,,,,https://www.release.tdnet.info/inbs/140120261006546850.pdf,,東,2026-10-09T14:36
140120261006546648,2026-10-06T17:00,402A,Ｇ－アクセルスペース,小型衛星「GRUS-3」の不具合ならびに2027年５月期　通期業績予想の修正に関する補足説明資料,earnings_presentation,False,,,,,,https://www.release.tdnet.info/inbs/140120261006546648.pdf,,東,2026-10-09T14:36
140120261006546645,2026-10-06T17:00,402A,Ｇ－アクセルスペース,2027年５月期 通期業績予想の修正及び特別損失の計上に関するお知らせ,forecast_revision,False,down,OperatingIncome,-187.5,CurrentYearDuration,"{""NetSales"": -25.5, ""OperatingIncome"": -187.5, ""OrdinaryIncome"": -1033.3, ""ProfitAttributableToOwnersOfParent"": -1420.8}",https://www.release.tdnet.info/inbs/140120261006546645.pdf,https://www.release.tdnet.info/inbs/091220261006546645.zip,東,2026-10-09T14:36
140120261005546285,2026-10-06T16:30,2734,サーラ,2026年11月期 第３四半期決算短信〔日本基準〕（連結）,earnings_report,False,,,,,,https://www.release.tdnet.info/inbs/140120261005546285.pdf,https://www.release.tdnet.info/inbs/081220261005546285.zip,東名,2026-10-09T14:36
140120261006546735,2026-10-06T16:00,9444,トーシンＨＤ,2026年５月９日期首期 第１四半期決算短信の開示が期末後45日を超えたことに関するお知らせ,earnings_report,False,,,,,,https://www.release.tdnet.info/inbs/140120261006546735.pdf,,東,2026-10-09T14:36
140120261006546330,2026-10-06T16:00,6469,放電精密,2027 年２月期第２四半期（中間期）連結業績予想と実績との差異及び通期業績予想の修正並びに期末配当予想の修正（増配）に関するお知らせ,forecast_dividend_revision,False,up,,,,,https://www.release.tdnet.info/inbs/140120261006546330.pdf,,東,2026-10-09T14:36
140120261006546318,2026-10-06T16:00,6193,Ｇ－バーチャレクス,2027年３月期第２四半期（中間期）業績予想の修正に関するお知らせ,forecast_revision,False,up,OperatingIncome,175.0,CurrentAccumulatedQ2Duration,"{""NetSales"": 0.7, ""OperatingIncome"": 175.0, ""OrdinaryIncome"": 184.2, ""ProfitAttributableToOwnersOfParent"": 184.6}",https://www.release.tdnet.info/inbs/140120261006546318.pdf,https://www.release.tdnet.info/inbs/091220261006546318.zip,東,2026-10-09T14:36
140120261005546296,2026-10-06T16:00,9444,トーシンＨＤ,2026年５月９日期首期 第１四半期 決算短信〔日本基準〕（連結）,earnings_report,False,,,,,,https://www.release.tdnet.info/inbs/140120261005546296.pdf,https://www.release.tdnet.info/inbs/081220261005546296.zip,東,2026-10-09T14:36
140120261002545584,2026-10-06T16:00,6469,放電精密,2027年２月期 第２四半期（中間期）決算短信〔日本基準〕(連結),earnings_report,False,,,,,,https://www.release.tdnet.info/inbs/140120261002545584.pdf,https://www.release.tdnet.info/inbs/081220261002545584.zip,東,2026-10-09T14:36
140120261006546608,2026-10-06T15:30,5243,Ｇ－ｎｏｔｅ,2026年11月期第3四半期 決算説明資料,earnings_presentation,False,,,,,,https://www.release.tdnet.info/inbs/140120261006546608.pdf,,東,2026-10-09T14:36
140120261006546607,2026-10-06T15:30,5243,Ｇ－ｎｏｔｅ,2026年11月期第3四半期 決算短信〔日本基準〕（連結）,earnings_report,False,,,,,,https://www.release.tdnet.info/inbs/140120261006546607.pdf,https://www.release.tdnet.info/inbs/081220261006546607.zip,東,2026-10-09T14:36
140120261006546534,2026-10-06T15:30,7352,Ｇ－ＴＷＯＳＴＯＮＥ,連結業績予想の修正に関するお知らせ,forecast_revision,False,down,OperatingIncome,-38.8,CurrentYearDuration,"{""NetSales"": -9.8, ""OperatingIncome"": -38.8, ""OrdinaryIncome"": -35.9, ""ProfitAttributableToOwnersOfParent"": -35.1}",https://www.release.tdnet.info/inbs/140120261006546534.pdf,https://www.release.tdnet.info/inbs/091220261006546534.zip,東,2026-10-09T14:36
140120261006546338,2026-10-06T15:30,3396,フェリシモ,2027年2月期 第2四半期（中間期）決算短信〔日本基準〕（連結）,earnings_report,False,,,,,,https://www.release.tdnet.info/inbs/140120261006546338.pdf,https://www.release.tdnet.info/inbs/081220261006546338.zip,東,2026-10-09T14:36
140120261005546199,2026-10-06T15:30,6814,古野電気,第２四半期（中間期）連結業績予想の修正に関するお知らせ,forecast_revision,False,up,OperatingIncome,28.0,CurrentAccumulatedQ2Duration,"{""NetSales"": 5.1, ""OperatingIncome"": 28.0, ""OrdinaryIncome"": 37.0, ""ProfitAttributableToOwnersOfParent"": 23.8}",https://www.release.tdnet.info/inbs/140120261005546199.pdf,https://www.release.tdnet.info/inbs/091220261005546199.zip,東,2026-10-09T14:36
140120261005546065,2026-10-06T15:30,2726,パルグループＨＤ,2027年２月期 第２四半期（中間期）決算短信〔日本基準〕(連結),earnings_report,False,,,,,,https://www.release.tdnet.info/inbs/140120261005546065.pdf,https://www.release.tdnet.info/inbs/081220261005546065.zip,東,2026-10-09T14:36
140120261002544993,2026-10-06T15:30,6496,中北製作所,2027年５月期第１四半期決算短信〔日本基準〕（連結）,earnings_report,False,,,,,,https://www.release.tdnet.info/inbs/140120261002544993.pdf,https://www.release.tdnet.info/inbs/081220261002544993.zip,東,2026-10-09T14:36
140120260930543260,2026-10-06T15:30,1377,サカタのタネ,2027年５月期第１四半期決算短信補足説明資料,earnings_presentation,False,,,,,,https://www.release.tdnet.info/inbs/140120260930543260.pdf,,東,2026-10-09T14:36
140120260930543256,2026-10-06T15:30,1377,サカタのタネ,2027年５月期第１四半期決算短信[日本基準]（連結）,earnings_report,False,,,,,,https://www.release.tdnet.info/inbs/140120260930543256.pdf,https://www.release.tdnet.info/inbs/081220260930543256.zip,東,2026-10-09T14:36
140120260929542087,2026-10-06T15:30,4760,アルファ,通期業績予想の修正に関するお知らせ,forecast_revision,False,down,OperatingIncome,-37.3,CurrentYearDuration,"{""NetSales"": -3.6, ""OperatingIncome"": -37.3, ""OrdinaryIncome"": -41.2, ""ProfitAttributableToOwnersOfParent"": -75.4}",https://www.release.tdnet.info/inbs/140120260929542087.pdf,https://www.release.tdnet.info/inbs/091220260929542087.zip,東名,2026-10-09T14:36
140120261005545888,2026-10-06T15:00,2659,サンエー,2027年２月期第２四半期（中間期）決算短信〔日本基準〕(連結),earnings_report,False,,,,,,https://www.release.tdnet.info/inbs/140120261005545888.pdf,https://www.release.tdnet.info/inbs/081220261005545888.zip,東,2026-10-09T14:36
140120261006546573,2026-10-06T14:00,2998,Ｇ－クリアル,連結子会社（臼木証券株式会社）による第一種金融商品取引業の変更登録に係る本申請に関するお知らせ（補足説明資料）,earnings_presentation,False,,,,,,https://www.release.tdnet.info/inbs/140120261006546573.pdf,,東,2026-10-09T14:36
140120261006546359,2026-10-06T11:00,8011,三陽商,2027年２月期 第２四半期（中間期）決算短信〔日本基準〕（連結）,earnings_report,False,,,,,,https://www.release.tdnet.info/inbs/140120261006546359.pdf,https://www.release.tdnet.info/inbs/081220261006546359.zip,東,2026-10-09T14:36
140120260930543492,2026-10-06T11:00,8011,三陽商,配当予想の修正に関するお知らせ,dividend_revision,False,,,,,,https://www.release.tdnet.info/inbs/140120260930543492.pdf,,東,2026-10-09T14:36
140120260930543482,2026-10-06T11:00,8011,三陽商,2027年2月期 中間期決算説明資料,earnings_presentation,False,,,,,,https://www.release.tdnet.info/inbs/140120260930543482.pdf,,東,2026-10-09T14:36
140120261006546389,2026-10-06T10:30,7434,オータケ,2027年5月期第1四半期決算短信の開示が四半期末後45日を超えることに関するお知らせ,earnings_report,False,,,,,,https://www.release.tdnet.info/inbs/140120261006546389.pdf,,東,2026-10-09T14:36
140120261002545592,2026-10-05T17:05,4390,ｉｐｓ,2027年３月期第１四半期決算短信〔日本基準〕（連結）（公認会計士等による期中レビューの完了）,earnings_report,False,,,,,,https://www.release.tdnet.info/inbs/140120261002545592.pdf,https://www.release.tdnet.info/inbs/081220261002545592.zip,東,2026-10-09T14:36
140120261002545585,2026-10-05T17:05,4390,ｉｐｓ,国内公募増資に関する補足説明資料,earnings_presentation,False,,,,,,https://www.release.tdnet.info/inbs/140120261002545585.pdf,,東,2026-10-09T14:36
140120261005545723,2026-10-05T15:40,7427,エコーＴＤ,2027年２月期第２四半期（中間期）業績予想の修正に関するお知らせ,forecast_revision,False,down,OperatingIncome,-40.5,CurrentAccumulatedQ2Duration,"{""NetIncome"": -49.6, ""NetSales"": 1.0, ""OperatingIncome"": -40.5, ""OrdinaryIncome"": -43.3}",https://www.release.tdnet.info/inbs/140120261005545723.pdf,https://www.release.tdnet.info/inbs/091220261005545723.zip,東,2026-10-09T14:36
140120261005545918,2026-10-05T15:30,9558,Ｇ－ジャパニアス,2026年11月期第３四半期決算説明資料,earnings_presentation,False,,,,,,https://www.release.tdnet.info/inbs/140120261005545918.pdf,,東,2026-10-09T14:36
140120261005545900,2026-10-05T15:30,9558,Ｇ－ジャパニアス,2026年11月期第３四半期決算短信〔日本基準〕(非連結),earnings_report,False,,,,,,https://www.release.tdnet.info/inbs/140120261005545900.pdf,https://www.release.tdnet.info/inbs/081220261005545900.zip,東,2026-10-09T14:36
140120261005545838,2026-10-05T15:30,3377,バイク王,2026年11月期 第３四半期決算説明資料,earnings_presentation,False,,,,,,https://www.release.tdnet.info/inbs/140120261005545838.pdf,,東,2026-10-09T14:36
140120261005545816,2026-10-05T15:30,7630,壱番屋,2027年2月期 第2四半期（中間期）決算短信〔日本基準〕（連結）,earnings_report,False,,,,,,https://www.release.tdnet.info/inbs/140120261005545816.pdf,https://www.release.tdnet.info/inbs/081220261005545816.zip,東名,2026-10-09T14:36
140120261003544976,2026-10-05T15:30,9793,ダイセキ,2027年２月期第２四半期（中間期）決算短信〔日本基準〕(連結),earnings_report,False,,,,,,https://www.release.tdnet.info/inbs/140120261003544976.pdf,https://www.release.tdnet.info/inbs/081220261003544976.zip,東名,2026-10-09T14:36
140120261002545556,2026-10-05T15:30,3498,霞ヶ関キャピタル,2026年8月期 決算短信〔日本基準〕（連結）,earnings_report,False,,,,,,https://www.release.tdnet.info/inbs/140120261002545556.pdf,https://www.release.tdnet.info/inbs/081220261002545556.zip,東,2026-10-09T14:36
140120261002545520,2026-10-05T15:30,3148,クリエイトＳＤＨ,2027年5月期　第1四半期決算短信〔日本基準〕(連結),earnings_report,False,,,,,,https://www.release.tdnet.info/inbs/140120261002545520.pdf,https://www.release.tdnet.info/inbs/081220261002545520.zip,東,2026-10-09T14:36
140120261002545509,2026-10-05T15:30,6474,不二越,2026年11月期  第３四半期決算短信〔日本基準〕（連結）,earnings_report,False,,,,,,https://www.release.tdnet.info/inbs/140120261002545509.pdf,https://www.release.tdnet.info/inbs/081220261002545509.zip,東,2026-10-09T14:36
140120261002545461,2026-10-05T15:30,3186,ネクステージ,2026年11月期 第３四半期決算短信〔日本基準〕(連結),earnings_report,False,,,,,,https://www.release.tdnet.info/inbs/140120261002545461.pdf,https://www.release.tdnet.info/inbs/081220261002545461.zip,東名,2026-10-09T14:36
140120261002545369,2026-10-05T15:30,2789,カルラ,2027年２月期　第２四半期（中間期）決算短信〔日本基準〕（連結）,earnings_report,False,,,,,,https://www.release.tdnet.info/inbs/140120261002545369.pdf,https://www.release.tdnet.info/inbs/081220261002545369.zip,東,2026-10-09T14:36
140120261002545363,2026-10-05T15:30,2789,カルラ,2027年２月期第２四半期（中間期）連結業績予想値と実績値との差異および通期連結業績予想修正に関するお知らせ,forecast_revision,False,,,,,,https://www.release.tdnet.info/inbs/140120261002545363.pdf,,東,2026-10-09T14:36
140120261001544879,2026-10-05T15:30,3612,ワールド,2027年２月期 第２四半期決算補足資料（データブック）,earnings_presentation,False,,,,,,https://www.release.tdnet.info/inbs/140120261001544879.pdf,,東,2026-10-09T14:36
140120261001544854,2026-10-05T15:30,3612,ワールド,2027年２月期 中間決算説明会資料,earnings_presentation,False,,,,,,https://www.release.tdnet.info/inbs/140120261001544854.pdf,,東,2026-10-09T14:36
140120261001544846,2026-10-05T15:30,3612,ワールド,2027年２月期 第２四半期（中間期）決算短信〔ＩＦＲＳ〕（連結）,earnings_report,False,,,,,,https://www.release.tdnet.info/inbs/140120261001544846.pdf,https://www.release.tdnet.info/inbs/081220261001544846.zip,東,2026-10-09T14:36
140120260925540070,2026-10-05T15:30,7679,薬王堂ＨＤ,2027年２月期　第２四半期（中間期）決算短信〔日本基準〕(連結),earnings_report,False,,,,,,https://www.release.tdnet.info/inbs/140120260925540070.pdf,https://www.release.tdnet.info/inbs/081220260925540070.zip,東,2026-10-09T14:36
140120260908533161,2026-10-05T15:30,3377,バイク王,2026年11月期　第３四半期決算短信〔日本基準〕(連結),earnings_report,False,,,,,,https://www.release.tdnet.info/inbs/140120260908533161.pdf,https://www.release.tdnet.info/inbs/081220260908533161.zip,東,2026-10-09T14:36
140120261005545693,2026-10-05T14:30,8923,トーセイ,2026年11月期 第３四半期決算短信〔ＩＦＲＳ〕（連結）,earnings_report,False,,,,,,https://www.release.tdnet.info/inbs/140120261005545693.pdf,https://www.release.tdnet.info/inbs/081220261005545693.zip,東,2026-10-09T14:36
140120260930543781,2026-10-05T14:30,8923,トーセイ,2026年11月期　通期業績予想および配当予想の修正（増配）に関するお知らせ,forecast_dividend_revision,False,up,OperatingIncomeIFRS,1.8,CurrentYearDuration,"{""NetSalesIFRS"": -7.6, ""OperatingIncomeIFRS"": 1.8, ""ProfitAttributableToOwnersOfParentIFRS"": 4.9, ""ProfitBeforeTaxIFRS"": 3.2}",https://www.release.tdnet.info/inbs/140120260930543781.pdf,https://www.release.tdnet.info/inbs/091220260930543781.zip,東,2026-10-09T14:36
140120261005545843,2026-10-05T14:00,2300,きょくと,2027年２月期第２四半期（中間期）決算短信〔日本基準〕（非連結）,earnings_report,False,,,,,,https://www.release.tdnet.info/inbs/140120261005545843.pdf,https://www.release.tdnet.info/inbs/081220261005545843.zip,東,2026-10-09T14:36
140120261001544712,2026-10-05T13:00,1376,カネコ種苗,2027年５月期　第１四半期決算短信[日本基準]（連結）,earnings_report,False,,,,,,https://www.release.tdnet.info/inbs/140120261001544712.pdf,https://www.release.tdnet.info/inbs/081220261001544712.zip,東,2026-10-09T14:36
140120260926540628,2026-10-05T09:00,2753,あみやき,第２四半期（累計）連結業績予想と実績値との差異 及び通期業績予想の修正に関するお知らせ,forecast_revision,False,,,,,,https://www.release.tdnet.info/inbs/140120260926540628.pdf,,東名,2026-10-09T14:36
140120260926540626,2026-10-05T09:00,2753,あみやき,2027年3月期第2四半期（中間期）決算短信〔日本基準〕（連結）,earnings_report,False,,,,,,https://www.release.tdnet.info/inbs/140120260926540626.pdf,https://www.release.tdnet.info/inbs/081220260926540626.zip,東名,2026-10-09T14:36
140120261002545326,2026-10-02T16:30,6652,ＩＤＥＣ,業績予想の修正に関するお知らせ,forecast_revision,False,up,OperatingIncome,30.6,CurrentYearDuration,"{""NetSales"": 12.6, ""OperatingIncome"": 30.6, ""OrdinaryIncome"": 32.6, ""ProfitAttributableToOwnersOfParent"": 43.3}",https://www.release.tdnet.info/inbs/140120261002545326.pdf,https://www.release.tdnet.info/inbs/091220261002545326.zip,東,2026-10-09T14:36
140120261002545339,2026-10-02T16:00,9872,北恵,2026年11月期第３四半期決算短信〔日本基準〕（非連結）,earnings_report,False,,,,,,https://www.release.tdnet.info/inbs/140120261002545339.pdf,https://www.release.tdnet.info/inbs/081220261002545339.zip,東,2026-10-09T14:36
140120261002545289,2026-10-02T16:00,4475,Ｇ－ＨＥＮＮＧＥ,2026年9月期第3四半期決算短信〔日本基準〕(連結)(開示事項の変更及び公認会計士等による期中レビューの完了),earnings_report,False,,,,,,https://www.release.tdnet.info/inbs/140120261002545289.pdf,https://www.release.tdnet.info/inbs/081220261002545289.zip,東,2026-10-09T14:36
140120261002545274,2026-10-02T16:00,4475,Ｇ－ＨＥＮＮＧＥ,配当予想の修正(増配)に関するお知らせ,dividend_revision,False,up,,,,,https://www.release.tdnet.info/inbs/140120261002545274.pdf,,東,2026-10-09T14:36
140120261002545027,2026-10-02T16:00,7447,ナガイレーベ,2026年8月期　決算説明会資料,earnings_presentation,False,,,,,,https://www.release.tdnet.info/inbs/140120261002545027.pdf,,東,2026-10-09T14:36
140120261002544992,2026-10-02T16:00,6279,瑞光,2026年度（2027年2月期）中間決算説明資料,earnings_presentation,False,,,,,,https://www.release.tdnet.info/inbs/140120261002544992.pdf,,東,2026-10-09T14:36
140120261001544680,2026-10-02T16:00,6279,瑞光,2027年２月期 第２四半期（中間期）決算短信〔日本基準〕（連結）,earnings_report,False,,,,,,https://www.release.tdnet.info/inbs/140120261001544680.pdf,https://www.release.tdnet.info/inbs/081220261001544680.zip,東,2026-10-09T14:36
140120260903531293,2026-10-02T16:00,5076,インフロニアＨＤ,2027年３月期第１四半期決算短信〔ＩＦＲＳ〕（連結）（公認会計士等による期中レビューの完了）,earnings_report,False,,,,,,https://www.release.tdnet.info/inbs/140120260903531293.pdf,https://www.release.tdnet.info/inbs/081220260903531293.zip,東,2026-10-09T14:36
140120261002545403,2026-10-02T15:30,6664,オプトエレクト,2026年11月期 第３四半期決算短信〔日本基準〕（連結）,earnings_report,False,,,,,,https://www.release.tdnet.info/inbs/140120261002545403.pdf,https://www.release.tdnet.info/inbs/081220261002545403.zip,東,2026-10-09T14:36
140120261002545244,2026-10-02T15:30,3321,ミタチ,2027年５月期　第１四半期決算説明,earnings_presentation,False,,,,,,https://www.release.tdnet.info/inbs/140120261002545244.pdf,,東名,2026-10-09T14:36
140120261002545223,2026-10-02T15:30,3321,ミタチ,2027年５月期　第１四半期決算短信〔日本基準〕（連結）,earnings_report,False,,,,,,https://www.release.tdnet.info/inbs/140120261002545223.pdf,https://www.release.tdnet.info/inbs/081220261002545223.zip,東名,2026-10-09T14:36
140120261002545129,2026-10-02T15:30,7870,福島印,通期業績予想と実績値との差異に関するお知らせ,actual_vs_forecast,False,,,,,,https://www.release.tdnet.info/inbs/140120261002545129.pdf,,名,2026-10-09T14:36
140120261002545115,2026-10-02T15:30,7870,福島印,2026年８月期決算短信〔日本基準〕（非連結）,earnings_report,False,,,,,,https://www.release.tdnet.info/inbs/140120261002545115.pdf,https://www.release.tdnet.info/inbs/081220261002545115.zip,名,2026-10-09T14:36
140120261002545036,2026-10-02T15:30,8931,和田興産,2027年２月期第２四半期（中間期）決算短信[日本基準](非連結),earnings_report,False,,,,,,https://www.release.tdnet.info/inbs/140120261002545036.pdf,https://www.release.tdnet.info/inbs/081220261002545036.zip,東,2026-10-09T14:36
140120261002545012,2026-10-02T15:30,265A,Ｇ－エイチエムコム,【補足説明資料】下水道インフラ分野への事業展開を本格化 －広島県福山市における実証事業の採択－,earnings_presentation,False,,,,,,https://www.release.tdnet.info/inbs/140120261002545012.pdf,,東,2026-10-09T14:36
140120261002545010,2026-10-02T15:30,7975,リヒトラブ,2027年2月期第２四半期（中間期）決算短信〔日本基準〕(連結),earnings_report,False,,,,,,https://www.release.tdnet.info/inbs/140120261002545010.pdf,https://www.release.tdnet.info/inbs/081220261002545010.zip,東名,2026-10-09T14:36
140120261001544932,2026-10-02T15:30,275A,ハンワホームズ,2027年2月期第2四半期（中間期）決算説明資料,earnings_presentation,False,,,,,,https://www.release.tdnet.info/inbs/140120261001544932.pdf,,名,2026-10-09T14:36
140120261001544930,2026-10-02T15:30,275A,ハンワホームズ,2027年２月期第２四半期（中間期）決算短信〔日本基準〕(連結),earnings_report,False,,,,,,https://www.release.tdnet.info/inbs/140120261001544930.pdf,https://www.release.tdnet.info/inbs/081220261001544930.zip,名,2026-10-09T14:36
140120261001544911,2026-10-02T15:30,8127,ヤマトインター,業績予想の修正に関するお知らせ,forecast_revision,False,down,OperatingIncome,-261.1,CurrentYearDuration,"{""NetSales"": -3.0, ""OperatingIncome"": -261.1, ""OrdinaryIncome"": -137.0, ""ProfitAttributableToOwnersOfParent"": 0.0}",https://www.release.tdnet.info/inbs/140120261001544911.pdf,https://www.release.tdnet.info/inbs/091220261001544911.zip,東,2026-10-09T14:36
140120260930543635,2026-10-02T15:30,4394,Ｇ－エクスモーション,2026年11月期 第３四半期決算補足説明資料,earnings_presentation,False,,,,,,https://www.release.tdnet.info/inbs/140120260930543635.pdf,,東,2026-10-09T14:36
140120260930543358,2026-10-02T15:30,4394,Ｇ－エクスモーション,2026年11月期 第３四半期決算短信〔日本基準〕（連結）,earnings_report,False,,,,,,https://www.release.tdnet.info/inbs/140120260930543358.pdf,https://www.release.tdnet.info/inbs/081220260930543358.zip,東,2026-10-09T14:36
140120260928540857,2026-10-02T15:30,7965,象印マホービン,2026年11月期 第３四半期決算補足説明資料,earnings_presentation,False,,,,,,https://www.release.tdnet.info/inbs/140120260928540857.pdf,,東,2026-10-09T14:36
140120260928540855,2026-10-02T15:30,7965,象印マホービン,2026年11月期 第３四半期決算短信〔日本基準〕(連結),earnings_report,False,,,,,,https://www.release.tdnet.info/inbs/140120260928540855.pdf,https://www.release.tdnet.info/inbs/081220260928540855.zip,東,2026-10-09T14:36
140120261002545230,2026-10-02T15:00,7611,ハイデ日高,剰余金の配当（中間配当）および期末配当予想の修正（増配）に関するお知らせ,dividend_revision,False,up,,,,,https://www.release.tdnet.info/inbs/140120261002545230.pdf,https://www.release.tdnet.info/inbs/091220261002545230.zip,東,2026-10-09T14:36
140120261002545221,2026-10-02T15:00,7611,ハイデ日高,2027年2月期第2四半期　ハイデイ日高決算補足説明資料,earnings_presentation,False,,,,,,https://www.release.tdnet.info/inbs/140120261002545221.pdf,,東,2026-10-09T14:36
140120261002545200,2026-10-02T15:00,7611,ハイデ日高,2027年２月期 第２四半期（中間期）決算短信〔日本基準〕（非連結）,earnings_report,False,,,,,,https://www.release.tdnet.info/inbs/140120261002545200.pdf,https://www.release.tdnet.info/inbs/081220261002545200.zip,東,2026-10-09T14:36
140120261002545092,2026-10-02T14:00,3035,ＫＴＫ,2026年8月期 決算説明資料,earnings_presentation,False,,,,,,https://www.release.tdnet.info/inbs/140120261002545092.pdf,,東名,2026-10-09T14:36
140120260923539086,2026-10-02T14:00,3035,ＫＴＫ,2026年8月期 決算短信〔日本基準〕(連結),earnings_report,False,,,,,,https://www.release.tdnet.info/inbs/140120260923539086.pdf,https://www.release.tdnet.info/inbs/081220260923539086.zip,東名,2026-10-09T14:36
140120261002545003,2026-10-02T10:00,4527,ロート薬,経営戦略説明会資料,earnings_presentation,False,,,,,,https://www.release.tdnet.info/inbs/140120261002545003.pdf,,東,2026-10-09T14:36
140120261001544964,2026-10-02T09:00,9253,Ｇ－スローガン,2027年2月期 第2四半期決算説明会レポート（質疑応答）,earnings_presentation,False,,,,,,https://www.release.tdnet.info/inbs/140120261001544964.pdf,,東,2026-10-09T14:36
140120261001544963,2026-10-02T09:00,9253,Ｇ－スローガン,2027年2月期 第2四半期決算説明会レポート,earnings_presentation,False,,,,,,https://www.release.tdnet.info/inbs/140120261001544963.pdf,,東,2026-10-09T14:36
140120261001544709,2026-10-01T17:30,4415,Ｇ－ブロードエンター,（訂正）「2026年12月期第２四半期決算説明書き起こし」の一部訂正について,earnings_presentation,True,,,,,,https://www.release.tdnet.info/inbs/140120261001544709.pdf,,東,2026-10-09T14:36
140120261001544700,2026-10-01T16:30,6908,イリソ電子工業,（訂正）「過年度の有価証券報告書等の訂正報告書の提出及び過年度の決算短信等の訂正に関するお知らせ」の一部訂正について,earnings_report,True,,,,,,https://www.release.tdnet.info/inbs/140120261001544700.pdf,,東,2026-10-09T14:36
140120261001543916,2026-10-01T16:30,6908,イリソ電子工業,（訂正・数値データ修正）2026年３月期決算短信〔日本基準〕（連結）の一部訂正に関するお知らせ,earnings_report,True,,,,,,https://www.release.tdnet.info/inbs/140120261001543916.pdf,https://www.release.tdnet.info/inbs/081220261001543916.zip,東,2026-10-09T14:36
140120260930543662,2026-10-01T16:00,562A,Ｐ－寶結,2026年８月期 通期業績予想の修正に関するお知らせ,forecast_revision,False,,,,,,https://www.release.tdnet.info/inbs/140120260930543662.pdf,,東福,2026-10-09T14:36
140120261001544401,2026-10-01T15:30,2493,イーサポート,2026年11月期 第３四半期決算短信〔日本基準〕（連結）,earnings_report,False,,,,,,https://www.release.tdnet.info/inbs/140120261001544401.pdf,https://www.release.tdnet.info/inbs/081220261001544401.zip,東,2026-10-09T14:36
140120261001544314,2026-10-01T15:30,2493,イーサポート,2026年11月期通期連結業績予想の修正に関するお知らせ,forecast_revision,False,,,,,,https://www.release.tdnet.info/inbs/140120261001544314.pdf,,東,2026-10-09T14:36
140120261001544130,2026-10-01T15:30,5126,Ｇ－ポーターズ,（訂正）「【補足資料】 通期業績予想の修正および特別損失の発生見込みに関するお知らせ」の一部訂正について,earnings_presentation,True,,,,,,https://www.release.tdnet.info/inbs/140120261001544130.pdf,,東,2026-10-09T14:36
140120261001543827,2026-10-01T15:30,7690,Ｐ－カレント自動車,連結決算への移行に伴う連結業績予想の公表に関するお知らせ,forecast_initial,False,,,,,,https://www.release.tdnet.info/inbs/140120261001543827.pdf,,東,2026-10-09T14:36
140120260930543766,2026-10-01T15:30,7447,ナガイレーベ,2026年８月期 決算短信〔日本基準〕（連結）,earnings_report,False,,,,,,https://www.release.tdnet.info/inbs/140120260930543766.pdf,https://www.release.tdnet.info/inbs/081220260930543766.zip,東,2026-10-09T14:36
140120260930543566,2026-10-01T15:30,3549,クスリのアオキＨＤ,2027年５月期 第1四半期決算短信〔日本基準〕（連結）,earnings_report,False,,,,,,https://www.release.tdnet.info/inbs/140120260930543566.pdf,https://www.release.tdnet.info/inbs/081220260930543566.zip,東名,2026-10-09T14:36
140120260930543563,2026-10-01T15:30,7975,リヒトラブ,2027年２月期 第２四半期(中間期)及び通期連結業績予想の修正に関するお知らせ,forecast_revision,False,down,OperatingIncome,-65.2,CurrentYearDuration,"{""NetSales"": 0.0, ""OperatingIncome"": -65.2, ""OrdinaryIncome"": -52.0, ""ProfitAttributableToOwnersOfParent"": -60.0}",https://www.release.tdnet.info/inbs/140120260930543563.pdf,https://www.release.tdnet.info/inbs/091220260930543563.zip,東名,2026-10-09T14:36
140120260930543229,2026-10-01T15:30,7847,グラファイトＤ,業績予想の修正に関するお知らせ,forecast_revision,False,up,OperatingIncome,71.0,CurrentYearDuration,"{""NetIncome"": 60.6, ""NetSales"": 14.9, ""OperatingIncome"": 71.0, ""OrdinaryIncome"": 64.7}",https://www.release.tdnet.info/inbs/140120260930543229.pdf,https://www.release.tdnet.info/inbs/091220260930543229.zip,東,2026-10-09T14:36
140120260929541751,2026-10-01T15:30,3396,フェリシモ,業績予想の修正に関するお知らせ,forecast_revision,False,up,OperatingIncome,20.2,CurrentAccumulatedQ2Duration,"{""NetSales"": -3.3, ""OperatingIncome"": 20.2, ""OrdinaryIncome"": 77.2, ""ProfitAttributableToOwnersOfParent"": 72.7}",https://www.release.tdnet.info/inbs/140120260929541751.pdf,https://www.release.tdnet.info/inbs/091220260929541751.zip,東,2026-10-09T14:36
140120260928541537,2026-10-01T15:30,7545,西松屋チェ,2027年２月期 第２四半期（中間期）決算短信〔日本基準〕(連結),earnings_report,False,,,,,,https://www.release.tdnet.info/inbs/140120260928541537.pdf,https://www.release.tdnet.info/inbs/081220260928541537.zip,東,2026-10-09T14:36
140120261001544519,2026-10-01T15:00,1447,Ｇ－ＳＡＡＦＨＤ,配当予想の修正に関するお知らせ,dividend_revision,False,,,,,,https://www.release.tdnet.info/inbs/140120261001544519.pdf,https://www.release.tdnet.info/inbs/091220261001544519.zip,東,2026-10-09T14:36
140120260930543309,2026-10-01T14:00,5942,日フイルコン,2026年11月期通期連結業績予想の再修正に関するお知らせ,forecast_revision,False,,,,,,https://www.release.tdnet.info/inbs/140120260930543309.pdf,,東,2026-10-09T14:36
140120260930543301,2026-10-01T14:00,5942,日フイルコン,2026年11月期　第３四半期決算短信〔日本基準〕(連結),earnings_report,False,,,,,,https://www.release.tdnet.info/inbs/140120260930543301.pdf,https://www.release.tdnet.info/inbs/081220260930543301.zip,東,2026-10-09T14:36
140120260930542868,2026-10-01T13:30,8276,平和堂,2027年2月期第2四半期（中間期）決算短信〔日本基準〕(連結),earnings_report,False,,,,,,https://www.release.tdnet.info/inbs/140120260930542868.pdf,https://www.release.tdnet.info/inbs/081220260930542868.zip,東,2026-10-09T14:36
140120260930542890,2026-10-01T11:00,640A,Ｇ－ＡＳＮＯＶＡ,2027年３月期連結業績予想及び配当予想に関するお知らせ,forecast_initial,False,,,,,,https://www.release.tdnet.info/inbs/140120260930542890.pdf,https://www.release.tdnet.info/inbs/091220260930542890.zip,東名,2026-10-09T14:36
140120260930543517,2026-10-01T09:30,267A,Ｐ－トワライズ,（訂正）「2026 年７月期 決算短信〔日本基準〕（連結）」の一部訂正について,earnings_report,True,,,,,,https://www.release.tdnet.info/inbs/140120260930543517.pdf,,東,2026-10-09T14:36
140120260930543661,2026-09-30T18:15,4175,Ｇ－ｃｏｌｙ,（訂正）「2027年1月期　第2四半期決算説明会　書き起こし」の一部訂正について,earnings_presentation,True,,,,,,https://www.release.tdnet.info/inbs/140120260930543661.pdf,,東,2026-10-09T14:36
140120260930543654,2026-09-30T18:00,4069,Ｇ－ＢｌｕｅＭｅｍｅ,2026年3月期通期連結業績予想と実績値の差異について,actual_vs_forecast,False,,,,,,https://www.release.tdnet.info/inbs/140120260930543654.pdf,,東,2026-10-09T14:36
140120260930543649,2026-09-30T18:00,4069,Ｇ－ＢｌｕｅＭｅｍｅ,2026年３月期 決算短信〔日本基準〕（連結）,earnings_report,False,,,,,,https://www.release.tdnet.info/inbs/140120260930543649.pdf,https://www.release.tdnet.info/inbs/081220260930543649.zip,東,2026-10-09T14:36
140120260930543646,2026-09-30T18:00,4069,Ｇ－ＢｌｕｅＭｅｍｅ,2026年3月期決算短信の開示が期末後50日を超えたことに関するお知らせ,earnings_report,False,,,,,,https://www.release.tdnet.info/inbs/140120260930543646.pdf,,東,2026-10-09T14:36
140120260930543610,2026-09-30T18:00,4069,Ｇ－ＢｌｕｅＭｅｍｅ,2026年3月期 通期決算説明資料,earnings_presentation,False,,,,,,https://www.release.tdnet.info/inbs/140120260930543610.pdf,,東,2026-10-09T14:36
140120260930543580,2026-09-30T18:00,4069,Ｇ－ＢｌｕｅＭｅｍｅ,（数値データ訂正）「2026年３月期第１四半期決算短信〔日本基準〕（連結）」,earnings_report,False,,,,,,https://www.release.tdnet.info/inbs/140120260930543580.pdf,https://www.release.tdnet.info/inbs/081220260930543580.zip,東,2026-10-09T14:36
140120260930543576,2026-09-30T18:00,4069,Ｇ－ＢｌｕｅＭｅｍｅ,（数値データ訂正）「2025年３月期第３四半期決算短信〔日本基準〕（連結）」,earnings_report,False,,,,,,https://www.release.tdnet.info/inbs/140120260930543576.pdf,https://www.release.tdnet.info/inbs/081220260930543576.zip,東,2026-10-09T14:36
140120260930543571,2026-09-30T18:00,4069,Ｇ－ＢｌｕｅＭｅｍｅ,過年度の有価証券報告書等の訂正報告書の提出及び過年度の決算短信等の訂正に関するお知らせ,earnings_report,False,,,,,,https://www.release.tdnet.info/inbs/140120260930543571.pdf,,東,2026-10-09T14:36
140120260930543569,2026-09-30T18:00,4069,Ｇ－ＢｌｕｅＭｅｍｅ,（数値データ訂正）「2025年３月期第１四半期決算短信〔日本基準〕（連結）」,earnings_report,False,,,,,,https://www.release.tdnet.info/inbs/140120260930543569.pdf,https://www.release.tdnet.info/inbs/081220260930543569.zip,東,2026-10-09T14:36
140120260930543501,2026-09-30T18:00,4069,Ｇ－ＢｌｕｅＭｅｍｅ,（数値データ訂正）「2026年３月期第３四半期決算短信〔日本基準〕（連結）」,earnings_report,False,,,,,,https://www.release.tdnet.info/inbs/140120260930543501.pdf,https://www.release.tdnet.info/inbs/081220260930543501.zip,東,2026-10-09T14:36
140120260930543508,2026-09-30T17:00,6268,ナブテスコ,（訂正・数値データ訂正）2026年12月期 第１四半期決算短信〔ＩＦＲＳ〕（連結）,earnings_report,True,,,,,,https://www.release.tdnet.info/inbs/140120260930543508.pdf,https://www.release.tdnet.info/inbs/081220260930543508.zip,東,2026-10-09T14:36
140120260930543480,2026-09-30T17:00,6268,ナブテスコ,（訂正・数値データ訂正）2026年12月期 第２四半期（中間期）決算短信〔ＩＦＲＳ〕（連結）,earnings_report,True,,,,,,https://www.release.tdnet.info/inbs/140120260930543480.pdf,https://www.release.tdnet.info/inbs/081220260930543480.zip,東,2026-10-09T14:36
140120260930543461,2026-09-30T17:00,6268,ナブテスコ,（数値データ訂正）2024年12月期 第３四半期決算短信〔ＩＦＲＳ〕（連結）,earnings_report,False,,,,,,https://www.release.tdnet.info/inbs/140120260930543461.pdf,https://www.release.tdnet.info/inbs/081220260930543461.zip,東,2026-10-09T14:36
140120260930543438,2026-09-30T17:00,6268,ナブテスコ,（数値データ訂正）2025年12月期 第３四半期決算短信〔ＩＦＲＳ〕（連結）,earnings_report,False,,,,,,https://www.release.tdnet.info/inbs/140120260930543438.pdf,https://www.release.tdnet.info/inbs/081220260930543438.zip,東,2026-10-09T14:36
140120260930543431,2026-09-30T17:00,6268,ナブテスコ,（数値データ訂正）2025年12月期 第１四半期決算短信〔ＩＦＲＳ〕（連結）,earnings_report,False,,,,,,https://www.release.tdnet.info/inbs/140120260930543431.pdf,https://www.release.tdnet.info/inbs/081220260930543431.zip,東,2026-10-09T14:36
140120260930543424,2026-09-30T17:00,6268,ナブテスコ,（訂正・数値データ訂正）2025年12月期 決算短信〔ＩＦＲＳ〕(連結),earnings_report,True,,,,,,https://www.release.tdnet.info/inbs/140120260930543424.pdf,https://www.release.tdnet.info/inbs/081220260930543424.zip,東,2026-10-09T14:36
140120260930543372,2026-09-30T17:00,6268,ナブテスコ,過年度の有価証券報告書等に係る訂正報告書の提出及び過年度の決算短信等にかかる訂正に関するお知らせ,earnings_report,False,,,,,,https://www.release.tdnet.info/inbs/140120260930543372.pdf,,東,2026-10-09T14:36
140120260929542371,2026-09-30T17:00,9369,キユソ流通,2026年11月期 第３四半期決算短信〔日本基準〕（連結）,earnings_report,False,,,,,,https://www.release.tdnet.info/inbs/140120260929542371.pdf,https://www.release.tdnet.info/inbs/081220260929542371.zip,東,2026-10-09T14:36
140120260930543217,2026-09-30T16:32,6908,イリソ電子工業,過年度の有価証券報告書等の訂正報告書の提出及び過年度の決算短信等の訂正に関するお知らせ,earnings_report,False,,,,,,https://www.release.tdnet.info/inbs/140120260930543217.pdf,,東,2026-10-09T14:36
140120260930543013,2026-09-30T16:31,6908,イリソ電子工業,（再訂正・数値データ修正）2026年３月期第１四半期決算短信〔日本基準〕（連結）の一部訂正に関するお知らせ,earnings_report,True,,,,,,https://www.release.tdnet.info/inbs/140120260930543013.pdf,https://www.release.tdnet.info/inbs/081220260930543013.zip,東,2026-10-09T14:36
140120260929542466,2026-09-30T16:31,6908,イリソ電子工業,（訂正・数値データ修正）2026年３月期第３四半期決算短信〔日本基準〕（連結）の一部訂正に関するお知らせ,earnings_report,True,,,,,,https://www.release.tdnet.info/inbs/140120260929542466.pdf,https://www.release.tdnet.info/inbs/081220260929542466.zip,東,2026-10-09T14:36
140120260930543478,2026-09-30T16:30,6594,ニデック,2026年３月期決算短信〔IFRS〕(連結),earnings_report,False,,,,,,https://www.release.tdnet.info/inbs/140120260930543478.pdf,https://www.release.tdnet.info/inbs/081220260930543478.zip,東,2026-10-09T14:36
140120260930543360,2026-09-30T16:30,6594,ニデック,2026年３月期決算短信の開示が期末後50日を超えたことに関するお知らせ,earnings_report,False,,,,,,https://www.release.tdnet.info/inbs/140120260930543360.pdf,,東,2026-10-09T14:36
140120260930543017,2026-09-30T16:30,6908,イリソ電子工業,（訂正・数値データ修正）2025年３月期第１四半期決算短信〔日本基準〕（連結）の一部訂正に関するお知らせ,earnings_report,True,,,,,,https://www.release.tdnet.info/inbs/140120260930543017.pdf,https://www.release.tdnet.info/inbs/081220260930543017.zip,東,2026-10-09T14:36
140120260930543015,2026-09-30T16:30,6908,イリソ電子工業,（訂正・数値データ修正）2025年３月期第３四半期決算短信〔日本基準〕（連結）の一部訂正に関するお知らせ,earnings_report,True,,,,,,https://www.release.tdnet.info/inbs/140120260930543015.pdf,https://www.release.tdnet.info/inbs/081220260930543015.zip,東,2026-10-09T14:36
140120260929542486,2026-09-30T16:30,6594,ニデック,2026年３月期 第３四半期決算短信〔ＩＦＲＳ〕（連結）,earnings_report,False,,,,,,https://www.release.tdnet.info/inbs/140120260929542486.pdf,https://www.release.tdnet.info/inbs/081220260929542486.zip,東,2026-10-09T14:36
140120260930543314,2026-09-30T16:00,6034,Ｇ－ＭＲＴ,配当方針の変更及び2026年12月期配当予想の修正に関するお知らせ,dividend_revision,False,,,,,,https://www.release.tdnet.info/inbs/140120260930543314.pdf,https://www.release.tdnet.info/inbs/091220260930543314.zip,東,2026-10-09T14:36
140120260930543303,2026-09-30T16:00,6908,イリソ電子工業,2026年3月期決算短信の開示が期末後50日を超えたことに関するお知らせ,earnings_report,False,,,,,,https://www.release.tdnet.info/inbs/140120260930543303.pdf,,東,2026-10-09T14:36
140120260930542522,2026-09-30T16:00,4196,ネオマーケ,特別損益の計上及び通期連結業績予想の修正に関するお知らせ,forecast_revision,False,down,OperatingIncome,-26.0,CurrentYearDuration,"{""NetSales"": -3.2, ""OperatingIncome"": -26.0, ""OrdinaryIncome"": -33.3, ""ProfitAttributableToOwnersOfParent"": 184.0}",https://www.release.tdnet.info/inbs/140120260930542522.pdf,https://www.release.tdnet.info/inbs/091220260930542522.zip,東名,2026-10-09T14:36
140120260929542462,2026-09-30T16:00,6908,イリソ電子工業,2026年３月期通期業績予想と実績値の差異に関するお知らせ,actual_vs_forecast,False,,,,,,https://www.release.tdnet.info/inbs/140120260929542462.pdf,,東,2026-10-09T14:36
140120260929542433,2026-09-30T16:00,6908,イリソ電子工業,2026年３月期決算短信〔日本基準〕(連結),earnings_report,False,,,,,,https://www.release.tdnet.info/inbs/140120260929542433.pdf,https://www.release.tdnet.info/inbs/081220260929542433.zip,東,2026-10-09T14:36
140120260929542301,2026-09-30T16:00,9265,ヤマシタヘルスケア,2027年５月期第１四半期決算短信〔日本基準〕（連結）,earnings_report,False,,,,,,https://www.release.tdnet.info/inbs/140120260929542301.pdf,https://www.release.tdnet.info/inbs/081220260929542301.zip,東,2026-10-09T14:36
140120260929541744,2026-09-30T16:00,2354,ＹＥ　ＤＩＧＩＴＡＬ,2027年2月期 第2四半期 決算説明資料,earnings_presentation,False,,,,,,https://www.release.tdnet.info/inbs/140120260929541744.pdf,,東,2026-10-09T14:36
140120260929541700,2026-09-30T16:00,2354,ＹＥ　ＤＩＧＩＴＡＬ,2027年２月期第２四半期(中間期)決算短信〔日本基準〕(連結),earnings_report,False,,,,,,https://www.release.tdnet.info/inbs/140120260929541700.pdf,https://www.release.tdnet.info/inbs/081220260929541700.zip,東,2026-10-09T14:36
140120260925540542,2026-09-30T16:00,2130,メンバーズ,業績予想の修正に関するお知らせ,forecast_revision,False,down,OperatingIncomeIFRS,-92.0,CurrentYearDuration,"{""OperatingIncomeIFRS"": -92.0, ""ProfitAttributableToOwnersOfParentIFRS"": -91.4, ""ProfitBeforeTaxIFRS"": -91.9, ""ProfitIFRS"": -91.4, ""SalesIFRS"": -6.9}",https://www.release.tdnet.info/inbs/140120260925540542.pdf,https://www.release.tdnet.info/inbs/091220260925540542.zip,東,2026-10-09T14:36
140120260930543020,2026-09-30T15:50,2935,ピックルスＨＤ,剰余金の配当（中間配当）及び期末配当予想の修正（記念配当及び普通配当の増配）に関するお知らせ,dividend_revision,False,up,,,,,https://www.release.tdnet.info/inbs/140120260930543020.pdf,,東,2026-10-09T14:36
140120260930542803,2026-09-30T15:50,2935,ピックルスＨＤ,2027年２月期　第２四半期（中間期）決算短信〔日本基準〕（連結）,earnings_report,False,,,,,,https://www.release.tdnet.info/inbs/140120260930542803.pdf,https://www.release.tdnet.info/inbs/081220260930542803.zip,東,2026-10-09T14:36
140120260930543278,2026-09-30T15:30,8358,スルガ銀,業績予想の修正及び配当予想の修正（増配）に関するお知らせ,forecast_dividend_revision,False,up,OrdinaryIncome,17.9,CurrentYearDuration,"{""OrdinaryIncome"": 17.9, ""ProfitAttributableToOwnersOfParent"": 37.5}",https://www.release.tdnet.info/inbs/140120260930543278.pdf,https://www.release.tdnet.info/inbs/091220260930543278.zip,東,2026-10-09T14:36
140120260930543232,2026-09-30T15:30,604A,ビーエイブル,2026年7月期 通期決算説明会質疑応答要旨,earnings_presentation,False,,,,,,https://www.release.tdnet.info/inbs/140120260930543232.pdf,,東,2026-10-09T14:36
140120260930543101,2026-09-30T15:30,5126,Ｇ－ポーターズ,【補足資料】通期業績予想の修正および特別損失の発生見込みに関するお知らせ,earnings_presentation,False,,,,,,https://www.release.tdnet.info/inbs/140120260930543101.pdf,,東,2026-10-09T14:36
140120260930543006,2026-09-30T15:30,2685,アンドエスティＨＤ,2027年２月期　第２四半期（中間期）決算説明会資料,earnings_presentation,False,,,,,,https://www.release.tdnet.info/inbs/140120260930543006.pdf,,東,2026-10-09T14:36
140120260930542900,2026-09-30T15:30,5126,Ｇ－ポーターズ,通期業績予想の修正および特別損失の発生見込みに関するお知らせ,forecast_revision,False,down,OperatingIncome,-39.4,CurrentYearDuration,"{""NetSales"": -6.9, ""OperatingIncome"": -39.4, ""OrdinaryIncome"": -39.4, ""ProfitAttributableToOwnersOfParent"": -153.3}",https://www.release.tdnet.info/inbs/140120260930542900.pdf,https://www.release.tdnet.info/inbs/091220260930542900.zip,東,2026-10-09T14:36
140120260930542580,2026-09-30T15:30,6083,ＥＲＩ　ＨＤ,2027年５月期第１四半期決算説明資料,earnings_presentation,False,,,,,,https://www.release.tdnet.info/inbs/140120260930542580.pdf,,東,2026-10-09T14:36
140120260929542484,2026-09-30T15:30,192A,Ｇ－インテグループ,2027年５月期 第１四半期 決算説明資料,earnings_presentation,False,,,,,,https://www.release.tdnet.info/inbs/140120260929542484.pdf,,東,2026-10-09T14:36
140120260929542483,2026-09-30T15:30,192A,Ｇ－インテグループ,2027年５月期 第１四半期決算短信〔日本基準〕（非連結）,earnings_report,False,,,,,,https://www.release.tdnet.info/inbs/140120260929542483.pdf,https://www.release.tdnet.info/inbs/081220260929542483.zip,東,2026-10-09T14:36
140120260929542427,2026-09-30T15:30,8953,Ｒ－都市ファンド,プレスリリースに関する補足説明資料,earnings_presentation,False,,,,,,https://www.release.tdnet.info/inbs/140120260929542427.pdf,,東,2026-10-09T14:36
140120260929542396,2026-09-30T15:30,3089,テクノアルファ,2026年11月期　第３四半期決算短信[日本基準]（連結）,earnings_report,False,,,,,,https://www.release.tdnet.info/inbs/140120260929542396.pdf,https://www.release.tdnet.info/inbs/081220260929542396.zip,東,2026-10-09T14:36
140120260929542307,2026-09-30T15:30,2685,アンドエスティＨＤ,2027年２月期　第２四半期（中間期）決算短信〔日本基準〕(連結),earnings_report,False,,,,,,https://www.release.tdnet.info/inbs/140120260929542307.pdf,https://www.release.tdnet.info/inbs/081220260929542307.zip,東,2026-10-09T14:36
140120260929542224,2026-09-30T15:30,9651,日プロ,2027年５月期 第１四半期決算短信 〔日本基準〕（連結）,earnings_report,False,,,,,,https://www.release.tdnet.info/inbs/140120260929542224.pdf,https://www.release.tdnet.info/inbs/081220260929542224.zip,東,2026-10-09T14:36
140120260929541848,2026-09-30T15:30,7915,ＮＩＳＳＨＡ,第2四半期（中間期）連結業績予想との差異および通期連結業績予想の修正に関するお知らせ,forecast_revision,False,,,,,,https://www.release.tdnet.info/inbs/140120260929541848.pdf,,東,2026-10-09T14:36
140120260929541752,2026-09-30T15:30,7915,ＮＩＳＳＨＡ,2026年12月期第2四半期（中間期）決算短信〔ＩＦＲＳ〕(連結),earnings_report,False,,,,,,https://www.release.tdnet.info/inbs/140120260929541752.pdf,https://www.release.tdnet.info/inbs/081220260929541752.zip,東,2026-10-09T14:36
140120260928541563,2026-09-30T15:30,2975,スター・マイカＨＤ,2026年11月期　第３四半期決算説明資料,earnings_presentation,False,,,,,,https://www.release.tdnet.info/inbs/140120260928541563.pdf,,東,2026-10-09T14:36
140120260928541539,2026-09-30T15:30,2975,スター・マイカＨＤ,2026年11月期　第３四半期決算短信〔日本基準〕（連結）,earnings_report,False,,,,,,https://www.release.tdnet.info/inbs/140120260928541539.pdf,https://www.release.tdnet.info/inbs/081220260928541539.zip,東,2026-10-09T14:36
140120260928541261,2026-09-30T15:30,5900,ダイケン,業績予想の修正に関するお知らせ,forecast_revision,False,down,OperatingIncome,-114.3,CurrentAccumulatedQ2Duration,"{""NetSales"": -4.3, ""OperatingIncome"": -114.3, ""OrdinaryIncome"": -76.0, ""ProfitAttributableToOwnersOfParent"": -113.3}",https://www.release.tdnet.info/inbs/140120260928541261.pdf,https://www.release.tdnet.info/inbs/091220260928541261.zip,東,2026-10-09T14:36
140120260928540983,2026-09-30T15:30,6083,ＥＲＩ　ＨＤ,2027年５月期第１四半期決算短信〔日本基準〕(連結),earnings_report,False,,,,,,https://www.release.tdnet.info/inbs/140120260928540983.pdf,https://www.release.tdnet.info/inbs/081220260928540983.zip,東,2026-10-09T14:36
140120260928540679,2026-09-30T15:30,2930,北の達人,機関投資家・アナリスト向け決算説明会オンライン開催のお知らせ,earnings_presentation,False,,,,,,https://www.release.tdnet.info/inbs/140120260928540679.pdf,,東札,2026-10-09T14:36
140120260925540038,2026-09-30T15:30,377A,エージェントＩＧＨＤ,2026年12月期通期連結業績予想の修正に関するお知らせ,forecast_revision,False,up,OperatingIncome,30.0,CurrentYearDuration,"{""NetSales"": 6.6, ""OperatingIncome"": 30.0, ""OrdinaryIncome"": 36.1, ""ProfitAttributableToOwnersOfParent"": 75.0}",https://www.release.tdnet.info/inbs/140120260925540038.pdf,https://www.release.tdnet.info/inbs/091220260925540038.zip,名,2026-10-09T14:36
140120260917537637,2026-09-30T15:30,6255,Ｇ－ＮＰＣ,通期業績予想の修正に関するお知らせ,forecast_revision,False,up,OperatingIncome,11.3,CurrentYearDuration,"{""NetSales"": -27.5, ""OperatingIncome"": 11.3, ""OrdinaryIncome"": 14.9, ""ProfitAttributableToOwnersOfParent"": -9.4}",https://www.release.tdnet.info/inbs/140120260917537637.pdf,https://www.release.tdnet.info/inbs/091220260917537637.zip,東,2026-10-09T14:36
140120260903531401,2026-09-30T15:30,3377,バイク王,業績予想の修正に関するお知らせ,forecast_revision,False,up,OperatingIncome,21.1,CurrentYearDuration,"{""NetSales"": 0.3, ""OperatingIncome"": 21.1, ""OrdinaryIncome"": 26.4, ""ProfitAttributableToOwnersOfParent"": 31.6}",https://www.release.tdnet.info/inbs/140120260903531401.pdf,https://www.release.tdnet.info/inbs/091220260903531401.zip,東,2026-10-09T14:36
140120260929542085,2026-09-30T14:00,7601,ポプラ,2027年２月期第２四半期（中間期）連結業績予想の修正に関するお知らせ,forecast_revision,False,up,OperatingIncome,41.1,CurrentAccumulatedQ2Duration,"{""GrossOperatingRevenues"": -2.9, ""OperatingIncome"": 41.1, ""OrdinaryIncome"": 43.5, ""ProfitAttributableToOwnersOfParent"": 119.4}",https://www.release.tdnet.info/inbs/140120260929542085.pdf,https://www.release.tdnet.info/inbs/091220260929542085.zip,東,2026-10-09T14:36
140120260930542621,2026-09-30T11:30,7485,岡谷鋼機,通期業績予想の修正並びに剰余金の配当（中間配当）及び期末配当予想の修正に関するお知らせ,forecast_dividend_revision,False,,,,,,https://www.release.tdnet.info/inbs/140120260930542621.pdf,,名,2026-10-09T14:36
140120260925540585,2026-09-30T11:30,7485,岡谷鋼機,令和9年2月期 第2四半期（中間期）決算短信〔日本基準〕(連結),earnings_report,False,,,,,,https://www.release.tdnet.info/inbs/140120260925540585.pdf,https://www.release.tdnet.info/inbs/081220260925540585.zip,名,2026-10-09T14:36
140120260925540583,2026-09-30T11:30,7485,岡谷鋼機,令和9年2月期 第2四半期（中間期）決算説明資料,earnings_presentation,False,,,,,,https://www.release.tdnet.info/inbs/140120260925540583.pdf,,名,2026-10-09T14:36
140120260929542200,2026-09-30T08:50,9340,アソインター,（訂正・数値データ訂正）「2026年６月期決算短信〔日本基準〕（連結）」の一部訂正について,earnings_report,True,,,,,,https://www.release.tdnet.info/inbs/140120260929542200.pdf,https://www.release.tdnet.info/inbs/081220260929542200.zip,東,2026-10-09T14:36
140120260929542480,2026-09-29T23:45,3038,神戸物産,ユーロ円CB発行および自己株式取得に関する補足説明資料（条件確定版）,earnings_presentation,False,,,,,,https://www.release.tdnet.info/inbs/140120260929542480.pdf,,東,2026-10-09T14:36
140120260928541317,2026-09-29T19:00,6863,ニレコ,新中期経営計画「NIRECO-VISION 100」の策定および2027年３月期通期業績予想の修正に関するお知らせ,forecast_revision,False,up,OperatingIncome,5.3,CurrentYearDuration,"{""NetIncome"": 3.4, ""NetSales"": 5.6, ""OperatingIncome"": 5.3, ""OrdinaryIncome"": 5.0}",https://www.release.tdnet.info/inbs/140120260928541317.pdf,https://www.release.tdnet.info/inbs/091220260928541317.zip,東,2026-10-09T14:36
140120260929542326,2026-09-29T18:30,6594,ニデック,2026年３月期第３四半期決算短信及び2026年３月期決算短信の開示予定日の決定に関するお知らせ,earnings_report,False,,,,,,https://www.release.tdnet.info/inbs/140120260929542326.pdf,,東,2026-10-09T14:36
140120260929542337,2026-09-29T18:00,3202,ダイトウボウ,営業外収益（受取配当金）の計上及び 2027年３月期第２四半期（累計）連結業績予想の修正に関するお知らせ,forecast_revision,False,down,OperatingIncome,-9.4,CurrentAccumulatedQ2Duration,"{""NetIncome"": 183.3, ""NetSales"": -9.1, ""OperatingIncome"": -9.4, ""OrdinaryIncome"": 130.0}",https://www.release.tdnet.info/inbs/140120260929542337.pdf,https://www.release.tdnet.info/inbs/091220260929542337.zip,東名,2026-10-09T14:36
140120260929542318,2026-09-29T16:50,3296,Ｒ－日本リート,（訂正）「2026年6月期 決算短信（REIT）」の一部訂正に関するお知らせ,earnings_report,True,,,,,,https://www.release.tdnet.info/inbs/140120260929542318.pdf,,東,2026-10-09T14:36
140120260929542295,2026-09-29T16:30,6085,Ｇ－アーキテクツＳＪ,第三者割当による第５回新株予約権（行使価額修正条項付）の発行に関する補足説明資料,earnings_presentation,False,,,,,,https://www.release.tdnet.info/inbs/140120260929542295.pdf,,東,2026-10-09T14:36
140120260929542258,2026-09-29T16:30,2391,プラネット,2026年7月期 決算説明会資料,earnings_presentation,False,,,,,,https://www.release.tdnet.info/inbs/140120260929542258.pdf,,東,2026-10-09T14:36
140120260928541531,2026-09-29T16:30,3038,神戸物産,「2026年10月期 第３四半期決算短信〔日本基準〕（連結）」（公認会計士等による期中レビューの完了）,earnings_report,False,,,,,,https://www.release.tdnet.info/inbs/140120260928541531.pdf,https://www.release.tdnet.info/inbs/081220260928541531.zip,東,2026-10-09T14:36
140120260928541315,2026-09-29T16:30,3038,神戸物産,ユーロ円CB発行および自己株式取得に関する補足説明資料,earnings_presentation,False,,,,,,https://www.release.tdnet.info/inbs/140120260928541315.pdf,,東,2026-10-09T14:36
140120260928541396,2026-09-29T16:00,9976,セキチュー,2027年２月期第２四半期(中間期)業績予想と実績との差異および通期業績予想の修正に関するお知らせ,forecast_revision,False,up,OperatingIncome,20.0,CurrentYearDuration,"{""NetIncome"": 0.0, ""OperatingIncome"": 20.0, ""OperatingRevenues"": 0.0, ""OrdinaryIncome"": 9.1}",https://www.release.tdnet.info/inbs/140120260928541396.pdf,https://www.release.tdnet.info/inbs/091220260928541396.zip,東,2026-10-09T14:36
140120260928541390,2026-09-29T16:00,9976,セキチュー,2027年２月期第２四半期(中間期)決算短信〔日本基準〕(非連結),earnings_report,False,,,,,,https://www.release.tdnet.info/inbs/140120260928541390.pdf,https://www.release.tdnet.info/inbs/081220260928541390.zip,東,2026-10-09T14:36
140120260929541978,2026-09-29T15:30,6822,大井電気,2027年3月期第2四半期（中間期）連結業績予想の修正に関するお知らせ,forecast_revision,False,down,OperatingIncome,-200.0,CurrentAccumulatedQ2Duration,"{""NetIncome"": -78.0, ""NetSales"": -9.4, ""OperatingIncome"": -200.0, ""OrdinaryIncome"": -211.1}",https://www.release.tdnet.info/inbs/140120260929541978.pdf,https://www.release.tdnet.info/inbs/091220260929541978.zip,東,2026-10-09T14:36
140120260929541859,2026-09-29T15:30,7068,Ｇ－ＦフォースＧ,2027年5月期Q1決算説明資料（事業計画及び成長可能性に関する事項）,earnings_presentation,False,,,,,,https://www.release.tdnet.info/inbs/140120260929541859.pdf,,東,2026-10-09T14:36
140120260929541766,2026-09-29T15:30,9235,Ｇ－売れるネットＧ,（訂正）「2026年７月期 決算短信〔日本基準〕(連結)」の一部訂正について,earnings_report,True,,,,,,https://www.release.tdnet.info/inbs/140120260929541766.pdf,,東,2026-10-09T14:36
140120260929541758,2026-09-29T15:30,7068,Ｇ－ＦフォースＧ,2027年５月期 第１四半期決算短信〔日本基準〕（連結）,earnings_report,False,,,,,,https://www.release.tdnet.info/inbs/140120260929541758.pdf,https://www.release.tdnet.info/inbs/081220260929541758.zip,東,2026-10-09T14:36
140120260929541652,2026-09-29T15:30,3050,ＤＣＭ,2027年２月期　第２四半期決算補足説明資料,earnings_presentation,False,,,,,,https://www.release.tdnet.info/inbs/140120260929541652.pdf,,東,2026-10-09T14:36
140120260929541616,2026-09-29T15:30,3050,ＤＣＭ,2027年２月期　第２四半期（中間期）決算短信〔日本基準〕（連結）,earnings_report,False,,,,,,https://www.release.tdnet.info/inbs/140120260929541616.pdf,https://www.release.tdnet.info/inbs/081220260929541616.zip,東,2026-10-09T14:36
140120260928541523,2026-09-29T15:30,2994,Ｐ－アンサーＨＤ,（訂正）「2026年６月期　決算短信〔日本基準〕（連結）」の一部訂正について,earnings_report,True,,,,,,https://www.release.tdnet.info/inbs/140120260928541523.pdf,,東,2026-10-09T14:36
140120260928541154,2026-09-29T15:30,9253,Ｇ－スローガン,2027年2月期 第2四半期（中間期）決算短信〔日本基準〕（連結）,earnings_report,False,,,,,,https://www.release.tdnet.info/inbs/140120260928541154.pdf,https://www.release.tdnet.info/inbs/081220260928541154.zip,東,2026-10-09T14:36
140120260928540923,2026-09-29T15:30,2792,ハニーズＨＬＤ,2027年５月期　第１四半期決算短信〔日本基準〕（連結）,earnings_report,False,,,,,,https://www.release.tdnet.info/inbs/140120260928540923.pdf,https://www.release.tdnet.info/inbs/081220260928540923.zip,東,2026-10-09T14:36
140120260928540615,2026-09-29T15:30,9253,Ｇ－スローガン,2027年2月期 第2四半期決算説明資料,earnings_presentation,False,,,,,,https://www.release.tdnet.info/inbs/140120260928540615.pdf,,東,2026-10-09T14:36
140120260925540250,2026-09-29T15:30,4393,Ｇ－バンクオブイノベ,通期連結業績予想に関するお知らせ,forecast_initial,False,,,,,,https://www.release.tdnet.info/inbs/140120260925540250.pdf,https://www.release.tdnet.info/inbs/091220260925540250.zip,東,2026-10-09T14:36
140120260928541416,2026-09-29T15:00,5852,アーレスティ,2027年３月期連結業績予想（中間期・通期）の修正に関するお知らせ,forecast_revision,False,down,OperatingIncome,-78.6,CurrentYearDuration,"{""NetSales"": 11.9, ""OperatingIncome"": -78.6, ""OrdinaryIncome"": -200.0}",https://www.release.tdnet.info/inbs/140120260928541416.pdf,https://www.release.tdnet.info/inbs/091220260928541416.zip,東,2026-10-09T14:36
140120260928541328,2026-09-29T15:00,3607,クラウディアＨＤ,2026年8月期通期連結業績予想と実績値との差異に関するお知らせ,actual_vs_forecast,False,,,,,,https://www.release.tdnet.info/inbs/140120260928541328.pdf,,東,2026-10-09T14:36
140120260928541251,2026-09-29T15:00,3607,クラウディアＨＤ,2026年8月期　決算短信〔日本基準〕（連結）,earnings_report,False,,,,,,https://www.release.tdnet.info/inbs/140120260928541251.pdf,https://www.release.tdnet.info/inbs/081220260928541251.zip,東,2026-10-09T14:36
140120260928540809,2026-09-29T15:00,7921,ＴＡＫＡＲＡ＆ＣＯ,2027年５月期　第１四半期決算短信〔日本基準〕（連結）,earnings_report,False,,,,,,https://www.release.tdnet.info/inbs/140120260928540809.pdf,https://www.release.tdnet.info/inbs/081220260928540809.zip,東,2026-10-09T14:36
140120260826526465,2026-09-29T14:00,9074,日石輸,2027年３月期の業績予想に関するお知らせ,forecast_initial,False,,,,,,https://www.release.tdnet.info/inbs/140120260826526465.pdf,https://www.release.tdnet.info/inbs/091220260826526465.zip,東,2026-10-09T14:36
140120260925540554,2026-09-29T13:00,8217,オークワ,2027年２月期第２四半期（中間期）決算短信〔日本基準〕(連結),earnings_report,False,,,,,,https://www.release.tdnet.info/inbs/140120260925540554.pdf,https://www.release.tdnet.info/inbs/081220260925540554.zip,東,2026-10-09T14:36
140120260928541331,2026-09-29T11:30,9744,メイテックＧＨＤ,特別損失の計上並びに2027年3月期第2四半期（累計）業績予想の修正に関するお知らせ,forecast_revision,False,up,OperatingIncome,6.3,CurrentAccumulatedQ2Duration,"{""NetSales"": -1.0, ""OperatingIncome"": 6.3, ""OrdinaryIncome"": 6.3, ""ProfitAttributableToOwnersOfParent"": -40.0}",https://www.release.tdnet.info/inbs/140120260928541331.pdf,https://www.release.tdnet.info/inbs/091220260928541331.zip,東,2026-10-09T14:36
140120260929541770,2026-09-29T11:15,1349,アジア債券,2026年6月期 アジア国債・公債ＥＴＦ（正式名称：ＡＢＦ汎アジア債券インデックス・ファンド）決算短信,earnings_report,False,,,,,,https://www.release.tdnet.info/inbs/140120260929541770.pdf,,東,2026-10-09T14:36
140120260929541638,2026-09-29T09:50,349A,ＳＭＤＡＭ日本グロ株,2027年2月期　中間決算短信（2026年2月21日～2026年8月20日）,earnings_report,False,,,,,,https://www.release.tdnet.info/inbs/140120260929541638.pdf,,東,2026-10-09T14:36
140120260925540553,2026-09-28T18:30,3632,グリーＨＤ,通期連結業績予想の修正（上方修正）に関するお知らせ,forecast_revision,False,up,OperatingIncome,0.0,CurrentYearDuration,"{""NetSales"": 11.8, ""OperatingIncome"": 0.0}",https://www.release.tdnet.info/inbs/140120260925540553.pdf,https://www.release.tdnet.info/inbs/091220260925540553.zip,東,2026-10-09T14:36
140120260925540398,2026-09-28T18:30,4216,旭有機材,2027年3月期第2四半期（中間期）および通期連結業績予想ならびに配当予想の修正に関するお知らせ,forecast_dividend_revision,False,up,OperatingIncome,41.2,CurrentYearDuration,"{""NetSales"": 3.3, ""OperatingIncome"": 41.2, ""OrdinaryIncome"": 41.4, ""ProfitAttributableToOwnersOfParent"": 34.4}",https://www.release.tdnet.info/inbs/140120260925540398.pdf,https://www.release.tdnet.info/inbs/091220260925540398.zip,東,2026-10-09T14:36
140120260928541340,2026-09-28T18:00,604A,ビーエイブル,（訂正）「2026年7月期 決算説明会資料」の訂正に関するお知らせ,earnings_presentation,True,,,,,,https://www.release.tdnet.info/inbs/140120260928541340.pdf,,東,2026-10-09T14:36
140120260928541099,2026-09-28T18:00,9246,Ｇ－プロジェクトＨＤ,特別損失計上に伴う業績予想の修正に関するお知らせ,forecast_revision,False,flat,OperatingIncome,0.0,CurrentYearDuration,"{""NetSales"": 0.0, ""OperatingIncome"": 0.0, ""OrdinaryIncome"": 0.0, ""ProfitAttributableToOwnersOfParent"": -55.9}",https://www.release.tdnet.info/inbs/140120260928541099.pdf,https://www.release.tdnet.info/inbs/091220260928541099.zip,東,2026-10-09T14:36
140120260925540368,2026-09-28T17:20,9759,ＮＳＤ,2027年３月期 期末配当予想の修正（増配）に関するお知らせ,dividend_revision,False,up,,,,,https://www.release.tdnet.info/inbs/140120260925540368.pdf,https://www.release.tdnet.info/inbs/091220260925540368.zip,東,2026-10-09T14:36
140120260925540152,2026-09-28T17:20,9759,ＮＳＤ,2027年３月期第２四半期（中間期）及び通期連結業績予想の修正に関するお知らせ,forecast_revision,False,up,OperatingIncome,3.1,CurrentYearDuration,"{""NetSales"": 1.6, ""OperatingIncome"": 3.1, ""OrdinaryIncome"": 3.6, ""ProfitAttributableToOwnersOfParent"": 1.5}",https://www.release.tdnet.info/inbs/140120260925540152.pdf,https://www.release.tdnet.info/inbs/091220260925540152.zip,東,2026-10-09T14:36
140120260928541062,2026-09-28T16:45,3290,Ｒ－Ｏｎｅリート,本日付公表の一連のプレスリリースに関する補足説明資料,earnings_presentation,False,,,,,,https://www.release.tdnet.info/inbs/140120260928541062.pdf,,東,2026-10-09T14:36
140120260928541046,2026-09-28T16:45,7071,アンビス,今後の成長戦略について（補足資料）,earnings_presentation,False,,,,,,https://www.release.tdnet.info/inbs/140120260928541046.pdf,,東,2026-10-09T14:36
140120260918538905,2026-09-28T16:45,4572,Ｇ－カルナバイオ,資金調達に関する補足説明資料,earnings_presentation,False,,,,,,https://www.release.tdnet.info/inbs/140120260918538905.pdf,,東,2026-10-09T14:36
140120260928541228,2026-09-28T16:00,7624,ＮａＩＴＯ,業績予想の修正に関するお知らせ,forecast_revision,False,,,,,,https://www.release.tdnet.info/inbs/140120260928541228.pdf,,東,2026-10-09T14:36
140120260928541151,2026-09-28T16:00,1469,４００ベア２倍,2026年8月期（2025年8月21日～2026年8月20日）決算短信,earnings_report,False,,,,,,https://www.release.tdnet.info/inbs/140120260928541151.pdf,,東,2026-10-09T14:36
140120260928541148,2026-09-28T16:00,1569,トピックスインバース,2027年2月期　中間決算短信（2026年2月21日～2026年8月20日）,earnings_report,False,,,,,,https://www.release.tdnet.info/inbs/140120260928541148.pdf,,東,2026-10-09T14:36
140120260928541146,2026-09-28T16:00,1579,日経レバレッジダブル,2027年2月期　中間決算短信（2026年2月21日～2026年8月20日）,earnings_report,False,,,,,,https://www.release.tdnet.info/inbs/140120260928541146.pdf,,東,2026-10-09T14:36
140120260928541142,2026-09-28T16:00,1580,２２５インバース,2027年2月期　中間決算短信（2026年2月21日～2026年8月20日）,earnings_report,False,,,,,,https://www.release.tdnet.info/inbs/140120260928541142.pdf,,東,2026-10-09T14:36
140120260928541119,2026-09-28T16:00,1568,ＴＰレバレッジダブル,2027年2月期　中間決算短信（2026年2月21日～2026年8月20日）,earnings_report,False,,,,,,https://www.release.tdnet.info/inbs/140120260928541119.pdf,,東,2026-10-09T14:36
140120260928541116,2026-09-28T16:00,1356,ＴＰダブルインバース,2027年2月期　中間決算短信（2026年2月21日～2026年8月20日）,earnings_report,False,,,,,,https://www.release.tdnet.info/inbs/140120260928541116.pdf,,東,2026-10-09T14:36
140120260928541113,2026-09-28T16:00,1360,ダブルインバース日経,2027年2月期　中間決算短信（2026年2月21日～2026年8月20日）,earnings_report,False,,,,,,https://www.release.tdnet.info/inbs/140120260928541113.pdf,,東,2026-10-09T14:36
140120260925540547,2026-09-28T16:00,1723,日本電技,2027年３月期第１四半期決算短信〔日本基準〕（連結）（公認会計士等による期中レビューの完了）,earnings_report,False,,,,,,https://www.release.tdnet.info/inbs/140120260925540547.pdf,https://www.release.tdnet.info/inbs/081220260925540547.zip,東,2026-10-09T14:36
140120260917537930,2026-09-28T16:00,7624,ＮａＩＴＯ,令和9年2月期 第2四半期（中間期）決算短信〔日本基準〕（連結）,earnings_report,False,,,,,,https://www.release.tdnet.info/inbs/140120260917537930.pdf,https://www.release.tdnet.info/inbs/081220260917537930.zip,東,2026-10-09T14:36
140120260928541008,2026-09-28T15:30,7552,ハピネット,業績予想の修正に関するお知らせ,forecast_revision,False,up,OperatingIncome,73.1,CurrentAccumulatedQ2Duration,"{""NetIncome"": 80.0, ""NetSales"": 15.0, ""OperatingIncome"": 73.1, ""OrdinaryIncome"": 68.8}",https://www.release.tdnet.info/inbs/140120260928541008.pdf,https://www.release.tdnet.info/inbs/091220260928541008.zip,東,2026-10-09T14:36
140120260928540999,2026-09-28T15:30,6730,アクセル,第２四半期（中間期）業績予想及び通期業績予想並びに配当予想の修正に関するお知らせ,forecast_dividend_revision,False,up,OperatingIncome,90.8,CurrentYearDuration,"{""NetSales"": 36.0, ""OperatingIncome"": 90.8, ""OrdinaryIncome"": 85.0, ""ProfitAttributableToOwnersOfParent"": 91.0}",https://www.release.tdnet.info/inbs/140120260928540999.pdf,https://www.release.tdnet.info/inbs/091220260928540999.zip,東,2026-10-09T14:36
140120260928540934,2026-09-28T15:30,6787,メイコー,株式分割及び配当予想の修正に関するお知らせ,dividend_revision,False,,,,,,https://www.release.tdnet.info/inbs/140120260928540934.pdf,https://www.release.tdnet.info/inbs/091220260928540934.zip,東,2026-10-09T14:36
140120260928540926,2026-09-28T15:30,3538,ウイルプラスＨＤ,(再訂正・数値データ再訂正)「2026年６月期決算短信〔日本基準〕(連結)」の一部再訂正について,earnings_report,False,,,,,,https://www.release.tdnet.info/inbs/140120260928540926.pdf,https://www.release.tdnet.info/inbs/081220260928540926.zip,東,2026-10-09T14:36
140120260928540756,2026-09-28T15:30,6194,アトラエ,2026年9月期の期末配当・株主優待・定時株主総会における議決権の基準日に関する補足説明資料,earnings_presentation,False,,,,,,https://www.release.tdnet.info/inbs/140120260928540756.pdf,,東,2026-10-09T14:36
140120260927540636,2026-09-28T15:30,8227,しまむら,2027年２月期　（第２四半期）決算短信〔日本基準〕（連結）,earnings_report,False,,,,,,https://www.release.tdnet.info/inbs/140120260927540636.pdf,https://www.release.tdnet.info/inbs/081220260927540636.zip,東,2026-10-09T14:36
140120260925540480,2026-09-28T15:00,5484,東北鋼,2027年３月期中間配当（無配）に関するお知らせ,dividend_revision,False,down,,,,,https://www.release.tdnet.info/inbs/140120260925540480.pdf,https://www.release.tdnet.info/inbs/091220260925540480.zip,東,2026-10-09T14:36
140120260925540587,2026-09-28T13:30,2929,ファーマフーズ,2026年7月期　決算補足説明資料,earnings_presentation,False,,,,,,https://www.release.tdnet.info/inbs/140120260925540587.pdf,,東,2026-10-09T14:36
140120260927540613,2026-09-28T12:00,604A,ビーエイブル,2026年７月期 決算説明会資料,earnings_presentation,False,,,,,,https://www.release.tdnet.info/inbs/140120260927540613.pdf,,東,2026-10-09T14:36
140120260925540527,2026-09-25T18:15,6533,オーケストラＨＤ,株主優待制度の拡充及び配当予想の修正（増配）に関するお知らせ,dividend_revision,False,up,,,,,https://www.release.tdnet.info/inbs/140120260925540527.pdf,https://www.release.tdnet.info/inbs/091220260925540527.zip,東,2026-10-09T14:36
140120260924539798,2026-09-25T17:00,5986,モリテック,特別利益（投資有価証券売却益）の計上見込み並びに第２四半期（中間期）及び通期連結業績予想の修正に関するお知らせ,forecast_revision,False,flat,OperatingIncome,0.0,CurrentYearDuration,"{""NetIncome"": 102.0, ""NetSales"": 0.0, ""OperatingIncome"": 0.0, ""OrdinaryIncome"": 0.0}",https://www.release.tdnet.info/inbs/140120260924539798.pdf,https://www.release.tdnet.info/inbs/091220260924539798.zip,東,2026-10-09T14:36
140120260918538488,2026-09-25T16:30,7897,ホクシン,2027年３月期第２四半期（中間期）業績予想の修正に関するお知らせ,forecast_revision,False,up,OperatingIncome,270.0,CurrentAccumulatedQ2Duration,"{""NetIncome"": 191.7, ""NetSales"": 1.9, ""OperatingIncome"": 270.0, ""OrdinaryIncome"": 254.5}",https://www.release.tdnet.info/inbs/140120260918538488.pdf,https://www.release.tdnet.info/inbs/091220260918538488.zip,東,2026-10-09T14:36
140120260907532560,2026-09-25T16:30,7133,Ｇ－ヒュウガプライマ,2027年３月期の期末配当予想の修正（無配）に関するお知らせ,dividend_revision,False,down,,,,,https://www.release.tdnet.info/inbs/140120260907532560.pdf,https://www.release.tdnet.info/inbs/091220260907532560.zip,東,2026-10-09T14:36
140120260925540232,2026-09-25T16:00,7610,テイツー,連結業績予想の修正に関するお知らせ,forecast_revision,False,up,OperatingIncome,25.0,CurrentYearDuration,"{""NetSales"": 2.4, ""OperatingIncome"": 25.0, ""OrdinaryIncome"": 25.0, ""ProfitAttributableToOwnersOfParent"": 25.0}",https://www.release.tdnet.info/inbs/140120260925540232.pdf,https://www.release.tdnet.info/inbs/091220260925540232.zip,東,2026-10-09T14:36
140120260924539531,2026-09-25T16:00,4495,Ｇ－アイキューブド,（訂正）「2026年６月期 決算短信〔日本基準〕(連結)」及び「2026年６月期 通期決算説明資料」の一部訂正について,earnings_presentation,True,,,,,,https://www.release.tdnet.info/inbs/140120260924539531.pdf,,東,2026-10-09T14:36
140120260924539251,2026-09-25T16:00,7643,ダイイチ,特別損失（減損損失）の計上および2026年９月期通期業績予想の修正に関するお知らせ,forecast_revision,False,down,OperatingIncome,-7.1,CurrentYearDuration,"{""NetIncome"": -83.3, ""NetSales"": 0.0, ""OperatingIncome"": -7.1, ""OrdinaryIncome"": -6.1}",https://www.release.tdnet.info/inbs/140120260924539251.pdf,https://www.release.tdnet.info/inbs/091220260924539251.zip,東札,2026-10-09T14:36
140120260916537243,2026-09-25T16:00,9509,北海電力,2026年度 連結業績予想の修正について,forecast_revision,False,,,,,,https://www.release.tdnet.info/inbs/140120260916537243.pdf,,東札,2026-10-09T14:36
140120260916537214,2026-09-25T16:00,9509,北海電力,業績予想(連結)の修正に関するお知らせ,forecast_revision,False,up,OperatingIncome,27.1,CurrentYearDuration,"{""NetSales"": 5.7, ""OperatingIncome"": 27.1, ""OrdinaryIncome"": 53.3, ""ProfitAttributableToOwnersOfParent"": 50.0}",https://www.release.tdnet.info/inbs/140120260916537214.pdf,https://www.release.tdnet.info/inbs/091220260916537214.zip,東札,2026-10-09T14:36
140120260925540241,2026-09-25T15:30,4465,ニイタカ,2027年５月期 第１四半期決算短信〔日本基準〕（連結）,earnings_report,False,,,,,,https://www.release.tdnet.info/inbs/140120260925540241.pdf,https://www.release.tdnet.info/inbs/081220260925540241.zip,東,2026-10-09T14:36
140120260925540059,2026-09-25T15:30,3295,Ｒ－ヒューリックＲＥ,2026年9月25日付で公表したプレスリリースに関する補足説明資料,earnings_presentation,False,,,,,,https://www.release.tdnet.info/inbs/140120260925540059.pdf,,東,2026-10-09T14:36
140120260925539974,2026-09-25T15:30,428A,サイプレスＨＤ,繰延税金資産の計上及び通期業績予想の修正に関するお知らせ,forecast_revision,False,up,OperatingIncomeIFRS,2.9,CurrentYearDuration,"{""NetSalesIFRS"": 4.7, ""OperatingIncomeIFRS"": 2.9, ""ProfitAttributableToOwnersOfParentIFRS"": 51.0, ""ProfitBeforeTaxIFRS"": 2.4}",https://www.release.tdnet.info/inbs/140120260925539974.pdf,https://www.release.tdnet.info/inbs/091220260925539974.zip,東,2026-10-09T14:36
140120260925539958,2026-09-25T15:30,2742,ハローズ,2027年２月期　第２四半期（中間期）決算短信〔日本基準〕（非連結）,earnings_report,False,,,,,,https://www.release.tdnet.info/inbs/140120260925539958.pdf,https://www.release.tdnet.info/inbs/081220260925539958.zip,東,2026-10-09T14:36
140120260924539807,2026-09-25T15:30,2778,パレモ・ＨＤ,2027年２月期　第２四半期（中間期）決算短信〔日本基準〕（連結）,earnings_report,False,,,,,,https://www.release.tdnet.info/inbs/140120260924539807.pdf,https://www.release.tdnet.info/inbs/081220260924539807.zip,東名,2026-10-09T14:36
140120260924539396,2026-09-25T15:30,8217,オークワ,業績予想の修正に関するお知らせ,forecast_revision,False,down,OperatingIncome,-38.1,CurrentYearDuration,"{""OperatingIncome"": -38.1, ""OperatingRevenues"": -1.8, ""OrdinaryIncome"": -38.1, ""ProfitAttributableToOwnersOfParent"": -92.3}",https://www.release.tdnet.info/inbs/140120260924539396.pdf,https://www.release.tdnet.info/inbs/091220260924539396.zip,東,2026-10-09T14:36
140120260918538718,2026-09-25T14:00,8388,阿波銀,「業績予想の修正」および「配当予想の修正」に関するお知らせ,forecast_dividend_revision,False,up,OrdinaryIncome,13.8,CurrentYearDuration,"{""OrdinaryIncome"": 13.8, ""OrdinaryRevenuesBK"": 14.6, ""ProfitAttributableToOwnersOfParent"": 13.6}",https://www.release.tdnet.info/inbs/140120260918538718.pdf,https://www.release.tdnet.info/inbs/091220260918538718.zip,東,2026-10-09T14:36
140120260925540214,2026-09-25T13:00,3333,あさひ,2027年２月期 第２四半期(中間期)　決算短信〔日本基準〕(非連結),earnings_report,False,,,,,,https://www.release.tdnet.info/inbs/140120260925540214.pdf,https://www.release.tdnet.info/inbs/081220260925540214.zip,東,2026-10-09T14:36
140120260925540164,2026-09-25T13:00,3333,あさひ,2027年2月期 第2四半期(中間期) 決算説明資料,earnings_presentation,False,,,,,,https://www.release.tdnet.info/inbs/140120260925540164.pdf,,東,2026-10-09T14:36
140120260924539188,2026-09-25T12:30,8154,加賀電子,2027年３月期通期業績予想の修正（上方修正）、配当予想の修正（増配）ならびに特別利益（負ののれん発生益）の計上に関するお知らせ,forecast_dividend_revision,False,up,OperatingIncome,6.7,CurrentYearDuration,"{""NetSales"": 15.2, ""OperatingIncome"": 6.7, ""OrdinaryIncome"": 6.7, ""ProfitAttributableToOwnersOfParent"": 31.8}",https://www.release.tdnet.info/inbs/140120260924539188.pdf,https://www.release.tdnet.info/inbs/091220260924539188.zip,東,2026-10-09T14:36
140120260914536153,2026-09-25T12:30,7322,３３ＦＧ,業績予想の修正及び配当予想の修正（増配）に関するお知らせ,forecast_dividend_revision,False,up,OrdinaryIncome,14.5,CurrentYearDuration,"{""OrdinaryIncome"": 14.5, ""ProfitAttributableToOwnersOfParent"": 13.3}",https://www.release.tdnet.info/inbs/140120260914536153.pdf,https://www.release.tdnet.info/inbs/091220260914536153.zip,東名,2026-10-09T14:36
140120260924539703,2026-09-25T12:00,8346,東邦銀,2027年３月期中間配当予想および期末配当予想の修正（増配）に関するお知らせ,dividend_revision,False,up,,,,,https://www.release.tdnet.info/inbs/140120260924539703.pdf,https://www.release.tdnet.info/inbs/091220260924539703.zip,東,2026-10-09T14:36
140120260917538010,2026-09-25T12:00,8346,東邦銀,業績予想の修正に関するお知らせ,forecast_revision,False,up,OrdinaryIncome,21.4,CurrentYearDuration,"{""OrdinaryIncome"": 21.4, ""OrdinaryRevenuesBK"": 41.3, ""ProfitAttributableToOwnersOfParent"": 23.1}",https://www.release.tdnet.info/inbs/140120260917538010.pdf,https://www.release.tdnet.info/inbs/091220260917538010.zip,東,2026-10-09T14:36
140120260924539535,2026-09-24T17:00,4548,生化学,2027年3月期通期連結業績予想の修正、通期個別業績予想の公表及び配当予想の修正に関するお知らせ,forecast_dividend_revision,False,down,OperatingIncome,-200.0,CurrentYearDuration,"{""NetSales"": -11.4, ""OperatingIncome"": -200.0, ""OrdinaryIncome"": -95.2, ""ProfitAttributableToOwnersOfParent"": -180.0}",https://www.release.tdnet.info/inbs/140120260924539535.pdf,https://www.release.tdnet.info/inbs/091220260924539535.zip,東,2026-10-09T14:36
140120260924539226,2026-09-24T17:00,8966,Ｒ－平和ＲＥ,本日付公表の適時開示に関する補足説明資料,earnings_presentation,False,,,,,,https://www.release.tdnet.info/inbs/140120260924539226.pdf,,東,2026-10-09T14:36
140120260924539671,2026-09-24T16:50,1803,清水建,ユーロ円建転換社債(CB)発行及び自己株式取得に関する補足説明資料,earnings_presentation,False,,,,,,https://www.release.tdnet.info/inbs/140120260924539671.pdf,,東名,2026-10-09T14:36
140120260918538309,2026-09-24T16:01,410A,Ｇ－ＧＭＯコマース,GMO NIKKOおよびGMOインサイト 株式取得に関する補足説明,earnings_presentation,False,,,,,,https://www.release.tdnet.info/inbs/140120260918538309.pdf,,東,2026-10-09T14:36
140120260918538308,2026-09-24T16:01,410A,Ｇ－ＧＭＯコマース,2026年12月期配当予想の修正（増配）に関するお知らせ,dividend_revision,False,up,,,,,https://www.release.tdnet.info/inbs/140120260918538308.pdf,https://www.release.tdnet.info/inbs/091220260918538308.zip,東,2026-10-09T14:36
140120260918538307,2026-09-24T16:01,410A,Ｇ－ＧＭＯコマース,2026年12月期通期連結業績予想の修正に関するお知らせ,forecast_revision,False,up,OperatingIncome,12.1,CurrentYearDuration,"{""NetSales"": 68.5, ""OperatingIncome"": 12.1, ""OrdinaryIncome"": 12.1, ""ProfitAttributableToOwnersOfParent"": 2.8}",https://www.release.tdnet.info/inbs/140120260918538307.pdf,https://www.release.tdnet.info/inbs/091220260918538307.zip,東,2026-10-09T14:36
140120260924539536,2026-09-24T16:00,5253,Ｇ－カバー,2027年３月期第２四半期（累計）業績予想の修正に関するお知らせ,forecast_revision,False,up,OrdinaryIncome,76.2,CurrentAccumulatedQ2Duration,"{""NetIncome"": 70.4, ""NetSales"": 0.0, ""OperatingRevenues"": 81.3, ""OrdinaryIncome"": 76.2}",https://www.release.tdnet.info/inbs/140120260924539536.pdf,https://www.release.tdnet.info/inbs/091220260924539536.zip,東,2026-10-09T14:36
140120260918538643,2026-09-24T16:00,2207,ｍｅｉｔｏ,株式分割、定款の一部変更、自己株式取得に係る事項の一部変更、配当予想の修正および株主優待制度に関するお知らせ,dividend_revision,False,,,,,,https://www.release.tdnet.info/inbs/140120260918538643.pdf,https://www.release.tdnet.info/inbs/091220260918538643.zip,東名,2026-10-09T14:36
140120260924539594,2026-09-24T15:40,7619,田中商事,中間配当予想の修正（増配）に関するお知らせ,dividend_revision,False,up,,,,,https://www.release.tdnet.info/inbs/140120260924539594.pdf,https://www.release.tdnet.info/inbs/091220260924539594.zip,東,2026-10-09T14:36
140120260924539360,2026-09-24T15:30,5801,古河電工,投資有価証券の売却および特別利益の計上見込み並びに2027年3月期第２四半期（中間期）連結業績予想の修正に関するお知らせ,forecast_revision,False,flat,OperatingIncome,0.0,CurrentAccumulatedQ2Duration,"{""NetSales"": 0.0, ""OperatingIncome"": 0.0, ""OrdinaryIncome"": 0.0, ""ProfitAttributableToOwnersOfParent"": 36.5}",https://www.release.tdnet.info/inbs/140120260924539360.pdf,https://www.release.tdnet.info/inbs/091220260924539360.zip,東,2026-10-09T14:36
140120260924539290,2026-09-24T15:30,8972,Ｒ－ＫＤＸ不動産,本日付公表のプレスリリースに関する補足説明資料「資産の取得及び譲渡に関するお知らせ」「運用状況の予想及び分配金の予想の修正に関するお知らせ」,earnings_presentation,False,,,,,,https://www.release.tdnet.info/inbs/140120260924539290.pdf,,東,2026-10-09T14:36
140120260924539220,2026-09-24T15:30,6200,インソース,2026 年９月期 通期連結業績予想の修正に関するお知らせ,forecast_revision,False,down,OperatingIncome,-3.6,CurrentYearDuration,"{""NetSales"": -2.5, ""OperatingIncome"": -3.6, ""OrdinaryIncome"": -3.6, ""ProfitAttributableToOwnersOfParent"": -3.4}",https://www.release.tdnet.info/inbs/140120260924539220.pdf,https://www.release.tdnet.info/inbs/091220260924539220.zip,東,2026-10-09T14:36
140120260923539060,2026-09-24T15:30,7227,アスカ,2026年11月期　第3四半期決算短信〔日本基準〕（連結）,earnings_report,False,,,,,,https://www.release.tdnet.info/inbs/140120260923539060.pdf,https://www.release.tdnet.info/inbs/081220260923539060.zip,名,2026-10-09T14:36
140120260922539052,2026-09-24T15:30,6030,Ｇ－アドベンチャー,(訂正・数値データ訂正)「2026年６月期 決算短信〔IFRS〕（連結）」の一部訂正について,earnings_report,True,,,,,,https://www.release.tdnet.info/inbs/140120260922539052.pdf,https://www.release.tdnet.info/inbs/081220260922539052.zip,東,2026-10-09T14:36
140120260918538541,2026-09-24T15:30,3160,大光,2027年5月期 第1四半期決算短信〔日本基準〕（連結）,earnings_report,False,,,,,,https://www.release.tdnet.info/inbs/140120260918538541.pdf,https://www.release.tdnet.info/inbs/081220260918538541.zip,東,2026-10-09T14:36
140120260916537546,2026-09-24T15:30,4716,日本オラクル,2027年5月期(FY27)第1四半期　業績補足資料,earnings_presentation,False,,,,,,https://www.release.tdnet.info/inbs/140120260916537546.pdf,,東,2026-10-09T14:36
140120260916537545,2026-09-24T15:30,4716,日本オラクル,2027年5月期第1四半期決算短信〔日本基準〕(非連結),earnings_report,False,,,,,,https://www.release.tdnet.info/inbs/140120260916537545.pdf,https://www.release.tdnet.info/inbs/081220260916537545.zip,東,2026-10-09T14:36
140120260916536983,2026-09-24T14:00,9444,トーシンＨＤ,2026年5月8日期 決算短信〔日本基準〕（連結）,earnings_report,False,,,,,,https://www.release.tdnet.info/inbs/140120260916536983.pdf,https://www.release.tdnet.info/inbs/081220260916536983.zip,東,2026-10-09T14:36
140120260924539417,2026-09-24T13:45,4068,Ｇ－ベイシス,「2026年６月期決算説明資料（事業計画および成長可能性に関する事項）」の 一部訂正について,earnings_presentation,True,,,,,,https://www.release.tdnet.info/inbs/140120260924539417.pdf,,東,2026-10-09T14:36
140120260924539407,2026-09-24T13:45,4068,Ｇ－ベイシス,（訂正・数値データ訂正）「2026年６月期 決算短信[日本基準]（連結）」の一部訂正について,earnings_report,True,,,,,,https://www.release.tdnet.info/inbs/140120260924539407.pdf,https://www.release.tdnet.info/inbs/081220260924539407.zip,東,2026-10-09T14:36
140120260924539180,2026-09-24T13:00,518A,ＮＦ日株高配ＣＦ５０,NEXT FUNDS FTSE日本株高配当キャッシュフロー50指数連動型上場投信 決算短信,earnings_report,False,,,,,,https://www.release.tdnet.info/inbs/140120260924539180.pdf,,東,2026-10-09T14:36
140120260918538971,2026-09-24T12:00,8697,ＪＰＸ,業績予想及び配当予想の修正に関するお知らせ,forecast_dividend_revision,False,up,OperatingIncomeIFRS,6.2,CurrentYearDuration,"{""OperatingIncomeIFRS"": 6.2, ""OperatingRevenuesIFRS"": 4.6, ""ProfitAttributableToOwnersOfParentIFRS"": 6.6, ""ProfitBeforeTaxIFRS"": 6.5, ""ProfitIFRS"": 6.5}",https://www.release.tdnet.info/inbs/140120260918538971.pdf,https://www.release.tdnet.info/inbs/091220260918538971.zip,東,2026-10-09T14:36
140120260918538738,2026-09-24T12:00,7812,クレステック,（訂正・数値データ訂正）「2026年６月期 決算短信〔日本基準〕（連結）」の一部訂正について,earnings_report,True,,,,,,https://www.release.tdnet.info/inbs/140120260918538738.pdf,https://www.release.tdnet.info/inbs/081220260918538738.zip,東,2026-10-09T14:36
140120260924539303,2026-09-24T11:00,2629,ｉＦ中国ＧＢＡ１００,2027年2月期 中間決算短信（2026年2月11日～2026年8月10日）,earnings_report,False,,,,,,https://www.release.tdnet.info/inbs/140120260924539303.pdf,,東,2026-10-09T14:36
140120260924539298,2026-09-24T11:00,2628,ｉＦ中国科創板５０,2027年2月期 中間決算短信（2026年2月11日～2026年8月10日）,earnings_report,False,,,,,,https://www.release.tdnet.info/inbs/140120260924539298.pdf,,東,2026-10-09T14:36
140120260924539291,2026-09-24T11:00,1651,ｉＦ高配当４０,2026年8月期（2026年2月11日～2026年8月10日）決算短信,earnings_report,False,,,,,,https://www.release.tdnet.info/inbs/140120260924539291.pdf,,東,2026-10-09T14:36
140120260924539213,2026-09-24T11:00,328A,ＧＸ価格パワー日株,2026年8月期（2026年2月11日～2026年8月10日）決算短信,earnings_report,False,,,,,,https://www.release.tdnet.info/inbs/140120260924539213.pdf,,東,2026-10-09T14:36
140120260924539210,2026-09-24T11:00,404A,ＧＸ中国テック１０,2026年8月期（2026年2月11日～2026年8月10日）決算短信,earnings_report,False,,,,,,https://www.release.tdnet.info/inbs/140120260924539210.pdf,,東,2026-10-09T14:36
140120260918538862,2026-09-18T16:31,4893,Ｇ－ノイルイミューン,新株予約権発行による資金調達に関する補足説明資料,earnings_presentation,False,,,,,,https://www.release.tdnet.info/inbs/140120260918538862.pdf,,東,2026-10-09T14:36
140120260918538856,2026-09-18T16:30,3929,Ｇ－ソーシャルワイヤ,株主優待制度（分配型）に関する補足説明のお知らせ,earnings_presentation,False,,,,,,https://www.release.tdnet.info/inbs/140120260918538856.pdf,,東,2026-10-09T14:36
140120260917538239,2026-09-18T16:30,9941,太洋物産,2026年９月期第３四半期　決算説明資料,earnings_presentation,False,,,,,,https://www.release.tdnet.info/inbs/140120260917538239.pdf,,東,2026-10-09T14:36
140120260918538809,2026-09-18T16:00,588A,Ｓ－アットマークテク,（訂正）「2026年７月期 決算短信〔日本基準〕（非連結）」の一部訂正について,earnings_report,True,,,,,,https://www.release.tdnet.info/inbs/140120260918538809.pdf,,札,2026-10-09T14:36
140120260918538790,2026-09-18T16:00,2862,上場フランス国債Ｈ有,2026年8月期（2026年2月11日～2026年8月10日）決算短信,earnings_report,False,,,,,,https://www.release.tdnet.info/inbs/140120260918538790.pdf,,東,2026-10-09T14:36
140120260918538787,2026-09-18T16:00,2861,上場フランス国債Ｈ無,2026年8月期（2026年2月11日～2026年8月10日）決算短信,earnings_report,False,,,,,,https://www.release.tdnet.info/inbs/140120260918538787.pdf,,東,2026-10-09T14:36
140120260918538784,2026-09-18T16:00,2844,上場豪債ヘッジなし,2026年8月期（2026年2月11日～2026年8月10日）決算短信,earnings_report,False,,,,,,https://www.release.tdnet.info/inbs/140120260918538784.pdf,,東,2026-10-09T14:36
140120260918538759,2026-09-18T16:00,2843,上場豪債ヘッジあり,2026年8月期（2026年2月11日～2026年8月10日）決算短信,earnings_report,False,,,,,,https://www.release.tdnet.info/inbs/140120260918538759.pdf,,東,2026-10-09T14:36
140120260917538104,2026-09-18T16:00,2354,ＹＥ　ＤＩＧＩＴＡＬ,2027年２月期第２四半期（中間期）連結累計期間業績予想の修正に関するお知らせ,forecast_revision,False,down,OperatingIncome,-31.3,CurrentAccumulatedQ2Duration,"{""NetSales"": -5.0, ""OperatingIncome"": -31.3, ""OrdinaryIncome"": -29.4, ""ProfitAttributableToOwnersOfParent"": -33.3}",https://www.release.tdnet.info/inbs/140120260917538104.pdf,https://www.release.tdnet.info/inbs/091220260917538104.zip,東,2026-10-09T14:36
140120260916537408,2026-09-18T16:00,2266,六甲バター,2026年12月期第2四半期（中間期）決算説明会 質疑応答,earnings_presentation,False,,,,,,https://www.release.tdnet.info/inbs/140120260916537408.pdf,,東,2026-10-09T14:36
140120260907532657,2026-09-18T16:00,4594,Ｇ－ブライトパス,第21回新株予約権発行に関する補足説明資料,earnings_presentation,False,,,,,,https://www.release.tdnet.info/inbs/140120260907532657.pdf,,東,2026-10-09T14:36
140120260918538800,2026-09-18T15:30,5368,日本インシュレ,2027年３月期第２四半期（中間期）連結累計業績予想の修正に関するお知らせ,forecast_revision,False,up,OperatingIncome,36.7,CurrentAccumulatedQ2Duration,"{""NetSales"": 5.9, ""OperatingIncome"": 36.7, ""OrdinaryIncome"": 40.4, ""ProfitAttributableToOwnersOfParent"": 32.9}",https://www.release.tdnet.info/inbs/140120260918538800.pdf,https://www.release.tdnet.info/inbs/091220260918538800.zip,東,2026-10-09T14:36
140120260918538793,2026-09-18T15:30,7131,のむら産業,2026年10月期　第３四半期　決算補足資料,earnings_presentation,False,,,,,,https://www.release.tdnet.info/inbs/140120260918538793.pdf,,東,2026-10-09T14:36
140120260918538717,2026-09-18T15:30,4175,Ｇ－ｃｏｌｙ,2027年1月期第2四半期決算説明会　質疑応答要旨,earnings_presentation,False,,,,,,https://www.release.tdnet.info/inbs/140120260918538717.pdf,,東,2026-10-09T14:36
140120260918538695,2026-09-18T15:30,4175,Ｇ－ｃｏｌｙ,2027年1月期　第2四半期決算説明会　書き起こし,earnings_presentation,False,,,,,,https://www.release.tdnet.info/inbs/140120260918538695.pdf,,東,2026-10-09T14:36
140120260918538661,2026-09-18T15:30,7683,ダブルエー,2027年１月期 第２四半期決算補足説明資料,earnings_presentation,False,,,,,,https://www.release.tdnet.info/inbs/140120260918538661.pdf,,東,2026-10-09T14:36
140120260918538569,2026-09-18T15:30,3544,サツドラＨＤ,2027年５月期　第１四半期決算短信〔日本基準〕（連結）,earnings_report,False,,,,,,https://www.release.tdnet.info/inbs/140120260918538569.pdf,https://www.release.tdnet.info/inbs/081220260918538569.zip,東札,2026-10-09T14:36
140120260918538568,2026-09-18T15:30,9258,Ｇ－ＣＳ－Ｃ,特別損失の計上（連結・個別）及び2026年９月期通期連結業績予想の修正に関するお知らせ,forecast_revision,False,down,OperatingIncome,-207.1,CurrentYearDuration,"{""NetSales"": 13.3, ""OperatingIncome"": -207.1, ""OrdinaryIncome"": -201.5, ""ProfitAttributableToOwnersOfParent"": -339.1}",https://www.release.tdnet.info/inbs/140120260918538568.pdf,https://www.release.tdnet.info/inbs/091220260918538568.zip,東,2026-10-09T14:36
140120260918538498,2026-09-18T15:30,4287,ジャストプラ,2027年１月期　第２四半期（中間期）決算説明資料,earnings_presentation,False,,,,,,https://www.release.tdnet.info/inbs/140120260918538498.pdf,,東,2026-10-09T14:36
140120260917538268,2026-09-18T15:30,8798,アドバンスクリエイト,2026年9月期 第3四半期決算短信〔日本基準〕（連結）,earnings_report,False,,,,,,https://www.release.tdnet.info/inbs/140120260917538268.pdf,https://www.release.tdnet.info/inbs/081220260917538268.zip,東札福,2026-10-09T14:36
140120260917538243,2026-09-18T15:30,8798,アドバンスクリエイト,2026年9月期通期業績予想の修正に関するお知らせ,forecast_revision,False,,,,,,https://www.release.tdnet.info/inbs/140120260917538243.pdf,,東札福,2026-10-09T14:36
140120260917538029,2026-09-18T15:30,3439,三ツ知,（訂正・数値データ訂正）「2026年６月期決算短信［日本基準］（連結）」の一部訂正について,earnings_report,True,,,,,,https://www.release.tdnet.info/inbs/140120260917538029.pdf,https://www.release.tdnet.info/inbs/081220260917538029.zip,東名,2026-10-09T14:36
140120260917537960,2026-09-18T15:30,2926,篠崎屋,2026年９月期通期業績予想の開示に関するお知らせ,forecast_initial,False,,,,,,https://www.release.tdnet.info/inbs/140120260917537960.pdf,https://www.release.tdnet.info/inbs/091220260917537960.zip,東福,2026-10-09T14:36
140120260917537653,2026-09-18T15:30,3537,昭栄薬品,2027年３月期第２四半期（中間期）連結業績予想の修正に関するお知らせ,forecast_revision,False,up,OperatingIncome,103.3,CurrentAccumulatedQ2Duration,"{""NetSales"": 17.0, ""OperatingIncome"": 103.3, ""OrdinaryIncome"": 71.4, ""ProfitAttributableToOwnersOfParent"": 71.7}",https://www.release.tdnet.info/inbs/140120260917537653.pdf,https://www.release.tdnet.info/inbs/091220260917537653.zip,東,2026-10-09T14:36
140120260916536942,2026-09-18T15:30,5367,ニッカトー,第２四半期業績予想の修正並びに通期業績予想の修正および配当予想の修正（増配）に関するお知らせ,forecast_dividend_revision,False,up,,,CurrentYearDuration,,https://www.release.tdnet.info/inbs/140120260916536942.pdf,https://www.release.tdnet.info/inbs/091220260916536942.zip,東,2026-10-09T14:36
140120260827526904,2026-09-18T15:30,8931,和田興産,業績予想及び配当予想の修正に関するお知らせ,forecast_dividend_revision,False,,,,CurrentYearDuration,,https://www.release.tdnet.info/inbs/140120260827526904.pdf,https://www.release.tdnet.info/inbs/091220260827526904.zip,東,2026-10-09T14:36
140120260917538094,2026-09-18T15:00,7380,十六ＦＧ,2027年３月期中間配当予想の修正（設立５周年記念配当）に関するお知らせ,dividend_revision,False,,,,,,https://www.release.tdnet.info/inbs/140120260917538094.pdf,https://www.release.tdnet.info/inbs/091220260917538094.zip,東名,2026-10-09T14:36
140120260917538140,2026-09-18T14:00,3461,パルマ,2026年９月期通期個別業績目標及び配当予想の修正（創業20周年記念）に関するお知らせ,dividend_revision,False,,,,,,https://www.release.tdnet.info/inbs/140120260917538140.pdf,https://www.release.tdnet.info/inbs/091220260917538140.zip,東名,2026-10-09T14:36
140120260917537673,2026-09-18T14:00,2904,一正蒲鉾,（訂正・数値データ訂正）「2026年６月期決算短信〔日本基準〕（連結）」の一部訂正について,earnings_report,True,,,,,,https://www.release.tdnet.info/inbs/140120260917537673.pdf,https://www.release.tdnet.info/inbs/081220260917537673.zip,東,2026-10-09T14:36
140120260916537526,2026-09-18T12:00,6035,ＩＲＪａｐａｎ　ＨＤ,2027年３月期第２四半期（中間期）連結業績予想及び中間配当予想に関するお知らせ,forecast_initial,False,,,,,,https://www.release.tdnet.info/inbs/140120260916537526.pdf,https://www.release.tdnet.info/inbs/091220260916537526.zip,東,2026-10-09T14:36
140120260917537745,2026-09-18T11:30,6905,コーセル,2027年５月期 第１四半期決算説明資料（スクリプト付き）,earnings_presentation,False,,,,,,https://www.release.tdnet.info/inbs/140120260917537745.pdf,,東,2026-10-09T14:36
140120260917537655,2026-09-18T11:30,6905,コーセル,第２四半期（中間期）および通期業績予想の修正に関するお知らせ,forecast_revision,False,up,OperatingIncome,72.3,CurrentYearDuration,"{""NetSales"": 10.1, ""OperatingIncome"": 72.3, ""OrdinaryIncome"": 55.9, ""ProfitAttributableToOwnersOfParent"": 62.1}",https://www.release.tdnet.info/inbs/140120260917537655.pdf,https://www.release.tdnet.info/inbs/091220260917537655.zip,東,2026-10-09T14:36
140120260917537642,2026-09-18T11:30,6905,コーセル,2027年５月期 第１四半期決算短信〔日本基準〕（連結）,earnings_report,False,,,,,,https://www.release.tdnet.info/inbs/140120260917537642.pdf,https://www.release.tdnet.info/inbs/081220260917537642.zip,東,2026-10-09T14:36
140120260918538462,2026-09-18T11:00,314A,ｉＳゴールド,2026年８月期 決算短信（2026年２月10日～2026年８月９日）,earnings_report,False,,,,,,https://www.release.tdnet.info/inbs/140120260918538462.pdf,,東,2026-10-09T14:36
140120260918538446,2026-09-18T11:00,201A,ｉＳＮＩＦＴＹ５０,2026年８月期 決算短信（2026年２月10日～2026年８月９日）,earnings_report,False,,,,,,https://www.release.tdnet.info/inbs/140120260918538446.pdf,,東,2026-10-09T14:36
140120260918538439,2026-09-18T11:00,313A,ｉＳＳＰ５００Ｔ２０,2026年８月期 決算短信（2026年２月10日～2026年８月９日）,earnings_report,False,,,,,,https://www.release.tdnet.info/inbs/140120260918538439.pdf,,東,2026-10-09T14:36
140120260918538435,2026-09-18T11:00,2014,ｉＳ米国連続増配株,2026年８月期 決算短信（2026年２月10日～2026年８月９日）,earnings_report,False,,,,,,https://www.release.tdnet.info/inbs/140120260918538435.pdf,,東,2026-10-09T14:36
140120260918538433,2026-09-18T11:00,2013,ｉＳ米国高配当株,2026年８月期 決算短信（2026年２月10日～2026年８月９日）,earnings_report,False,,,,,,https://www.release.tdnet.info/inbs/140120260918538433.pdf,,東,2026-10-09T14:36
140120260918538431,2026-09-18T11:00,2250,ｉＳＭＳＣＩ日株気候,2026年８月期 決算短信（2026年２月10日～2026年８月９日）,earnings_report,False,,,,,,https://www.release.tdnet.info/inbs/140120260918538431.pdf,,東,2026-10-09T14:36
140120260918538428,2026-09-18T11:00,2851,ｉＳＭＳＣＩＪＳＲＩ,2026年８月期 決算短信（2026年２月10日～2026年８月９日）,earnings_report,False,,,,,,https://www.release.tdnet.info/inbs/140120260918538428.pdf,,東,2026-10-09T14:36
140120260918538423,2026-09-18T11:00,1483,ｉＳ設備人材,2026年８月期 決算短信（2026年２月10日～2026年８月９日）,earnings_report,False,,,,,,https://www.release.tdnet.info/inbs/140120260918538423.pdf,,東,2026-10-09T14:36
140120260918538421,2026-09-18T11:00,1478,ｉＳＭＳＣＩ高配当,2026年８月期 決算短信（2026年２月10日～2026年８月９日,earnings_report,False,,,,,,https://www.release.tdnet.info/inbs/140120260918538421.pdf,,東,2026-10-09T14:36
140120260918538419,2026-09-18T11:00,1477,ｉＳＭＳＣＩ最小分散,2026年８月期 決算短信（2026年２月10日～2026年８月９日）,earnings_report,False,,,,,,https://www.release.tdnet.info/inbs/140120260918538419.pdf,,東,2026-10-09T14:36
140120260918538417,2026-09-18T11:00,1364,ｉＳＪＰＸ日経４００,2026年８月期 決算短信（2026年２月10日～2026年８月９日）,earnings_report,False,,,,,,https://www.release.tdnet.info/inbs/140120260918538417.pdf,,東,2026-10-09T14:36
140120260918538414,2026-09-18T11:00,1329,ｉＳ２２５,2026年８月期 決算短信（2026年２月10日～2026年８月９日）,earnings_report,False,,,,,,https://www.release.tdnet.info/inbs/140120260918538414.pdf,,東,2026-10-09T14:36
140120260918538411,2026-09-18T11:00,1475,ｉＳＴＯＰＩＸ,2026年８月期 決算短信（2026年２月10日～2026年８月９日）,earnings_report,False,,,,,,https://www.release.tdnet.info/inbs/140120260918538411.pdf,,東,2026-10-09T14:36
140120260918538407,2026-09-18T11:00,491A,ｉＳＳ＆Ｐ除く金融,2026年８月期 決算短信（2026年１月26日～2026年８月９日）,earnings_report,False,,,,,,https://www.release.tdnet.info/inbs/140120260918538407.pdf,,東,2026-10-09T14:36
140120260918538404,2026-09-18T11:00,408A,ｉＳベストＡＩ,2026年８月期 決算短信（2026年２月10日～2026年８月９日）,earnings_report,False,,,,,,https://www.release.tdnet.info/inbs/140120260918538404.pdf,,東,2026-10-09T14:36
140120260918538400,2026-09-18T11:00,392A,ｉＳＱトップ,2026年８月期 決算短信（2026年２月10日～2026年８月９日）,earnings_report,False,,,,,,https://www.release.tdnet.info/inbs/140120260918538400.pdf,,東,2026-10-09T14:36
140120260918538396,2026-09-18T11:00,2852,ｉＳグリーンＪリート,2026年８月期 決算短信（2026年２月10日～2026年８月９日）,earnings_report,False,,,,,,https://www.release.tdnet.info/inbs/140120260918538396.pdf,,東,2026-10-09T14:36
140120260918538393,2026-09-18T11:00,2563,ｉＳＳＰ５百米株ヘジ,2026年８月期 決算短信（2026年２月10日～2026年８月９日）,earnings_report,False,,,,,,https://www.release.tdnet.info/inbs/140120260918538393.pdf,,東,2026-10-09T14:36
140120260918538389,2026-09-18T11:00,2522,ｉＳロボット,2026年８月期 決算短信（2026年２月10日～2026年８月９日）,earnings_report,False,,,,,,https://www.release.tdnet.info/inbs/140120260918538389.pdf,,東,2026-10-09T14:36
140120260918538386,2026-09-18T11:00,1659,ｉＳ米国リート,2026年８月期 決算短信（2026年２月10日～2026年８月９日）,earnings_report,False,,,,,,https://www.release.tdnet.info/inbs/140120260918538386.pdf,,東,2026-10-09T14:36
140120260918538384,2026-09-18T11:00,1658,ｉＳＭＳＣＩ新興国株,2026年８月期 決算短信（2026年２月10日～2026年８月９日）,earnings_report,False,,,,,,https://www.release.tdnet.info/inbs/140120260918538384.pdf,,東,2026-10-09T14:36
140120260918538381,2026-09-18T11:00,1657,ｉＳＭＳＣＩ先進国株,2026年８月期 決算短信（2026年２月10日～2026年８月９日）,earnings_report,False,,,,,,https://www.release.tdnet.info/inbs/140120260918538381.pdf,,東,2026-10-09T14:36
140120260918538358,2026-09-18T11:00,1476,ｉＳＪリート,2026年８月期 決算短信（2026年２月10日～2026年８月９日）,earnings_report,False,,,,,,https://www.release.tdnet.info/inbs/140120260918538358.pdf,,東,2026-10-09T14:36
140120260918538354,2026-09-18T11:00,1655,ｉＳＳＰ５００米国株,2026年８月期 決算短信（2026年２月10日～2026年８月９日）,earnings_report,False,,,,,,https://www.release.tdnet.info/inbs/140120260918538354.pdf,,東,2026-10-09T14:36
140120260918538481,2026-09-18T10:20,2525,ＮＺＡＭ　２２５,2026年８月期　決算短信（2026年２月16日～2026年８月15日）,earnings_report,False,,,,,,https://www.release.tdnet.info/inbs/140120260918538481.pdf,,東,2026-10-09T14:36
140120260918538458,2026-09-18T10:20,2524,ＮＺＡＭ　ＴＰＸ,2026年８月期　決算短信（2026年２月16日～2026年８月15日）,earnings_report,False,,,,,,https://www.release.tdnet.info/inbs/140120260918538458.pdf,,東,2026-10-09T14:36
140120260918538456,2026-09-18T10:20,2526,ＮＺＡＭ　４００,2026年８月期　決算短信（2026年２月16日～2026年８月15日）,earnings_report,False,,,,,,https://www.release.tdnet.info/inbs/140120260918538456.pdf,,東,2026-10-09T14:36
140120260918538452,2026-09-18T10:20,2567,ＮＺＡＭ　カーボン,2026年８月期　決算短信（2026年２月16日～2026年８月15日）,earnings_report,False,,,,,,https://www.release.tdnet.info/inbs/140120260918538452.pdf,,東,2026-10-09T14:36
140120260918538450,2026-09-18T10:20,530A,ＮＺＡＭ　Ｊリート２,2026年８月期　決算短信（2026年３月18日～2026年８月15日）,earnings_report,False,,,,,,https://www.release.tdnet.info/inbs/140120260918538450.pdf,,東,2026-10-09T14:36
140120260917538103,2026-09-17T17:30,3560,ほぼ日,連結決算への移行に伴う2026年８月期連結業績予想の公表に関するお知らせ,forecast_initial,False,,,,,,https://www.release.tdnet.info/inbs/140120260917538103.pdf,https://www.release.tdnet.info/inbs/091220260917538103.zip,東,2026-10-09T14:36
140120260917538058,2026-09-17T17:30,3560,ほぼ日,業績予想の修正に関するお知らせ,forecast_revision,False,up,OperatingIncome,56.8,CurrentYearDuration,"{""NetIncome"": 47.7, ""NetSales"": 11.5, ""OperatingIncome"": 56.8, ""OrdinaryIncome"": 60.1}",https://www.release.tdnet.info/inbs/140120260917538058.pdf,https://www.release.tdnet.info/inbs/091220260917538058.zip,東,2026-10-09T14:36
140120260917538051,2026-09-17T17:00,4436,Ｇ－ミンカブ,通期連結業績予想の修正及び特別利益の計上に関するお知らせ,forecast_revision,False,up,OperatingIncome,23.6,CurrentYearDuration,"{""NetSales"": 20.0, ""OperatingIncome"": 23.6, ""OrdinaryIncome"": 21.8, ""ProfitAttributableToOwnersOfParent"": 500.0}",https://www.release.tdnet.info/inbs/140120260917538051.pdf,https://www.release.tdnet.info/inbs/091220260917538051.zip,東,2026-10-09T14:36
140120260917537746,2026-09-17T16:30,3269,Ｒ－ＡＤＲ,2026年07月期（第32期） 決算説明資料,earnings_presentation,False,,,,,,https://www.release.tdnet.info/inbs/140120260917537746.pdf,,東,2026-10-09T14:36
140120260917537732,2026-09-17T16:30,3269,Ｒ－ＡＤＲ,2026年07月期決算短信（REIT）,earnings_report,False,,,,,,https://www.release.tdnet.info/inbs/140120260917537732.pdf,https://www.release.tdnet.info/inbs/081220260917537732.zip,東,2026-10-09T14:36
140120260916537124,2026-09-17T16:30,2796,ファーマライズＨＤ,令和９年５月期 第１四半期決算短信〔日本基準〕（連結）,earnings_report,False,,,,,,https://www.release.tdnet.info/inbs/140120260916537124.pdf,https://www.release.tdnet.info/inbs/081220260916537124.zip,東,2026-10-09T14:36
140120260916537437,2026-09-17T16:10,2989,Ｒ－東海道リート,2026年７月期　決算短信（REIT）,earnings_report,False,,,,,,https://www.release.tdnet.info/inbs/140120260916537437.pdf,https://www.release.tdnet.info/inbs/081220260916537437.zip,東,2026-10-09T14:36
140120260917538054,2026-09-17T16:00,3498,霞ヶ関キャピタル,2026年8月期 連結業績予想の上方修正に関するお知らせ,forecast_revision,False,up,OperatingIncome,4.2,CurrentYearDuration,"{""NetSales"": 9.1, ""OperatingIncome"": 4.2, ""OrdinaryIncome"": 7.1, ""ProfitAttributableToOwnersOfParent"": 0.6}",https://www.release.tdnet.info/inbs/140120260917538054.pdf,https://www.release.tdnet.info/inbs/091220260917538054.zip,東,2026-10-09T14:36
140120260917537870,2026-09-17T16:00,4923,ＣＯＴＡ,2027年３月期　第１四半期決算短信〔日本基準〕(非連結),earnings_report,False,,,,,,https://www.release.tdnet.info/inbs/140120260917537870.pdf,https://www.release.tdnet.info/inbs/081220260917537870.zip,東,2026-10-09T14:36
140120260917537727,2026-09-17T16:00,6977,日抵抗器,令和８年12月期の期末配当予想の修正（無配）に関するお知らせ,dividend_revision,False,down,,,,,https://www.release.tdnet.info/inbs/140120260917537727.pdf,,東,2026-10-09T14:36
140120260917537886,2026-09-17T15:30,3193,エターナルホスピＧ,第40期（2026年７月期）期末　決算説明会資料,earnings_presentation,False,,,,,,https://www.release.tdnet.info/inbs/140120260917537886.pdf,,東,2026-10-09T14:36
140120260917537866,2026-09-17T15:30,5461,中部鋼鈑,業績予想の修正に関するお知らせ,forecast_revision,False,down,OperatingIncome,-75.0,CurrentYearDuration,"{""NetSales"": -1.3, ""OperatingIncome"": -75.0, ""OrdinaryIncome"": -60.0, ""ProfitAttributableToOwnersOfParent"": -66.7}",https://www.release.tdnet.info/inbs/140120260917537866.pdf,https://www.release.tdnet.info/inbs/091220260917537866.zip,東名,2026-10-09T14:36
140120260917537802,2026-09-17T15:30,4592,Ｇ－サンバイオ,2027年１月期第２四半期決算説明会資料,earnings_presentation,False,,,,,,https://www.release.tdnet.info/inbs/140120260917537802.pdf,,東,2026-10-09T14:36
140120260917537751,2026-09-17T15:30,2929,ファーマフーズ,（訂正・数値データ訂正）「 2026 年７月期 決算短信〔日本基準〕（連結）」の一部訂正について,earnings_report,True,,,,,,https://www.release.tdnet.info/inbs/140120260917537751.pdf,https://www.release.tdnet.info/inbs/081220260917537751.zip,東,2026-10-09T14:36
140120260917537722,2026-09-17T15:30,3463,Ｒ－いちごホテル,2026年7月期（第22期）決算説明資料,earnings_presentation,False,,,,,,https://www.release.tdnet.info/inbs/140120260917537722.pdf,,東,2026-10-09T14:36
140120260917537717,2026-09-17T15:30,3463,Ｒ－いちごホテル,2026年7月期の分配予想と決算値との差異のお知らせ,actual_vs_forecast,False,,,,,,https://www.release.tdnet.info/inbs/140120260917537717.pdf,,東,2026-10-09T14:36
140120260917537640,2026-09-17T15:30,3463,Ｒ－いちごホテル,2026年7月期 決算短信（REIT）,earnings_report,False,,,,,,https://www.release.tdnet.info/inbs/140120260917537640.pdf,https://www.release.tdnet.info/inbs/081220260917537640.zip,東,2026-10-09T14:36
140120260916537453,2026-09-17T15:30,3249,Ｒ－産業ファ,2026年7月期　決算短信(REIT),earnings_report,False,,,,,,https://www.release.tdnet.info/inbs/140120260916537453.pdf,https://www.release.tdnet.info/inbs/081220260916537453.zip,東,2026-10-09T14:36
140120260916537388,2026-09-17T15:30,2788,アップル,通期業績予想及び期末配当予想の修正（増配）に関するお知らせ,forecast_dividend_revision,False,up,OperatingIncome,21.2,CurrentYearDuration,"{""NetIncome"": 30.6, ""NetSales"": 28.3, ""OperatingIncome"": 21.2, ""OrdinaryIncome"": 17.6}",https://www.release.tdnet.info/inbs/140120260916537388.pdf,https://www.release.tdnet.info/inbs/091220260916537388.zip,東,2026-10-09T14:36
140120260916537274,2026-09-17T15:30,8953,Ｒ－都市ファンド,固定賃料型底地の高値売却及びインフレ対応型底地への資本再配分（プレスリリースに関する補足説明資料）,earnings_presentation,False,,,,,,https://www.release.tdnet.info/inbs/140120260916537274.pdf,,東,2026-10-09T14:36
140120260916537062,2026-09-17T15:30,7571,ヤマノＨＤ,株式会社じゃぱんはあと 株式取得に関する補足資料,earnings_presentation,False,,,,,,https://www.release.tdnet.info/inbs/140120260916537062.pdf,,東,2026-10-09T14:36
140120260915536646,2026-09-17T15:30,3471,Ｒ－三井不ロジパーク,2026年7月期 決算短信（REIT）,earnings_report,False,,,,,,https://www.release.tdnet.info/inbs/140120260915536646.pdf,https://www.release.tdnet.info/inbs/081220260915536646.zip,東,2026-10-09T14:36
140120260909533584,2026-09-17T15:30,3075,銚子丸,2027年２月期第２四半期累計期間並びに通期業績予想の修正及び配当予想の修正に関するお知らせ,forecast_dividend_revision,False,up,OperatingIncome,56.2,CurrentYearDuration,"{""NetIncome"": 55.4, ""NetSales"": 4.9, ""OperatingIncome"": 56.2, ""OrdinaryIncome"": 57.3}",https://www.release.tdnet.info/inbs/140120260909533584.pdf,https://www.release.tdnet.info/inbs/091220260909533584.zip,東,2026-10-09T14:36
140120260917537947,2026-09-17T15:00,7602,レダックス,株式会社ハリカの事業承継に関する補足説明,earnings_presentation,False,,,,,,https://www.release.tdnet.info/inbs/140120260917537947.pdf,,東,2026-10-09T14:36
140120260917537703,2026-09-17T11:30,278A,Ｇ－テラドローン,2027年１月期 第２四半期決算説明会 書き起こし公開のお知らせ,earnings_presentation,False,,,,,,https://www.release.tdnet.info/inbs/140120260917537703.pdf,,東,2026-10-09T14:36
140120260917537713,2026-09-17T11:00,517A,ｉＦ米ドルベア１倍,2026年8月期（2026年3月2日～2026年8月4日）決算短信,earnings_report,False,,,,,,https://www.release.tdnet.info/inbs/140120260917537713.pdf,,東,2026-10-09T14:36
140120260917537699,2026-09-17T11:00,516A,ｉＦ米ドルブル１倍,2026年8月期（2026年3月2日～2026年8月4日）決算短信,earnings_report,False,,,,,,https://www.release.tdnet.info/inbs/140120260917537699.pdf,,東,2026-10-09T14:36
140120260917537691,2026-09-17T11:00,443A,ｉＦＪリート２,2026年8月期（2026年2月5日～2026年8月4日）決算短信,earnings_report,False,,,,,,https://www.release.tdnet.info/inbs/140120260917537691.pdf,,東,2026-10-09T14:36
140120260915536765,2026-09-16T17:30,4884,Ｇ－クリングル,2026年９月期業績予想の修正に関するお知らせ,forecast_revision,False,up,OperatingIncome,21.4,CurrentYearDuration,"{""NetIncome"": 21.7, ""NetSales"": 33.1, ""OperatingIncome"": 21.4, ""OrdinaryIncome"": 21.8}",https://www.release.tdnet.info/inbs/140120260915536765.pdf,https://www.release.tdnet.info/inbs/091220260915536765.zip,東,2026-10-09T14:36
140120260916537411,2026-09-16T17:00,6309,巴工業,2026年10月期 第３四半期決算説明資料,earnings_presentation,False,,,,,,https://www.release.tdnet.info/inbs/140120260916537411.pdf,,東,2026-10-09T14:36
140120260916537099,2026-09-16T17:00,284A,Ｐ－フクヤ建設,業績予想の修正に関するお知らせ,forecast_revision,False,,,,,,https://www.release.tdnet.info/inbs/140120260916537099.pdf,,東,2026-10-09T14:36
140120260916537098,2026-09-16T16:00,4287,ジャストプラ,連結業績予想の修正に関するお知らせ,forecast_revision,False,up,OperatingIncome,1.0,CurrentYearDuration,"{""NetSales"": 0.9, ""OperatingIncome"": 1.0, ""OrdinaryIncome"": 1.0, ""ProfitAttributableToOwnersOfParent"": 39.6}",https://www.release.tdnet.info/inbs/140120260916537098.pdf,https://www.release.tdnet.info/inbs/091220260916537098.zip,東,2026-10-09T14:36
140120260915536475,2026-09-16T16:00,4762,ＸＮＥＴ,「2027年３月期第２四半期（中間期）及び通期業績予想の修正」及び「第２四半期末配当（エクストラ配当）予想の修正」に関するお知らせ,forecast_revision,False,up,OperatingIncome,14.3,CurrentYearDuration,"{""NetIncome"": 15.6, ""NetSales"": 1.7, ""OperatingIncome"": 14.3, ""OrdinaryIncome"": 14.3}",https://www.release.tdnet.info/inbs/140120260915536475.pdf,https://www.release.tdnet.info/inbs/091220260915536475.zip,東,2026-10-09T14:36
140120260915536407,2026-09-16T15:50,3640,電算,業績予想の修正（上方修正）に関するお知らせ,forecast_revision,False,up,OperatingIncome,163.7,CurrentAccumulatedQ2Duration,"{""NetSales"": 5.5, ""OperatingIncome"": 163.7, ""OrdinaryIncome"": 160.9, ""ProfitAttributableToOwnersOfParent"": 165.8}",https://www.release.tdnet.info/inbs/140120260915536407.pdf,https://www.release.tdnet.info/inbs/091220260915536407.zip,東,2026-10-09T14:36
140120260915536382,2026-09-16T15:45,401A,Ｒ－霞ヶ関ホテル,2026年7月期　決算短信（REIT）,earnings_report,False,,,,,,https://www.release.tdnet.info/inbs/140120260915536382.pdf,https://www.release.tdnet.info/inbs/081220260915536382.zip,東,2026-10-09T14:36
140120260916537197,2026-09-16T15:30,7539,アイナボＨＤ,配当予想の修正に関するお知らせ,dividend_revision,False,,,,,,https://www.release.tdnet.info/inbs/140120260916537197.pdf,https://www.release.tdnet.info/inbs/091220260916537197.zip,東,2026-10-09T14:36
140120260916537160,2026-09-16T15:30,3321,ミタチ,業績予想の修正に関するお知らせ,forecast_revision,False,up,OperatingIncome,30.6,CurrentYearDuration,"{""NetIncome"": 26.7, ""NetSales"": 4.5, ""OperatingIncome"": 30.6, ""OrdinaryIncome"": 28.6}",https://www.release.tdnet.info/inbs/140120260916537160.pdf,https://www.release.tdnet.info/inbs/091220260916537160.zip,東名,2026-10-09T14:36
140120260916536930,2026-09-16T15:30,5388,クニミネ工業,業績予想の修正に関するお知らせ,forecast_revision,False,up,OperatingIncome,11.8,CurrentYearDuration,"{""NetSales"": 0.0, ""OperatingIncome"": 11.8, ""OrdinaryIncome"": 10.0, ""ProfitAttributableToOwnersOfParent"": 7.4}",https://www.release.tdnet.info/inbs/140120260916536930.pdf,https://www.release.tdnet.info/inbs/091220260916536930.zip,東,2026-10-09T14:36
140120260904532169,2026-09-16T15:30,8841,テーオーシー,配当予想の修正（増配）に関するお知らせ,dividend_revision,False,up,,,,,https://www.release.tdnet.info/inbs/140120260904532169.pdf,https://www.release.tdnet.info/inbs/091220260904532169.zip,東,2026-10-09T14:36
140120260916537094,2026-09-16T13:00,2846,ダウヘッジ有,NEXT FUNDS ダウ・ジョーンズ工業株３０種平均株価（為替ヘッジあり）連動型上場投信 決算短信,earnings_report,False,,,,,,https://www.release.tdnet.info/inbs/140120260916537094.pdf,,東,2026-10-09T14:36
140120260916537092,2026-09-16T13:00,2845,ナスダックヘッジ有,NEXT FUNDS NASDAQ－１００（Ｒ）（為替ヘッジあり）連動型上場投信 決算短信,earnings_report,False,,,,,,https://www.release.tdnet.info/inbs/140120260916537092.pdf,,東,2026-10-09T14:36
140120260916537090,2026-09-16T13:00,1678,ＮＦインド株,NEXT FUNDS インド株式指数・Nifty 50連動型上場投信 決算短信,earnings_report,False,,,,,,https://www.release.tdnet.info/inbs/140120260916537090.pdf,,東,2026-10-09T14:36
140120260916537088,2026-09-16T13:00,1560,ＮＦマレーシア株,NEXT FUNDS FTSEブルサ・マレーシアKLCI連動型上場投信 決算短信,earnings_report,False,,,,,,https://www.release.tdnet.info/inbs/140120260916537088.pdf,,東,2026-10-09T14:36
140120260916537085,2026-09-16T13:00,1546,ダウヘッジ無,NEXT FUNDS ダウ・ジョーンズ工業株３０種平均株価（為替ヘッジなし）連動型上場投信 決算短信,earnings_report,False,,,,,,https://www.release.tdnet.info/inbs/140120260916537085.pdf,,東,2026-10-09T14:36
140120260916537083,2026-09-16T13:00,1545,ナスダックヘッジ無,NEXT FUNDS NASDAQ－１００（Ｒ）（為替ヘッジなし）連動型上場投信 決算短信,earnings_report,False,,,,,,https://www.release.tdnet.info/inbs/140120260916537083.pdf,,東,2026-10-09T14:36
140120260916537071,2026-09-16T13:00,1559,ＮＦタイ株,NEXT FUNDS タイ株式SET50指数連動型上場投信 決算短信,earnings_report,False,,,,,,https://www.release.tdnet.info/inbs/140120260916537071.pdf,,東,2026-10-09T14:36
140120260916537068,2026-09-16T13:00,1699,ＮＦ原油先物,NEXT FUNDS NOMURA原油インデックス連動型上場投信 中間決算短信,earnings_report,False,,,,,,https://www.release.tdnet.info/inbs/140120260916537068.pdf,,東,2026-10-09T14:36
140120260916537060,2026-09-16T13:00,1343,ＮＦＪ－ＲＥＩＴ,NEXT FUNDS 東証REIT指数連動型上場投信 決算短信,earnings_report,False,,,,,,https://www.release.tdnet.info/inbs/140120260916537060.pdf,,東,2026-10-09T14:36
140120260915536821,2026-09-15T18:00,244A,Ｇ－グロースエクスパ,2026年８月期連結業績予想の修正に関するお知らせ,forecast_revision,False,up,OperatingIncome,22.5,CurrentYearDuration,"{""NetSales"": 0.3, ""OperatingIncome"": 22.5, ""OrdinaryIncome"": 20.9, ""ProfitAttributableToOwnersOfParent"": 40.1}",https://www.release.tdnet.info/inbs/140120260915536821.pdf,https://www.release.tdnet.info/inbs/091220260915536821.zip,東,2026-10-09T14:36
140120260915536483,2026-09-15T18:00,1445,Ｐ－ひかりＨＤ,業績予想の修正に関するお知らせ,forecast_revision,False,,,,,,https://www.release.tdnet.info/inbs/140120260915536483.pdf,,東,2026-10-09T14:36
140120260915536788,2026-09-15T17:30,4935,リベルタ,連結業績予想及び配当予想の修正（無配）に関するお知らせ,forecast_dividend_revision,False,down,OperatingIncome,-218.6,CurrentYearDuration,"{""NetSales"": -20.5, ""OperatingIncome"": -218.6, ""OrdinaryIncome"": -300.0, ""ProfitAttributableToOwnersOfParent"": -627.6}",https://www.release.tdnet.info/inbs/140120260915536788.pdf,https://www.release.tdnet.info/inbs/091220260915536788.zip,東,2026-10-09T14:36
140120260915536316,2026-09-15T17:30,266A,Ｐ－グローカルマーケ,連結決算への移行に伴う連結業績予想の公表に関するお知らせ,forecast_initial,False,,,,,,https://www.release.tdnet.info/inbs/140120260915536316.pdf,,東,2026-10-09T14:36
140120260914536222,2026-09-15T17:30,3988,ＳＹＳＨＤ,2026年７月期決算説明会資料,earnings_presentation,False,,,,,,https://www.release.tdnet.info/inbs/140120260914536222.pdf,,東,2026-10-09T14:36
140120260915536365,2026-09-15T17:00,144A,Ｐ－エネルギーパワー,連結決算への移行に伴う連結業績予想の公表に関するお知らせ,forecast_initial,False,,,,,,https://www.release.tdnet.info/inbs/140120260915536365.pdf,,東,2026-10-09T14:36
140120260914535869,2026-09-15T17:00,4179,Ｇ－ジーネクスト,第三者割当による新株式及び第８回新株予約権の発行に関する補足資料,earnings_presentation,False,,,,,,https://www.release.tdnet.info/inbs/140120260914535869.pdf,,東,2026-10-09T14:36
140120260915536785,2026-09-15T16:40,6036,ＫｅｅＰｅｒ技研,株式分割、株主優待制度の一部変更及び配当予想の修正に関するお知らせ,dividend_revision,False,,,,,,https://www.release.tdnet.info/inbs/140120260915536785.pdf,https://www.release.tdnet.info/inbs/091220260915536785.zip,東名,2026-10-09T14:36
140120260915536740,2026-09-15T16:00,4260,Ｇ－ハイブリッドテク,クラウドプロ株式会社の株式取得に関する補足資料,earnings_presentation,False,,,,,,https://www.release.tdnet.info/inbs/140120260915536740.pdf,,東,2026-10-09T14:36
140120260915536567,2026-09-15T16:00,7047,Ｇ－ポート,第三者割当による新株式の発行及び自己株式の処分並びにエンゲージメント契約の締結に関する補足説明資料,earnings_presentation,False,,,,,,https://www.release.tdnet.info/inbs/140120260915536567.pdf,,東福,2026-10-09T14:36
140120260914536052,2026-09-15T16:00,3121,マーチャント,2026 年10 月期（第103 期）配当予想の修正に関するお知らせ,dividend_revision,False,,,,,,https://www.release.tdnet.info/inbs/140120260914536052.pdf,https://www.release.tdnet.info/inbs/091220260914536052.zip,東,2026-10-09T14:36
140120260915536636,2026-09-15T15:30,4840,トライアイズ,配当予想額の修正に関するお知らせ,dividend_revision,False,,,,,,https://www.release.tdnet.info/inbs/140120260915536636.pdf,https://www.release.tdnet.info/inbs/091220260915536636.zip,東,2026-10-09T14:36
140120260915536627,2026-09-15T15:30,301A,Ｐ－インデックス,2026年9月期 通期業績予想の修正に関するお知らせ,forecast_revision,False,,,,,,https://www.release.tdnet.info/inbs/140120260915536627.pdf,,東,2026-10-09T14:36
140120260915536563,2026-09-15T15:30,411A,Ｐ－マリタイムバンク,2027年１月期 中間決算短信〔日本基準〕（連結）,earnings_report,False,,,,,,https://www.release.tdnet.info/inbs/140120260915536563.pdf,,東,2026-10-09T14:36
140120260915536496,2026-09-15T15:30,2678,アスクル,2027年5月期第1四半期決算短信〔日本基準〕(連結),earnings_report,False,,,,,,https://www.release.tdnet.info/inbs/140120260915536496.pdf,https://www.release.tdnet.info/inbs/081220260915536496.zip,東,2026-10-09T14:36
140120260915536405,2026-09-15T15:30,3415,トウキョウベース,2027年1月期 第2四半期（中間期）決算説明資料,earnings_presentation,False,,,,,,https://www.release.tdnet.info/inbs/140120260915536405.pdf,,東,2026-10-09T14:36
140120260915536343,2026-09-15T15:30,5840,Ｐ－日本総険,連結業績予想の修正及び配当予想の修正に関するお知らせ,forecast_dividend_revision,False,,,,,,https://www.release.tdnet.info/inbs/140120260915536343.pdf,,東,2026-10-09T14:36
140120260914536275,2026-09-15T15:30,4063,信越化,創立100周年記念配当の実施 及び 配当予想の修正に関するお知らせ,dividend_revision,False,,,,,,https://www.release.tdnet.info/inbs/140120260914536275.pdf,https://www.release.tdnet.info/inbs/091220260914536275.zip,東名,2026-10-09T14:36
140120260914536112,2026-09-15T15:30,2778,パレモ・ＨＤ,2027年２月期第２四半期（中間期）及び通期連結業績予想の修正に関するお知らせ,forecast_revision,False,down,OperatingIncome,-55.1,CurrentYearDuration,"{""NetSales"": -4.4, ""OperatingIncome"": -55.1, ""OrdinaryIncome"": -57.8, ""ProfitAttributableToOwnersOfParent"": -75.0}",https://www.release.tdnet.info/inbs/140120260914536112.pdf,https://www.release.tdnet.info/inbs/091220260914536112.zip,東名,2026-10-09T14:36
140120260910534170,2026-09-15T15:30,7059,コプロＨＤ,中間配当予想の修正（創業20周年記念配当）に関するお知らせ,dividend_revision,False,,,,,,https://www.release.tdnet.info/inbs/140120260910534170.pdf,https://www.release.tdnet.info/inbs/091220260910534170.zip,東名,2026-10-09T14:36
140120260915536591,2026-09-15T15:00,351A,Ｐ－アクシスＩＴＰ,通期業績予想の修正に関するお知らせ,forecast_revision,False,,,,,,https://www.release.tdnet.info/inbs/140120260915536591.pdf,,東,2026-10-09T14:36
140120260915536582,2026-09-15T14:00,9027,ロジネットＪ,株式分割ならびに配当予想の修正および株主優待制度の変更に関するお知らせ,dividend_revision,False,,,,,,https://www.release.tdnet.info/inbs/140120260915536582.pdf,,札,2026-10-09T14:36
140120260915536454,2026-09-15T11:30,2433,博報堂ＤＹ,2027年3月期　第 1 四半期  連結決算説明会　質疑応答要旨,earnings_presentation,False,,,,,,https://www.release.tdnet.info/inbs/140120260915536454.pdf,,東,2026-10-09T14:36
140120260915536445,2026-09-15T11:00,7674,Ｇ－ＮＡＴＴＹＨＤ,株主優待制度に関する補足説明のお知らせ,earnings_presentation,False,,,,,,https://www.release.tdnet.info/inbs/140120260915536445.pdf,,東,2026-10-09T14:36
140120260914536248,2026-09-14T23:45,2612,かどや製油,2027年3月期配当予想の修正（無配）及び株主優待制度の廃止に関するお知らせ,dividend_revision,False,down,,,,,https://www.release.tdnet.info/inbs/140120260914536248.pdf,https://www.release.tdnet.info/inbs/091220260914536248.zip,東,2026-10-09T14:36
140120260914536086,2026-09-14T20:00,8848,レオパレス２１,2027年３月期の中間配当及び期末配当予想の修正（無配）に関するお知らせ,dividend_revision,False,down,,,,,https://www.release.tdnet.info/inbs/140120260914536086.pdf,https://www.release.tdnet.info/inbs/091220260914536086.zip,東,2026-10-09T14:36
140120260914536068,2026-09-14T20:00,8848,レオパレス２１,シルバー事業の譲渡（特定子会社の異動を伴う株式譲渡）に関する基本合意書の締結並びに特別損失の計上及び業績予想の修正に関するお知らせ,forecast_revision,False,up,OperatingIncome,0.8,CurrentYearDuration,"{""NetSales"": -0.7, ""OperatingIncome"": 0.8, ""OrdinaryIncome"": 0.8, ""ProfitAttributableToOwnersOfParent"": -3.6}",https://www.release.tdnet.info/inbs/140120260914536068.pdf,https://www.release.tdnet.info/inbs/091220260914536068.zip,東,2026-10-09T14:36
140120260914536205,2026-09-14T19:00,246A,Ｇ－アスア,（数値データ訂正）「株主優待額の増額および業績予想の修正に関するお知らせ」における数値データ（XBRL）の訂正について,forecast_revision,False,down,OperatingIncome,-12.2,CurrentYearDuration,"{""NetIncome"": -19.6, ""NetSales"": 0.0, ""OperatingIncome"": -12.2, ""OrdinaryIncome"": -12.2}",https://www.release.tdnet.info/inbs/140120260914536205.pdf,https://www.release.tdnet.info/inbs/091220260914536205.zip,東名,2026-10-09T14:36
140120260914536149,2026-09-14T18:00,4380,Ｇ－Ｍマート,2027年1月期第2四半期（中間期）決算短信〔日本基準〕（非連結）,earnings_report,False,,,,,,https://www.release.tdnet.info/inbs/140120260914536149.pdf,https://www.release.tdnet.info/inbs/081220260914536149.zip,東,2026-10-09T14:36
140120260914535670,2026-09-14T18:00,359A,Ｐ－ネクストステージ,2026年７月期決算短信〔日本基準〕(非連結),earnings_report,False,,,,,,https://www.release.tdnet.info/inbs/140120260914535670.pdf,,東,2026-10-09T14:36
140120260904531691,2026-09-14T18:00,525A,Ｐ－ｍａｎｅｂｉ,2026年7月期 決算短信〔日本基準〕（連結）,earnings_report,False,,,,,,https://www.release.tdnet.info/inbs/140120260904531691.pdf,,東,2026-10-09T14:36
140120260914536177,2026-09-14T17:30,3930,Ｇ－はてな,2026年７月期 通期決算説明会の質疑応答（要旨）について,earnings_presentation,False,,,,,,https://www.release.tdnet.info/inbs/140120260914536177.pdf,,東,2026-10-09T14:36
140120260914536166,2026-09-14T17:30,161A,Ｐ－三葉,通期連結業績予想と実績値との差異に関するお知らせ,actual_vs_forecast,False,,,,,,https://www.release.tdnet.info/inbs/140120260914536166.pdf,,東,2026-10-09T14:36
140120260914536165,2026-09-14T17:30,161A,Ｐ－三葉,2026年７月期 決算短信〔日本基準〕（連結）,earnings_report,False,,,,,,https://www.release.tdnet.info/inbs/140120260914536165.pdf,,東,2026-10-09T14:36
140120260914536190,2026-09-14T17:15,4053,サンアスタリスク,2026年12月期　第2四半期決算説明資料,earnings_presentation,False,,,,,,https://www.release.tdnet.info/inbs/140120260914536190.pdf,,東,2026-10-09T14:36
140120260914536069,2026-09-14T17:00,7098,Ｐ－エージェント,2027年１月期 中間決算短信〔日本基準〕（連結）,earnings_report,False,,,,,,https://www.release.tdnet.info/inbs/140120260914536069.pdf,,東,2026-10-09T14:36
140120260914536063,2026-09-14T17:00,5598,Ｐ－Ｙｏｔｔａｖｉａ,2027年1月期 中間決算短信〔日本基準〕（非連結）,earnings_report,False,,,,,,https://www.release.tdnet.info/inbs/140120260914536063.pdf,,東,2026-10-09T14:36
140120260914535447,2026-09-14T16:50,4446,Ｌｉｎｋ－Ｕグループ,2026年７月期 決算説明資料及び中期経営計画2030,earnings_presentation,False,,,,,,https://www.release.tdnet.info/inbs/140120260914535447.pdf,,東,2026-10-09T14:36
140120260914535444,2026-09-14T16:50,4446,Ｌｉｎｋ－Ｕグループ,2026年７月期 決算短信〔ＩＦＲＳ〕（連結）,earnings_report,False,,,,,,https://www.release.tdnet.info/inbs/140120260914535444.pdf,https://www.release.tdnet.info/inbs/081220260914535444.zip,東,2026-10-09T14:36
140120260914535397,2026-09-14T16:50,4446,Ｌｉｎｋ－Ｕグループ,減損損失の計上及び通期連結業績予想と実績値との差異に関するお知らせ,actual_vs_forecast,False,,,,,,https://www.release.tdnet.info/inbs/140120260914535397.pdf,,東,2026-10-09T14:36
140120260914536133,2026-09-14T16:30,2345,ＨＯＤＬ１,2026年10月期 第３四半期決算短信〔日本基準〕(連結),earnings_report,False,,,,,,https://www.release.tdnet.info/inbs/140120260914536133.pdf,https://www.release.tdnet.info/inbs/081220260914536133.zip,東,2026-10-09T14:36
140120260914536090,2026-09-14T16:30,6838,多摩川ＨＤ,2026年10月期 第3四半期決算短信〔IFRS〕（連結）,earnings_report,False,,,,,,https://www.release.tdnet.info/inbs/140120260914536090.pdf,https://www.release.tdnet.info/inbs/081220260914536090.zip,東,2026-10-09T14:36
140120260914535794,2026-09-14T16:30,3823,ＷＨＹ　ＨＯＷ　ＤＯ,2027年４月期 第１四半期決算説明資料,earnings_presentation,False,,,,,,https://www.release.tdnet.info/inbs/140120260914535794.pdf,,東,2026-10-09T14:36
140120260914535786,2026-09-14T16:30,3823,ＷＨＹ　ＨＯＷ　ＤＯ,2027年４月期 第１四半期決算短信〔日本基準〕（連結）,earnings_report,False,,,,,,https://www.release.tdnet.info/inbs/140120260914535786.pdf,https://www.release.tdnet.info/inbs/081220260914535786.zip,東,2026-10-09T14:36
140120260914536016,2026-09-14T16:00,9425,ＲｅＹｕｕＪａｐａｎ,2026年10月期 第3四半期決算説明資料,earnings_presentation,False,,,,,,https://www.release.tdnet.info/inbs/140120260914536016.pdf,,東,2026-10-09T14:36
140120260914536005,2026-09-14T16:00,500A,ＴＯブックス,2027年４月期 第１四半期決算説明資料,earnings_presentation,False,,,,,,https://www.release.tdnet.info/inbs/140120260914536005.pdf,,東,2026-10-09T14:36
140120260914536003,2026-09-14T16:00,246A,Ｇ－アスア,配当予想の修正（無配）に関するお知らせ,dividend_revision,False,down,,,,,https://www.release.tdnet.info/inbs/140120260914536003.pdf,https://www.release.tdnet.info/inbs/091220260914536003.zip,東名,2026-10-09T14:36
140120260914535963,2026-09-14T16:00,3441,山王,剰余金の配当（増配）に関するお知らせ,dividend_revision,False,up,,,,,https://www.release.tdnet.info/inbs/140120260914535963.pdf,,東名,2026-10-09T14:36
140120260914535943,2026-09-14T16:00,246A,Ｇ－アスア,株主優待額の増額および業績予想の修正に関するお知らせ,forecast_revision,False,down,OperatingIncome,-12.2,CurrentYearDuration,"{""NetIncome"": -19.6, ""NetSales"": 0.0, ""OperatingIncome"": -12.2, ""OrdinaryIncome"": -12.2}",https://www.release.tdnet.info/inbs/140120260914535943.pdf,https://www.release.tdnet.info/inbs/091220260914535943.zip,東名,2026-10-09T14:36
140120260914535927,2026-09-14T16:00,3441,山王,2026年7月期連結業績予想数値と実績値との差異に関するお知らせ,actual_vs_forecast,False,,,,,,https://www.release.tdnet.info/inbs/140120260914535927.pdf,,東名,2026-10-09T14:36
140120260914535920,2026-09-14T16:00,9237,Ｇ－笑美面,2026年10月期第3四半期決算説明資料,earnings_presentation,False,,,,,,https://www.release.tdnet.info/inbs/140120260914535920.pdf,,東,2026-10-09T14:36
140120260914535894,2026-09-14T16:00,9237,Ｇ－笑美面,2026年10月期 第３四半期決算短信〔日本基準〕（連結）,earnings_report,False,,,,,,https://www.release.tdnet.info/inbs/140120260914535894.pdf,https://www.release.tdnet.info/inbs/081220260914535894.zip,東,2026-10-09T14:36
140120260914535890,2026-09-14T16:00,3931,Ｇ－バリューゴルフ,2027年１月期 第２四半期（中間期）決算短信〔日本基準〕（連結）,earnings_report,False,,,,,,https://www.release.tdnet.info/inbs/140120260914535890.pdf,https://www.release.tdnet.info/inbs/081220260914535890.zip,東,2026-10-09T14:36
140120260914535886,2026-09-14T16:00,500A,ＴＯブックス,2027年４月期第１四半期決算短信〔日本基準〕（非連結）,earnings_report,False,,,,,,https://www.release.tdnet.info/inbs/140120260914535886.pdf,https://www.release.tdnet.info/inbs/081220260914535886.zip,東,2026-10-09T14:36
140120260914535863,2026-09-14T16:00,3169,ミサワ,第２四半期業績予想と実績との差異に関するお知らせ,actual_vs_forecast,False,,,,,,https://www.release.tdnet.info/inbs/140120260914535863.pdf,,東,2026-10-09T14:36
140120260914535814,2026-09-14T16:00,184A,Ｇ－学びエイド,2027年４月期 第１四半期決算説明資料,earnings_presentation,False,,,,,,https://www.release.tdnet.info/inbs/140120260914535814.pdf,,東,2026-10-09T14:36
140120260914535804,2026-09-14T16:00,4431,Ｇ－スマレジ,2027年4月期第1四半期決算説明資料,earnings_presentation,False,,,,,,https://www.release.tdnet.info/inbs/140120260914535804.pdf,,東,2026-10-09T14:36
140120260914535798,2026-09-14T16:00,184A,Ｇ－学びエイド,2027年４月期 第１四半期決算短信〔日本基準〕(非連結),earnings_report,False,,,,,,https://www.release.tdnet.info/inbs/140120260914535798.pdf,https://www.release.tdnet.info/inbs/081220260914535798.zip,東,2026-10-09T14:36
140120260914535765,2026-09-14T16:00,246A,Ｇ－アスア,2027年6月期 株主優待額の増額および業績予想の修正について,forecast_revision,False,,,,,,https://www.release.tdnet.info/inbs/140120260914535765.pdf,,東名,2026-10-09T14:36
140120260914535757,2026-09-14T16:00,3657,ポールＨＤ,第２四半期（中間期）連結業績予想値と実績との差異に関するお知らせ,actual_vs_forecast,False,,,,,,https://www.release.tdnet.info/inbs/140120260914535757.pdf,,東,2026-10-09T14:36
140120260914535739,2026-09-14T16:00,4431,Ｇ－スマレジ,2027年４月期第１四半期決算短信〔日本基準〕(連結),earnings_report,False,,,,,,https://www.release.tdnet.info/inbs/140120260914535739.pdf,https://www.release.tdnet.info/inbs/081220260914535739.zip,東,2026-10-09T14:36
140120260914535737,2026-09-14T16:00,3657,ポールＨＤ,2027年１月期　第２四半期（中間期）決算補足資料,earnings_presentation,False,,,,,,https://www.release.tdnet.info/inbs/140120260914535737.pdf,,東,2026-10-09T14:36
140120260914535735,2026-09-14T16:00,3931,Ｇ－バリューゴルフ,2027年1月期 第2四半期決算説明資料,earnings_presentation,False,,,,,,https://www.release.tdnet.info/inbs/140120260914535735.pdf,,東,2026-10-09T14:36
140120260914535709,2026-09-14T16:00,3657,ポールＨＤ,2027年１月期　第２四半期（中間期）決算短信〔日本基準〕（連結）,earnings_report,False,,,,,,https://www.release.tdnet.info/inbs/140120260914535709.pdf,https://www.release.tdnet.info/inbs/081220260914535709.zip,東,2026-10-09T14:36
140120260914535682,2026-09-14T16:00,588A,Ｓ－アットマークテク,2026年７月期 決算短信〔日本基準〕（非連結）,earnings_report,False,,,,,,https://www.release.tdnet.info/inbs/140120260914535682.pdf,,札,2026-10-09T14:36
140120260914535680,2026-09-14T16:00,7811,中本パックス,剰余金の配当（中間配当・増配）及び期末配当予想の修正（増配）に関するお知らせ,dividend_revision,False,up,,,,,https://www.release.tdnet.info/inbs/140120260914535680.pdf,https://www.release.tdnet.info/inbs/091220260914535680.zip,東,2026-10-09T14:36
140120260914535679,2026-09-14T16:00,7811,中本パックス,2027年２月期第２四半期（中間期）及び通期連結業績予想の修正（上方修正）に関するお知らせ,forecast_revision,False,up,OperatingIncome,18.7,CurrentYearDuration,"{""NetSales"": 5.8, ""OperatingIncome"": 18.7, ""OrdinaryIncome"": 15.9, ""ProfitAttributableToOwnersOfParent"": 17.5}",https://www.release.tdnet.info/inbs/140120260914535679.pdf,https://www.release.tdnet.info/inbs/091220260914535679.zip,東,2026-10-09T14:36
140120260914535657,2026-09-14T16:00,8894,ＲＥＶＯＬＵＴＩＯＮ,四半期連結財務諸表に対して公認会計士等による期中レビューを受けた2026年10月期第３四半期決算短信の開示が四半期末後45日を超えることに関するお知らせ,earnings_report,False,,,,,,https://www.release.tdnet.info/inbs/140120260914535657.pdf,,東,2026-10-09T14:36
140120260914535644,2026-09-14T16:00,3169,ミサワ,2027年１月期第２四半期（中間期）決算短信〔日本基準〕(非連結),earnings_report,False,,,,,,https://www.release.tdnet.info/inbs/140120260914535644.pdf,https://www.release.tdnet.info/inbs/081220260914535644.zip,東,2026-10-09T14:36
140120260914535615,2026-09-14T16:00,212A,フィットイージー,2026年10月期　第３四半期　決算説明資料,earnings_presentation,False,,,,,,https://www.release.tdnet.info/inbs/140120260914535615.pdf,,東名,2026-10-09T14:36
140120260914535612,2026-09-14T16:00,212A,フィットイージー,2026年10月期　第３四半期決算短信〔日本基準〕（非連結）,earnings_report,False,,,,,,https://www.release.tdnet.info/inbs/140120260914535612.pdf,https://www.release.tdnet.info/inbs/081220260914535612.zip,東名,2026-10-09T14:36
140120260914535513,2026-09-14T16:00,3441,山王,2026年７月期 決算短信〔日本基準〕（連結）,earnings_report,False,,,,,,https://www.release.tdnet.info/inbs/140120260914535513.pdf,https://www.release.tdnet.info/inbs/081220260914535513.zip,東名,2026-10-09T14:36
140120260911535353,2026-09-14T16:00,3282,Ｒ－コンフォリア,2026年７月期　決算短信（ＲＥＩＴ）,earnings_report,False,,,,,,https://www.release.tdnet.info/inbs/140120260911535353.pdf,https://www.release.tdnet.info/inbs/081220260911535353.zip,東,2026-10-09T14:36
140120260911535327,2026-09-14T16:00,9425,ＲｅＹｕｕＪａｐａｎ,2026年10月期　第３四半期決算短信〔日本基準〕（非連結）,earnings_report,False,,,,,,https://www.release.tdnet.info/inbs/140120260911535327.pdf,https://www.release.tdnet.info/inbs/081220260911535327.zip,東,2026-10-09T14:36
140120260911535275,2026-09-14T16:00,7050,Ｇ－フロンティアＩ,2027年4月期第１四半期決算説明補足資料,earnings_presentation,False,,,,,,https://www.release.tdnet.info/inbs/140120260911535275.pdf,,東,2026-10-09T14:36
140120260911535269,2026-09-14T16:00,7050,Ｇ－フロンティアＩ,2027年４月期　第１四半期決算短信〔日本基準〕（連結）,earnings_report,False,,,,,,https://www.release.tdnet.info/inbs/140120260911535269.pdf,https://www.release.tdnet.info/inbs/081220260911535269.zip,東,2026-10-09T14:36
140120260910534266,2026-09-14T16:00,6309,巴工業,2026年10月期 第３四半期決算短信〔日本基準〕(連結),earnings_report,False,,,,,,https://www.release.tdnet.info/inbs/140120260910534266.pdf,https://www.release.tdnet.info/inbs/081220260910534266.zip,東,2026-10-09T14:36
140120260910534150,2026-09-14T16:00,3187,Ｇ－ミラタップ,配当予想の修正に関するお知らせ,dividend_revision,False,,,,,,https://www.release.tdnet.info/inbs/140120260910534150.pdf,https://www.release.tdnet.info/inbs/091220260910534150.zip,東,2026-10-09T14:36
140120260910534084,2026-09-14T16:00,3955,イムラ,2027年1月期 第2四半期（中間期）決算短信〔日本基準〕（連結）,earnings_report,False,,,,,,https://www.release.tdnet.info/inbs/140120260910534084.pdf,https://www.release.tdnet.info/inbs/081220260910534084.zip,東,2026-10-09T14:36
140120260912535386,2026-09-14T15:50,2424,ブラス,2026年７月期　決算補足説明資料,earnings_presentation,False,,,,,,https://www.release.tdnet.info/inbs/140120260912535386.pdf,,東名,2026-10-09T14:36
140120260912535385,2026-09-14T15:50,2424,ブラス,2026年７月期 決算短信〔日本基準〕（連結）,earnings_report,False,,,,,,https://www.release.tdnet.info/inbs/140120260912535385.pdf,https://www.release.tdnet.info/inbs/081220260912535385.zip,東名,2026-10-09T14:36
140120260911535208,2026-09-14T15:45,278A,Ｇ－テラドローン,2027年１月期 第２四半期 決算説明資料,earnings_presentation,False,,,,,,https://www.release.tdnet.info/inbs/140120260911535208.pdf,,東,2026-10-09T14:36
140120260911535184,2026-09-14T15:45,278A,Ｇ－テラドローン,2027年１月期　第２四半期（中間期）決算短信〔日本基準〕(連結),earnings_report,False,,,,,,https://www.release.tdnet.info/inbs/140120260911535184.pdf,https://www.release.tdnet.info/inbs/081220260911535184.zip,東,2026-10-09T14:36
140120260910534114,2026-09-14T15:45,4576,Ｇ－ＤＷＴＩ,資金調達に関する補足資料,earnings_presentation,False,,,,,,https://www.release.tdnet.info/inbs/140120260910534114.pdf,,東,2026-10-09T14:36
140120260911534911,2026-09-14T15:40,2391,プラネット,2026年７月期決算短信〔日本基準〕(非連結),earnings_report,False,,,,,,https://www.release.tdnet.info/inbs/140120260911534911.pdf,https://www.release.tdnet.info/inbs/081220260911534911.zip,東,2026-10-09T14:36
140120260914535611,2026-09-14T15:31,9235,Ｇ－売れるネットＧ,2026年７月期通期決算説明資料,earnings_presentation,False,,,,,,https://www.release.tdnet.info/inbs/140120260914535611.pdf,,東,2026-10-09T14:36
140120260914536087,2026-09-14T15:30,9235,Ｇ－売れるネットＧ,2026年７月期決算短信 〔日本基準〕(連結),earnings_report,False,,,,,,https://www.release.tdnet.info/inbs/140120260914536087.pdf,https://www.release.tdnet.info/inbs/081220260914536087.zip,東,2026-10-09T14:36
140120260914536027,2026-09-14T15:30,324A,Ｇ－ブッキングＲ,2027年4月期第1四半期決算説明資料,earnings_presentation,False,,,,,,https://www.release.tdnet.info/inbs/140120260914536027.pdf,,東,2026-10-09T14:36
140120260914536025,2026-09-14T15:30,4053,サンアスタリスク,2026年12月期  第２四半期（中間期）決算短信〔日本基準〕（連結）,earnings_report,False,,,,,,https://www.release.tdnet.info/inbs/140120260914536025.pdf,https://www.release.tdnet.info/inbs/081220260914536025.zip,東,2026-10-09T14:36
140120260914536020,2026-09-14T15:30,218A,Ｇ－リベラウェア,2026年7月期通期決算説明資料,earnings_presentation,False,,,,,,https://www.release.tdnet.info/inbs/140120260914536020.pdf,,東,2026-10-09T14:36
140120260914536019,2026-09-14T15:30,324A,Ｇ－ブッキングＲ,2027年4月期第1四半期決算短信〔日本基準〕(非連結),earnings_report,False,,,,,,https://www.release.tdnet.info/inbs/140120260914536019.pdf,https://www.release.tdnet.info/inbs/081220260914536019.zip,東,2026-10-09T14:36
140120260914536013,2026-09-14T15:30,4592,Ｇ－サンバイオ,2027年１月期第２四半期累計期間の連結業績予想と実績値との差異に関するお知らせ,actual_vs_forecast,False,,,,,,https://www.release.tdnet.info/inbs/140120260914536013.pdf,,東,2026-10-09T14:36
140120260914535981,2026-09-14T15:30,2978,Ｇ－ツクルバ,2026年7月期通期 決算説明資料,earnings_presentation,False,,,,,,https://www.release.tdnet.info/inbs/140120260914535981.pdf,,東,2026-10-09T14:36
140120260914535974,2026-09-14T15:30,5136,Ｇ－ｔｒｉｐｌａ,2026年10月期 第３四半期 決算説明資料,earnings_presentation,False,,,,,,https://www.release.tdnet.info/inbs/140120260914535974.pdf,,東,2026-10-09T14:36
140120260914535966,2026-09-14T15:30,5136,Ｇ－ｔｒｉｐｌａ,通期業績予想の修正に関するお知らせ,forecast_revision,False,,,,,,https://www.release.tdnet.info/inbs/140120260914535966.pdf,,東,2026-10-09T14:36
140120260914535934,2026-09-14T15:30,218A,Ｇ－リベラウェア,連結業績予想と実績値との差異及び営業外収益計上に関するお知らせ,actual_vs_forecast,False,,,,,,https://www.release.tdnet.info/inbs/140120260914535934.pdf,,東,2026-10-09T14:36
140120260914535932,2026-09-14T15:30,2997,Ｇ－ストレージ王,決算説明資料_2027年1月期第2四半期決算,earnings_presentation,False,,,,,,https://www.release.tdnet.info/inbs/140120260914535932.pdf,,東,2026-10-09T14:36
140120260914535909,2026-09-14T15:30,2997,Ｇ－ストレージ王,2027年１月期 第２四半期（中間期）決算短信〔日本基準〕（非連結）,earnings_report,False,,,,,,https://www.release.tdnet.info/inbs/140120260914535909.pdf,https://www.release.tdnet.info/inbs/081220260914535909.zip,東,2026-10-09T14:36
140120260914535897,2026-09-14T15:30,2978,Ｇ－ツクルバ,連結業績予想と実績値との差異に関するお知らせ,actual_vs_forecast,False,,,,,,https://www.release.tdnet.info/inbs/140120260914535897.pdf,,東,2026-10-09T14:36
140120260914535883,2026-09-14T15:30,1383,ベルグアース,2026年10月期 第３四半期決算短信〔日本基準〕（連結）,earnings_report,False,,,,,,https://www.release.tdnet.info/inbs/140120260914535883.pdf,https://www.release.tdnet.info/inbs/081220260914535883.zip,東,2026-10-09T14:36
140120260914535881,2026-09-14T15:30,3292,Ｒ－イオンリート,2026年7月期（第27期）決算説明会資料,earnings_presentation,False,,,,,,https://www.release.tdnet.info/inbs/140120260914535881.pdf,,東,2026-10-09T14:36
140120260914535874,2026-09-14T15:30,218A,Ｇ－リベラウェア,2026年７月期　決算短信〔日本基準〕(連結),earnings_report,False,,,,,,https://www.release.tdnet.info/inbs/140120260914535874.pdf,https://www.release.tdnet.info/inbs/081220260914535874.zip,東,2026-10-09T14:36
140120260914535872,2026-09-14T15:30,1444,Ｇ－ニッソウ,2026年7月期　決算説明資料,earnings_presentation,False,,,,,,https://www.release.tdnet.info/inbs/140120260914535872.pdf,,東名,2026-10-09T14:36
140120260914535856,2026-09-14T15:30,1444,Ｇ－ニッソウ,2026年7月期　決算短信〔日本基準〕(連結),earnings_report,False,,,,,,https://www.release.tdnet.info/inbs/140120260914535856.pdf,https://www.release.tdnet.info/inbs/081220260914535856.zip,東名,2026-10-09T14:36
140120260914535855,2026-09-14T15:30,3234,Ｒ－森ヒルズ,第40期（2026年7月期）決算説明資料,earnings_presentation,False,,,,,,https://www.release.tdnet.info/inbs/140120260914535855.pdf,,東,2026-10-09T14:36
140120260914535849,2026-09-14T15:30,4934,Ｇ－Ｐアンチエイジ,2026年７月期決算説明資料,earnings_presentation,False,,,,,,https://www.release.tdnet.info/inbs/140120260914535849.pdf,,東,2026-10-09T14:36
140120260914535847,2026-09-14T15:30,3292,Ｒ－イオンリート,2026年7月期の分配金の予想額と決定額との差異に関するお知らせ,actual_vs_forecast,False,,,,,,https://www.release.tdnet.info/inbs/140120260914535847.pdf,,東,2026-10-09T14:36
140120260914535840,2026-09-14T15:30,3292,Ｒ－イオンリート,2026年7月期　決算短信（ＲＥＩＴ）,earnings_report,False,,,,,,https://www.release.tdnet.info/inbs/140120260914535840.pdf,https://www.release.tdnet.info/inbs/081220260914535840.zip,東,2026-10-09T14:36
140120260914535832,2026-09-14T15:30,7683,ダブルエー,2027年１月期 第２四半期（中間期）決算短信〔日本基準〕（連結）,earnings_report,False,,,,,,https://www.release.tdnet.info/inbs/140120260914535832.pdf,https://www.release.tdnet.info/inbs/081220260914535832.zip,東,2026-10-09T14:36
140120260914535826,2026-09-14T15:30,4592,Ｇ－サンバイオ,2027年１月期 第２四半期（中間期）決算短信〔日本基準〕（連結）,earnings_report,False,,,,,,https://www.release.tdnet.info/inbs/140120260914535826.pdf,https://www.release.tdnet.info/inbs/081220260914535826.zip,東,2026-10-09T14:36
140120260914535818,2026-09-14T15:30,3491,Ｇ－ＧＡ　ＴＥＣＨ,2026年10月期 第3四半期 決算説明資料,earnings_presentation,False,,,,,,https://www.release.tdnet.info/inbs/140120260914535818.pdf,,東,2026-10-09T14:36
140120260914535808,2026-09-14T15:30,4811,Ｇ－ドリーム・アーツ,「2026年12月期 第２四半期決算説明会」書き起こしおよび質疑応答集公開,earnings_presentation,False,,,,,,https://www.release.tdnet.info/inbs/140120260914535808.pdf,,東,2026-10-09T14:36
140120260914535797,2026-09-14T15:30,7073,Ｇ－ジェイック,2027年1月期 第2四半期決算説明資料,earnings_presentation,False,,,,,,https://www.release.tdnet.info/inbs/140120260914535797.pdf,,東名,2026-10-09T14:36
140120260914535796,2026-09-14T15:30,2978,Ｇ－ツクルバ,2026年７月期決算短信〔日本基準〕(連結),earnings_report,False,,,,,,https://www.release.tdnet.info/inbs/140120260914535796.pdf,https://www.release.tdnet.info/inbs/081220260914535796.zip,東,2026-10-09T14:36
140120260914535793,2026-09-14T15:30,1840,土屋ＨＤ,2026年10月期　第３四半期決算短信〔日本基準〕（連結）,earnings_report,False,,,,,,https://www.release.tdnet.info/inbs/140120260914535793.pdf,https://www.release.tdnet.info/inbs/081220260914535793.zip,東札,2026-10-09T14:36
140120260914535792,2026-09-14T15:30,7073,Ｇ－ジェイック,2027年1月期 第2四半期決算短信〔日本基準〕（連結）,earnings_report,False,,,,,,https://www.release.tdnet.info/inbs/140120260914535792.pdf,https://www.release.tdnet.info/inbs/081220260914535792.zip,東名,2026-10-09T14:36
140120260914535791,2026-09-14T15:30,9240,Ｇ－デリバリコンサル,2026年７月期 決算短信〔日本基準〕（連結）,earnings_report,False,,,,,,https://www.release.tdnet.info/inbs/140120260914535791.pdf,https://www.release.tdnet.info/inbs/081220260914535791.zip,東,2026-10-09T14:36
140120260914535785,2026-09-14T15:30,3475,グッドコムアセット,2026年10月期 第３四半期 決算説明,earnings_presentation,False,,,,,,https://www.release.tdnet.info/inbs/140120260914535785.pdf,,東福,2026-10-09T14:36
140120260914535783,2026-09-14T15:30,3475,グッドコムアセット,2026年10月期 第３四半期決算短信〔日本基準〕（連結）,earnings_report,False,,,,,,https://www.release.tdnet.info/inbs/140120260914535783.pdf,https://www.release.tdnet.info/inbs/081220260914535783.zip,東福,2026-10-09T14:36
140120260914535779,2026-09-14T15:30,9240,Ｇ－デリバリコンサル,2026年7月期決算説明資料（事業計画及び成長可能性に関する事項）,earnings_presentation,False,,,,,,https://www.release.tdnet.info/inbs/140120260914535779.pdf,,東,2026-10-09T14:36
140120260914535771,2026-09-14T15:30,4934,Ｇ－Ｐアンチエイジ,2026年７月期通期連結業績予想と実績値との差異に関するお知らせ,actual_vs_forecast,False,,,,,,https://www.release.tdnet.info/inbs/140120260914535771.pdf,,東,2026-10-09T14:36
140120260914535769,2026-09-14T15:30,1840,土屋ＨＤ,通期業績予想の修正に関するお知らせ,forecast_revision,False,,,,,,https://www.release.tdnet.info/inbs/140120260914535769.pdf,,東札,2026-10-09T14:36
140120260914535761,2026-09-14T15:30,441A,Ｇ－ＮＥ,2027年４月期第１四半期決算説明資料,earnings_presentation,False,,,,,,https://www.release.tdnet.info/inbs/140120260914535761.pdf,,東,2026-10-09T14:36
140120260914535747,2026-09-14T15:30,441A,Ｇ－ＮＥ,2027年４月期第１四半期決算短信〔日本基準〕（非連結）,earnings_report,False,,,,,,https://www.release.tdnet.info/inbs/140120260914535747.pdf,https://www.release.tdnet.info/inbs/081220260914535747.zip,東,2026-10-09T14:36
140120260914535723,2026-09-14T15:30,8957,Ｒ－東急ＲＥ,2026年７月期　決算短信（ＲＥＩＴ）,earnings_report,False,,,,,,https://www.release.tdnet.info/inbs/140120260914535723.pdf,https://www.release.tdnet.info/inbs/081220260914535723.zip,東,2026-10-09T14:36
140120260914535711,2026-09-14T15:30,8927,明豊エンター,2026年７月期 決算説明資料,earnings_presentation,False,,,,,,https://www.release.tdnet.info/inbs/140120260914535711.pdf,,東,2026-10-09T14:36
140120260914535710,2026-09-14T15:30,4934,Ｇ－Ｐアンチエイジ,2026年７月期決算短信 [日本基準]（連結）,earnings_report,False,,,,,,https://www.release.tdnet.info/inbs/140120260914535710.pdf,https://www.release.tdnet.info/inbs/081220260914535710.zip,東,2026-10-09T14:36
140120260914535699,2026-09-14T15:30,2315,ＣＡＩＣＡ　Ｄ,2026年10月期 第３四半期決算補足説明資料,earnings_presentation,False,,,,,,https://www.release.tdnet.info/inbs/140120260914535699.pdf,,東,2026-10-09T14:36
140120260914535696,2026-09-14T15:30,3134,Ｈａｍｅｅ,2027年４月期　第１四半期決算説明資料,earnings_presentation,False,,,,,,https://www.release.tdnet.info/inbs/140120260914535696.pdf,,東,2026-10-09T14:36
140120260914535693,2026-09-14T15:30,3134,Ｈａｍｅｅ,2027年４月期　第１四半期決算短信〔日本基準〕(連結),earnings_report,False,,,,,,https://www.release.tdnet.info/inbs/140120260914535693.pdf,https://www.release.tdnet.info/inbs/081220260914535693.zip,東,2026-10-09T14:36
140120260914535676,2026-09-14T15:30,3491,Ｇ－ＧＡ　ＴＥＣＨ,2026年10月期 第３四半期決算短信〔ＩＦＲＳ〕（連結）,earnings_report,False,,,,,,https://www.release.tdnet.info/inbs/140120260914535676.pdf,https://www.release.tdnet.info/inbs/081220260914535676.zip,東,2026-10-09T14:36
140120260914535669,2026-09-14T15:30,8967,Ｒ－ニホンロジ,2026年7月期　決算短信（REIT）,earnings_report,False,,,,,,https://www.release.tdnet.info/inbs/140120260914535669.pdf,https://www.release.tdnet.info/inbs/081220260914535669.zip,東,2026-10-09T14:36
140120260914535664,2026-09-14T15:30,5075,アップコン,2027年1月期第2四半期（中間期）の業績予想と実績値との差異に関するお知らせ,actual_vs_forecast,False,,,,,,https://www.release.tdnet.info/inbs/140120260914535664.pdf,,名,2026-10-09T14:36
140120260914535649,2026-09-14T15:30,6037,楽待,2026年７月期　決算説明資料,earnings_presentation,False,,,,,,https://www.release.tdnet.info/inbs/140120260914535649.pdf,,東,2026-10-09T14:36
140120260914535648,2026-09-14T15:30,5136,Ｇ－ｔｒｉｐｌａ,2026年10月期 第３四半期決算短信〔日本基準〕(連結),earnings_report,False,,,,,,https://www.release.tdnet.info/inbs/140120260914535648.pdf,https://www.release.tdnet.info/inbs/081220260914535648.zip,東,2026-10-09T14:36
140120260914535630,2026-09-14T15:30,7690,Ｐ－カレント自動車,2026年10月期通期業績予想の修正に関するお知らせ,forecast_revision,False,,,,,,https://www.release.tdnet.info/inbs/140120260914535630.pdf,,東,2026-10-09T14:36
140120260914535623,2026-09-14T15:30,4936,アクシージア,通期業績予想と実績値との差異及び特別損失（減損損失）の計上に関するお知らせ,actual_vs_forecast,False,,,,,,https://www.release.tdnet.info/inbs/140120260914535623.pdf,,東,2026-10-09T14:36
140120260914535584,2026-09-14T15:30,9251,Ｇ－ＡＢ＆Ｃ,2026年10月期 第３四半期決算説明資料,earnings_presentation,False,,,,,,https://www.release.tdnet.info/inbs/140120260914535584.pdf,,東,2026-10-09T14:36
140120260914535583,2026-09-14T15:30,4936,アクシージア,2026年７月期通期決算説明資料,earnings_presentation,False,,,,,,https://www.release.tdnet.info/inbs/140120260914535583.pdf,,東,2026-10-09T14:36
140120260914535572,2026-09-14T15:30,4936,アクシージア,2026年７月期決算短信〔日本基準〕（連結）,earnings_report,False,,,,,,https://www.release.tdnet.info/inbs/140120260914535572.pdf,https://www.release.tdnet.info/inbs/081220260914535572.zip,東,2026-10-09T14:36
140120260914535568,2026-09-14T15:30,9251,Ｇ－ＡＢ＆Ｃ,2026年10月期 第３四半期決算短信〔ＩＦＲＳ〕（連結）,earnings_report,False,,,,,,https://www.release.tdnet.info/inbs/140120260914535568.pdf,https://www.release.tdnet.info/inbs/081220260914535568.zip,東,2026-10-09T14:36
140120260914535558,2026-09-14T15:30,2315,ＣＡＩＣＡ　Ｄ,2026年10月期　第３四半期決算短信[日本基準]（連結）,earnings_report,False,,,,,,https://www.release.tdnet.info/inbs/140120260914535558.pdf,https://www.release.tdnet.info/inbs/081220260914535558.zip,東,2026-10-09T14:36
140120260914535550,2026-09-14T15:30,5888,Ｇ－ダイワサイクル,2027年１月期中間期 決算説明資料,earnings_presentation,False,,,,,,https://www.release.tdnet.info/inbs/140120260914535550.pdf,,東,2026-10-09T14:36
140120260914535543,2026-09-14T15:30,9627,アインＨＤ,2027年４月期 第１四半期決算短信〔日本基準〕（連結）,earnings_report,False,,,,,,https://www.release.tdnet.info/inbs/140120260914535543.pdf,https://www.release.tdnet.info/inbs/081220260914535543.zip,東札,2026-10-09T14:36
140120260914535540,2026-09-14T15:30,5888,Ｇ－ダイワサイクル,2027年１月期 第２四半期（中間期）決算短信〔日本基準〕（非連結）,earnings_report,False,,,,,,https://www.release.tdnet.info/inbs/140120260914535540.pdf,https://www.release.tdnet.info/inbs/081220260914535540.zip,東,2026-10-09T14:36
140120260914535534,2026-09-14T15:30,2971,Ｒ－エスコンジャパン,2026年7月期 決算説明資料,earnings_presentation,False,,,,,,https://www.release.tdnet.info/inbs/140120260914535534.pdf,,東,2026-10-09T14:36
140120260914535531,2026-09-14T15:30,3415,トウキョウベース,2027年1月期 第2四半期（中間期）決算短信〔日本基準〕（連結）,earnings_report,False,,,,,,https://www.release.tdnet.info/inbs/140120260914535531.pdf,https://www.release.tdnet.info/inbs/081220260914535531.zip,東,2026-10-09T14:36
140120260914535520,2026-09-14T15:30,2971,Ｒ－エスコンジャパン,2026年7月期 決算短信（REIT）,earnings_report,False,,,,,,https://www.release.tdnet.info/inbs/140120260914535520.pdf,https://www.release.tdnet.info/inbs/081220260914535520.zip,東,2026-10-09T14:36
140120260914535498,2026-09-14T15:30,4426,Ｐ－パスロジ,投資有価証券の売却ならびに業績予想の修正に関するお知らせ,forecast_revision,False,,,,,,https://www.release.tdnet.info/inbs/140120260914535498.pdf,,東,2026-10-09T14:36
140120260914535483,2026-09-14T15:30,604A,ビーエイブル,2026年７月期 決算短信〔日本基準〕（非連結）,earnings_report,False,,,,,,https://www.release.tdnet.info/inbs/140120260914535483.pdf,https://www.release.tdnet.info/inbs/081220260914535483.zip,東,2026-10-09T14:36
140120260914535475,2026-09-14T15:30,3459,Ｒ－サムティレジ,2026年７月期　決算短信（REIT）,earnings_report,False,,,,,,https://www.release.tdnet.info/inbs/140120260914535475.pdf,https://www.release.tdnet.info/inbs/081220260914535475.zip,東,2026-10-09T14:36
140120260914535456,2026-09-14T15:30,9279,ギフトＨＤ,配当予想の修正（増配）に関するお知らせ,dividend_revision,False,up,,,,,https://www.release.tdnet.info/inbs/140120260914535456.pdf,,東,2026-10-09T14:36
140120260914535445,2026-09-14T15:30,9279,ギフトＨＤ,2026年10月期第３四半期決算説明資料,earnings_presentation,False,,,,,,https://www.release.tdnet.info/inbs/140120260914535445.pdf,,東,2026-10-09T14:36
140120260913535406,2026-09-14T15:30,442A,Ｇ－クラシコ,2026年10月期第３四半期決算短信〔日本基準〕(非連結),earnings_report,False,,,,,,https://www.release.tdnet.info/inbs/140120260913535406.pdf,https://www.release.tdnet.info/inbs/081220260913535406.zip,東,2026-10-09T14:36
140120260913535405,2026-09-14T15:30,442A,Ｇ－クラシコ,特別損失の計上及び業績予想の修正に関するお知らせ,forecast_revision,False,,,,,,https://www.release.tdnet.info/inbs/140120260913535405.pdf,,東,2026-10-09T14:36
140120260911535383,2026-09-14T15:30,391A,山忠,2027年4月期_第1四半期決算説明資料,earnings_presentation,False,,,,,,https://www.release.tdnet.info/inbs/140120260911535383.pdf,,名,2026-10-09T14:36
140120260911535365,2026-09-14T15:30,391A,山忠,2027年4月期_第1四半期決算短信,earnings_report,False,,,,,,https://www.release.tdnet.info/inbs/140120260911535365.pdf,https://www.release.tdnet.info/inbs/081220260911535365.zip,名,2026-10-09T14:36
140120260911535351,2026-09-14T15:30,3565,アセンテック,2027年１月期第２四半期 決算説明会資料,earnings_presentation,False,,,,,,https://www.release.tdnet.info/inbs/140120260911535351.pdf,,東,2026-10-09T14:36
140120260911535350,2026-09-14T15:30,3565,アセンテック,2027年１月期第２四半期 決算短信補足資料,earnings_presentation,False,,,,,,https://www.release.tdnet.info/inbs/140120260911535350.pdf,,東,2026-10-09T14:36
140120260911535349,2026-09-14T15:30,3565,アセンテック,2027年１月期第２四半期（中間期）決算短信〔日本基準〕（連結）,earnings_report,False,,,,,,https://www.release.tdnet.info/inbs/140120260911535349.pdf,https://www.release.tdnet.info/inbs/081220260911535349.zip,東,2026-10-09T14:36
140120260911535282,2026-09-14T15:30,3455,Ｒ－ＨＣＭ,2026年7月期（第23期）決算説明資料,earnings_presentation,False,,,,,,https://www.release.tdnet.info/inbs/140120260911535282.pdf,,東,2026-10-09T14:36
140120260911535259,2026-09-14T15:30,3455,Ｒ－ＨＣＭ,2026年7月期　決算短信（ＲＥＩＴ）,earnings_report,False,,,,,,https://www.release.tdnet.info/inbs/140120260911535259.pdf,https://www.release.tdnet.info/inbs/081220260911535259.zip,東,2026-10-09T14:36
140120260911535241,2026-09-14T15:30,5075,アップコン,2027年１月期第２四半期（中間期）決算短信〔日本基準〕(非連結),earnings_report,False,,,,,,https://www.release.tdnet.info/inbs/140120260911535241.pdf,https://www.release.tdnet.info/inbs/081220260911535241.zip,名,2026-10-09T14:36
140120260911535236,2026-09-14T15:30,7034,プロレドパートナーズ,2026年10月期  第３四半期決算短信〔日本基準〕（連結）,earnings_report,False,,,,,,https://www.release.tdnet.info/inbs/140120260911535236.pdf,https://www.release.tdnet.info/inbs/081220260911535236.zip,東,2026-10-09T14:36
140120260911535139,2026-09-14T15:30,168A,Ｇ－イタミアート,2027年１月期 第２四半期決算説明資料,earnings_presentation,False,,,,,,https://www.release.tdnet.info/inbs/140120260911535139.pdf,,東,2026-10-09T14:36
140120260911535134,2026-09-14T15:30,168A,Ｇ－イタミアート,2027年１月期  第２四半期（中間期）決算短信〔日本基準〕（連結）,earnings_report,False,,,,,,https://www.release.tdnet.info/inbs/140120260911535134.pdf,https://www.release.tdnet.info/inbs/081220260911535134.zip,東,2026-10-09T14:36
140120260911535133,2026-09-14T15:30,9279,ギフトＨＤ,2026年10月期　第３四半期決算短信〔日本基準〕（連結）,earnings_report,False,,,,,,https://www.release.tdnet.info/inbs/140120260911535133.pdf,https://www.release.tdnet.info/inbs/081220260911535133.zip,東,2026-10-09T14:36
140120260911535126,2026-09-14T15:30,4174,アピリッツ,2027年１月期 第２四半期（中間期）決算短信〔日本基準〕(連結),earnings_report,False,,,,,,https://www.release.tdnet.info/inbs/140120260911535126.pdf,https://www.release.tdnet.info/inbs/081220260911535126.zip,東,2026-10-09T14:36
140120260911535078,2026-09-14T15:30,7827,オービス,2026年10月期 第３四半期決算補足説明資料,earnings_presentation,False,,,,,,https://www.release.tdnet.info/inbs/140120260911535078.pdf,,東,2026-10-09T14:36
140120260911535075,2026-09-14T15:30,7827,オービス,2026年10月期 第３四半期決算短信〔日本基準〕（連結）,earnings_report,False,,,,,,https://www.release.tdnet.info/inbs/140120260911535075.pdf,https://www.release.tdnet.info/inbs/081220260911535075.zip,東,2026-10-09T14:36
140120260911535068,2026-09-14T15:30,4174,アピリッツ,2027年１月期 第２四半期 決算説明資料,earnings_presentation,False,,,,,,https://www.release.tdnet.info/inbs/140120260911535068.pdf,,東,2026-10-09T14:36
140120260911535000,2026-09-14T15:30,8927,明豊エンター,2026年７月期　決算短信〔日本基準〕（連結）,earnings_report,False,,,,,,https://www.release.tdnet.info/inbs/140120260911535000.pdf,https://www.release.tdnet.info/inbs/081220260911535000.zip,東,2026-10-09T14:36
140120260911534979,2026-09-14T15:30,3468,Ｒ－スターアジア,2026年7月期分配金の予想額と決定額との差異に関するお知らせ,actual_vs_forecast,False,,,,,,https://www.release.tdnet.info/inbs/140120260911534979.pdf,,東,2026-10-09T14:36
140120260911534871,2026-09-14T15:30,7614,オーエムツー,2027年１月期　第２四半期決算短信〔日本基準〕（連結）,earnings_report,False,,,,,,https://www.release.tdnet.info/inbs/140120260911534871.pdf,https://www.release.tdnet.info/inbs/081220260911534871.zip,東,2026-10-09T14:36
140120260911534859,2026-09-14T15:30,7681,レオクラン,通期業績予想の修正に関するお知らせ,forecast_revision,False,up,OperatingIncome,30.9,CurrentYearDuration,"{""NetSales"": 7.9, ""OperatingIncome"": 30.9, ""OrdinaryIncome"": 34.4, ""ProfitAttributableToOwnersOfParent"": 73.9}",https://www.release.tdnet.info/inbs/140120260911534859.pdf,https://www.release.tdnet.info/inbs/091220260911534859.zip,東,2026-10-09T14:36
140120260911534858,2026-09-14T15:30,7110,Ｇ－クラシコム,個別業績の前期実績値との差異に関するお知らせ,actual_vs_forecast,False,,,,,,https://www.release.tdnet.info/inbs/140120260911534858.pdf,,東,2026-10-09T14:36
140120260911534856,2026-09-14T15:30,7110,Ｇ－クラシコム,2026年７月期 決算補足説明資料,earnings_presentation,False,,,,,,https://www.release.tdnet.info/inbs/140120260911534856.pdf,,東,2026-10-09T14:36
140120260911534854,2026-09-14T15:30,7110,Ｇ－クラシコム,2026年７月期 決算短信〔日本基準〕(連結),earnings_report,False,,,,,,https://www.release.tdnet.info/inbs/140120260911534854.pdf,https://www.release.tdnet.info/inbs/081220260911534854.zip,東,2026-10-09T14:36
140120260910534391,2026-09-14T15:30,6387,サムコ,2026年７月期  決算短信〔日本基準〕（非連結）,earnings_report,False,,,,,,https://www.release.tdnet.info/inbs/140120260910534391.pdf,https://www.release.tdnet.info/inbs/081220260910534391.zip,東,2026-10-09T14:36
140120260910534332,2026-09-14T15:30,3234,Ｒ－森ヒルズ,2026年7月期　決算短信（ＲＥＩＴ）,earnings_report,False,,,,,,https://www.release.tdnet.info/inbs/140120260910534332.pdf,https://www.release.tdnet.info/inbs/081220260910534332.zip,東,2026-10-09T14:36
140120260909533834,2026-09-14T15:30,5134,Ｇ－ＰＯＰＥＲ,2026年10月期 第３四半期決算説明会 スクリプト,earnings_presentation,False,,,,,,https://www.release.tdnet.info/inbs/140120260909533834.pdf,,東,2026-10-09T14:36
140120260909533831,2026-09-14T15:30,5134,Ｇ－ＰＯＰＥＲ,2026年10月期 第３四半期決算説明会 質疑応答要旨の公開のお知らせ,earnings_presentation,False,,,,,,https://www.release.tdnet.info/inbs/140120260909533831.pdf,,東,2026-10-09T14:36
140120260909533814,2026-09-14T15:30,556A,Ｇ－犬猫生活,2027年４月期第１四半期決算説明資料,earnings_presentation,False,,,,,,https://www.release.tdnet.info/inbs/140120260909533814.pdf,,東,2026-10-09T14:36
140120260909533757,2026-09-14T15:30,3804,システム　ディ,2026年10月期 第３四半期決算短信〔日本基準〕（連結）,earnings_report,False,,,,,,https://www.release.tdnet.info/inbs/140120260909533757.pdf,https://www.release.tdnet.info/inbs/081220260909533757.zip,東,2026-10-09T14:36
140120260909533384,2026-09-14T15:30,556A,Ｇ－犬猫生活,2027年４月期第１四半期決算短信〔日本基準〕（非連結）,earnings_report,False,,,,,,https://www.release.tdnet.info/inbs/140120260909533384.pdf,https://www.release.tdnet.info/inbs/081220260909533384.zip,東,2026-10-09T14:36
140120260908533257,2026-09-14T15:30,2301,学情,2026年10月期 第3四半期決算説明資料,earnings_presentation,False,,,,,,https://www.release.tdnet.info/inbs/140120260908533257.pdf,,東,2026-10-09T14:36
140120260908533240,2026-09-14T15:30,2301,学情,2026年10月期 第3四半期決算短信（日本基準）（非連結）,earnings_report,False,,,,,,https://www.release.tdnet.info/inbs/140120260908533240.pdf,https://www.release.tdnet.info/inbs/081220260908533240.zip,東,2026-10-09T14:36
140120260827527053,2026-09-14T15:30,7901,マツモト,2027年4月期第1四半期決算短信〔日本基準〕（非連結）,earnings_report,False,,,,,,https://www.release.tdnet.info/inbs/140120260827527053.pdf,https://www.release.tdnet.info/inbs/081220260827527053.zip,東,2026-10-09T14:36
140120260825525742,2026-09-14T15:30,6037,楽待,2026年７月期　決算短信〔日本基準〕〈非連結〉,earnings_report,False,,,,,,https://www.release.tdnet.info/inbs/140120260825525742.pdf,https://www.release.tdnet.info/inbs/081220260825525742.zip,東,2026-10-09T14:36
140120260821524319,2026-09-14T15:30,3468,Ｒ－スターアジア,2026年7月期　決算短信（ＲＥＩＴ）,earnings_report,False,,,,,,https://www.release.tdnet.info/inbs/140120260821524319.pdf,https://www.release.tdnet.info/inbs/081220260821524319.zip,東,2026-10-09T14:36
140120260911534673,2026-09-14T15:04,7810,クロスフォー,2026年７月期決算短信〔日本基準〕(連結),earnings_report,False,,,,,,https://www.release.tdnet.info/inbs/140120260911534673.pdf,https://www.release.tdnet.info/inbs/081220260911534673.zip,東,2026-10-09T14:36
140120260914535858,2026-09-14T15:00,3399,山岡家,2027年1月期中間決算説明資料,earnings_presentation,False,,,,,,https://www.release.tdnet.info/inbs/140120260914535858.pdf,,東,2026-10-09T14:36
140120260914535834,2026-09-14T15:00,5531,Ｐ－エヌバイテクノ,2027年１月期 中間決算短信〔日本基準〕(非連結),earnings_report,False,,,,,,https://www.release.tdnet.info/inbs/140120260914535834.pdf,,東,2026-10-09T14:36
140120260914535780,2026-09-14T15:00,3195,ジェネパ,2026年10月期 第3四半期決算補足説明資料,earnings_presentation,False,,,,,,https://www.release.tdnet.info/inbs/140120260914535780.pdf,,東,2026-10-09T14:36
140120260914535720,2026-09-14T15:00,267A,Ｐ－トワライズ,2026年７月期 決算短信〔日本基準〕(連結),earnings_report,False,,,,,,https://www.release.tdnet.info/inbs/140120260914535720.pdf,,東,2026-10-09T14:36
140120260914535683,2026-09-14T15:00,3195,ジェネパ,2026年10月期第３四半期決算短信〔日本基準〕(連結),earnings_report,False,,,,,,https://www.release.tdnet.info/inbs/140120260914535683.pdf,https://www.release.tdnet.info/inbs/081220260914535683.zip,東,2026-10-09T14:36
140120260914535638,2026-09-14T15:00,3419,アートグリーン,第３四半期決算短信〔日本基準〕(連結),earnings_report,False,,,,,,https://www.release.tdnet.info/inbs/140120260914535638.pdf,https://www.release.tdnet.info/inbs/081220260914535638.zip,名,2026-10-09T14:36
140120260914535616,2026-09-14T15:00,5248,Ｇ－テクノロジーズ,2027年１月期 第２四半期 決算説明資料,earnings_presentation,False,,,,,,https://www.release.tdnet.info/inbs/140120260914535616.pdf,,東,2026-10-09T14:36
140120260914535614,2026-09-14T15:00,5248,Ｇ－テクノロジーズ,2027年１月期 第２四半期決算短信〔日本基準〕(連結),earnings_report,False,,,,,,https://www.release.tdnet.info/inbs/140120260914535614.pdf,https://www.release.tdnet.info/inbs/081220260914535614.zip,東,2026-10-09T14:36
140120260914535493,2026-09-14T15:00,3665,エニグモ,2027年１月期　第２四半期（中間期）決算補足説明資料,earnings_presentation,False,,,,,,https://www.release.tdnet.info/inbs/140120260914535493.pdf,,東,2026-10-09T14:36
140120260914535482,2026-09-14T15:00,7355,Ｐ－一寸房,通期業績予想と実績の差異に関するお知らせ,actual_vs_forecast,False,,,,,,https://www.release.tdnet.info/inbs/140120260914535482.pdf,,東,2026-10-09T14:36
140120260914535474,2026-09-14T15:00,7355,Ｐ－一寸房,2026年７月期 決算短信〔日本基準〕(非連結),earnings_report,False,,,,,,https://www.release.tdnet.info/inbs/140120260914535474.pdf,,東,2026-10-09T14:36
140120260911535364,2026-09-14T15:00,3665,エニグモ,2027年１月期　第２四半期（中間期）決算短信〔日本基準〕（連結）,earnings_report,False,,,,,,https://www.release.tdnet.info/inbs/140120260911535364.pdf,https://www.release.tdnet.info/inbs/081220260911535364.zip,東,2026-10-09T14:36
140120260910534509,2026-09-14T15:00,2776,新都ＨＤ,2027年１月期　第２四半期（中間期）決算短信〔日本基準〕（連結）,earnings_report,False,,,,,,https://www.release.tdnet.info/inbs/140120260910534509.pdf,https://www.release.tdnet.info/inbs/081220260910534509.zip,東,2026-10-09T14:36
140120260910534043,2026-09-14T15:00,3418,Ｇ－バルニバービ,2026年７月期通期個別業績予想と実績値との差異に関するお知らせ,actual_vs_forecast,False,,,,,,https://www.release.tdnet.info/inbs/140120260910534043.pdf,,東,2026-10-09T14:36
140120260910534039,2026-09-14T15:00,3418,Ｇ－バルニバービ,2026年７月期 決算短信〔日本基準〕（連結）,earnings_report,False,,,,,,https://www.release.tdnet.info/inbs/140120260910534039.pdf,https://www.release.tdnet.info/inbs/081220260910534039.zip,東,2026-10-09T14:36
140120260907532274,2026-09-14T15:00,3988,ＳＹＳＨＤ,2026年７月期決算短信〔日本基準〕（連結）,earnings_report,False,,,,,,https://www.release.tdnet.info/inbs/140120260907532274.pdf,https://www.release.tdnet.info/inbs/081220260907532274.zip,東,2026-10-09T14:36
140120260910533968,2026-09-14T14:30,296A,Ｇ－令和ＡＨ,2027年３月期第２四半期（中間期）業績予想及び配当予想の修正（増配）に関するお知らせ,forecast_dividend_revision,False,up,,,CurrentYearDuration,,https://www.release.tdnet.info/inbs/140120260910533968.pdf,https://www.release.tdnet.info/inbs/091220260910533968.zip,東,2026-10-09T14:36
140120260914535827,2026-09-14T14:00,6497,ハマイ,2026年12月期第2四半期連結業績予想と実績との差異及び通期連結業績予想の修正に関するお知らせ,forecast_revision,False,,,,,,https://www.release.tdnet.info/inbs/140120260914535827.pdf,,東,2026-10-09T14:36
140120260914535770,2026-09-14T14:00,6497,ハマイ,過年度の有価証券報告書等の訂正報告書の提出及び過年度の決算短信の訂正に関するお知らせ,earnings_report,False,,,,,,https://www.release.tdnet.info/inbs/140120260914535770.pdf,,東,2026-10-09T14:36
140120260914535564,2026-09-14T14:00,6497,ハマイ,(訂正・数値データ訂正)「2026年12月期 第1四半期決算短信〔日本基準〕（連結）」 の一部訂正に関するお知らせ,earnings_report,True,,,,,,https://www.release.tdnet.info/inbs/140120260914535564.pdf,https://www.release.tdnet.info/inbs/081220260914535564.zip,東,2026-10-09T14:36
140120260911535255,2026-09-14T14:00,6497,ハマイ,(訂正・数値データ訂正)「2025年12月期 決算短信〔日本基準〕（連結）」 の一部訂正に関するお知らせ,earnings_report,True,,,,,,https://www.release.tdnet.info/inbs/140120260911535255.pdf,https://www.release.tdnet.info/inbs/081220260911535255.zip,東,2026-10-09T14:36
140120260911535254,2026-09-14T14:00,6497,ハマイ,(訂正・数値データ訂正)「2025年12月期 第3四半期決算短信〔日本基準〕（連結）」 の一部訂正に関するお知らせ,earnings_report,True,,,,,,https://www.release.tdnet.info/inbs/140120260911535254.pdf,https://www.release.tdnet.info/inbs/081220260911535254.zip,東,2026-10-09T14:36
140120260911535253,2026-09-14T14:00,6497,ハマイ,(訂正・数値データ訂正)「2025年12月期 第1四半期決算短信〔日本基準〕（連結）」 の一部訂正に関するお知らせ,earnings_report,True,,,,,,https://www.release.tdnet.info/inbs/140120260911535253.pdf,https://www.release.tdnet.info/inbs/081220260911535253.zip,東,2026-10-09T14:36
140120260911535252,2026-09-14T14:00,6497,ハマイ,(訂正・数値データ訂正)「2024年12月期 第3四半期決算短信〔日本基準〕（連結）」 の一部訂正に関するお知らせ,earnings_report,True,,,,,,https://www.release.tdnet.info/inbs/140120260911535252.pdf,https://www.release.tdnet.info/inbs/081220260911535252.zip,東,2026-10-09T14:36
140120260909533331,2026-09-14T14:00,5966,京都機械工具,非連結決算への移行及び通期個別業績予想の修正に関するお知らせ,forecast_revision,False,down,OperatingIncome,-5.8,CurrentYearDuration,"{""NetIncome"": -5.9, ""NetSales"": 1.2, ""OperatingIncome"": -5.8, ""OrdinaryIncome"": -5.5}",https://www.release.tdnet.info/inbs/140120260909533331.pdf,https://www.release.tdnet.info/inbs/091220260909533331.zip,東,2026-10-09T14:36
140120260812518510,2026-09-14T14:00,6497,ハマイ,2026年12月期第2四半期（中間期）決算短信〔日本基準〕（連結）,earnings_report,False,,,,,,https://www.release.tdnet.info/inbs/140120260812518510.pdf,https://www.release.tdnet.info/inbs/081220260812518510.zip,東,2026-10-09T14:36
140120260914535674,2026-09-14T13:00,7604,梅の花グループ,2027年４月期 第１四半期決算短信〔日本基準〕（連結）,earnings_report,False,,,,,,https://www.release.tdnet.info/inbs/140120260914535674.pdf,https://www.release.tdnet.info/inbs/081220260914535674.zip,東,2026-10-09T14:36
140120260914535535,2026-09-14T13:00,560A,Ｐ－オカダコーポ,通期業績予想と実績の差異に関するお知らせ,actual_vs_forecast,False,,,,,,https://www.release.tdnet.info/inbs/140120260914535535.pdf,,東,2026-10-09T14:36
140120260914535524,2026-09-14T13:00,560A,Ｐ－オカダコーポ,2026年７月期 決算短信〔日本基準〕（連結）,earnings_report,False,,,,,,https://www.release.tdnet.info/inbs/140120260914535524.pdf,,東,2026-10-09T14:36
140120260909533830,2026-09-14T13:00,3967,Ｇ－エルテス,2027年２月期業績予想の修正（上方修正）に関するお知らせ,forecast_revision,False,up,OperatingIncome,4.3,CurrentYearDuration,"{""NetSales"": 0.0, ""OperatingIncome"": 4.3, ""OrdinaryIncome"": 5.4, ""ProfitAttributableToOwnersOfParent"": 80.0}",https://www.release.tdnet.info/inbs/140120260909533830.pdf,https://www.release.tdnet.info/inbs/091220260909533830.zip,東,2026-10-09T14:36
140120260914535617,2026-09-14T12:00,4172,Ｈｉクラテス,2026 年９月期 通期業績予想の修正及び期末配当予想の修正に関するお知らせ,forecast_dividend_revision,False,up,OperatingIncome,3.7,CurrentYearDuration,"{""NetIncome"": 6.7, ""NetSales"": 0.8, ""OperatingIncome"": 3.7, ""OrdinaryIncome"": 8.3}",https://www.release.tdnet.info/inbs/140120260914535617.pdf,https://www.release.tdnet.info/inbs/091220260914535617.zip,東,2026-10-09T14:36
140120260914535423,2026-09-14T10:10,461A,ＭＸ日株高配ＳＭＡＲ,ＭＡＸＩＳ日本株高配当ＳＭＡＲＴ５０上場投信 決算短信（2026年8月期）,earnings_report,False,,,,,,https://www.release.tdnet.info/inbs/140120260914535423.pdf,,東,2026-10-09T14:36
140120260914535539,2026-09-14T10:01,446A,Ｇ－ノースサンド,（追加）「2027年１月期第２四半期決算説明会資料」の追加に関するお知らせ,earnings_presentation,False,,,,,,https://www.release.tdnet.info/inbs/140120260914535539.pdf,,東,2026-10-09T14:36
140120260911535248,2026-09-11T17:00,3483,Ｐ－翔栄,2026年７月期  決算短信〔日本基準〕（非連結）,earnings_report,False,,,,,,https://www.release.tdnet.info/inbs/140120260911535248.pdf,,東,2026-10-09T14:36
140120260911534725,2026-09-11T17:00,460A,Ｇ－ＢＲＡＮＵ,2026年10月期通期業績予想の修正（上方修正）に関するお知らせ,forecast_revision,False,up,,,,,https://www.release.tdnet.info/inbs/140120260911534725.pdf,,東,2026-10-09T14:36
140120260911534722,2026-09-11T17:00,460A,Ｇ－ＢＲＡＮＵ,2026年10月期第３四半期 決算説明資料,earnings_presentation,False,,,,,,https://www.release.tdnet.info/inbs/140120260911534722.pdf,,東,2026-10-09T14:36
140120260908533058,2026-09-11T17:00,460A,Ｇ－ＢＲＡＮＵ,2026年10月期第３四半期決算短信〔日本基準〕（非連結）,earnings_report,False,,,,,,https://www.release.tdnet.info/inbs/140120260908533058.pdf,https://www.release.tdnet.info/inbs/081220260908533058.zip,東,2026-10-09T14:36
140120260911535246,2026-09-11T16:30,2353,日駐,通期業績予想と実績値との差異に関するお知らせ,actual_vs_forecast,False,,,,,,https://www.release.tdnet.info/inbs/140120260911535246.pdf,,東,2026-10-09T14:36
140120260910534572,2026-09-11T16:30,2353,日駐,当社子会社の個別業績の前期実績値との差異に関するお知らせ,actual_vs_forecast,False,,,,,,https://www.release.tdnet.info/inbs/140120260910534572.pdf,,東,2026-10-09T14:36
140120260910534173,2026-09-11T16:30,3161,アゼアス,業績予想の修正に関するお知らせ,forecast_revision,False,up,OperatingIncome,30.2,CurrentAccumulatedQ2Duration,"{""NetSales"": 2.3, ""OperatingIncome"": 30.2, ""OrdinaryIncome"": 15.6, ""ProfitAttributableToOwnersOfParent"": -7.3}",https://www.release.tdnet.info/inbs/140120260910534173.pdf,https://www.release.tdnet.info/inbs/091220260910534173.zip,東,2026-10-09T14:36
140120260909533773,2026-09-11T16:30,3161,アゼアス,2027年4月期第1四半期決算短信〔日本基準〕（連結）,earnings_report,False,,,,,,https://www.release.tdnet.info/inbs/140120260909533773.pdf,https://www.release.tdnet.info/inbs/081220260909533773.zip,東,2026-10-09T14:36
140120260911535222,2026-09-11T16:00,4599,Ｇ－ステムリム,2026年７月期決算説明資料,earnings_presentation,False,,,,,,https://www.release.tdnet.info/inbs/140120260911535222.pdf,,東,2026-10-09T14:36
140120260911535119,2026-09-11T16:00,186A,Ｇ－アストロスケール,2027年4月期 第1四半期決算短信〔IFRS〕(連結),earnings_report,False,,,,,,https://www.release.tdnet.info/inbs/140120260911535119.pdf,https://www.release.tdnet.info/inbs/081220260911535119.zip,東,2026-10-09T14:36
140120260911535112,2026-09-11T16:00,5572,Ｇ－リッジアイ,個別業績の前期実績値との差異に関するお知らせ,actual_vs_forecast,False,,,,,,https://www.release.tdnet.info/inbs/140120260911535112.pdf,,東,2026-10-09T14:36
140120260911535098,2026-09-11T16:00,3121,マーチャント,2026年10月期第３四半期決算短信〔日本基準〕(連結),earnings_report,False,,,,,,https://www.release.tdnet.info/inbs/140120260911535098.pdf,https://www.release.tdnet.info/inbs/081220260911535098.zip,東,2026-10-09T14:36
140120260911535093,2026-09-11T16:00,456A,Ｇ－ヒューマンメイド,2027年1月期 通期連結業績予想の修正に関するお知らせ,forecast_revision,False,,,,,,https://www.release.tdnet.info/inbs/140120260911535093.pdf,,東,2026-10-09T14:36
140120260911535087,2026-09-11T16:00,5572,Ｇ－リッジアイ,2026年７月期　通期決算説明資料,earnings_presentation,False,,,,,,https://www.release.tdnet.info/inbs/140120260911535087.pdf,,東,2026-10-09T14:36
140120260911535085,2026-09-11T16:00,456A,Ｇ－ヒューマンメイド,2027年1月期第2四半期決算説明資料,earnings_presentation,False,,,,,,https://www.release.tdnet.info/inbs/140120260911535085.pdf,,東,2026-10-09T14:36
140120260911535047,2026-09-11T16:00,186A,Ｇ－アストロスケール,2027年4月期第1四半期 決算説明資料,earnings_presentation,False,,,,,,https://www.release.tdnet.info/inbs/140120260911535047.pdf,,東,2026-10-09T14:36
140120260911535038,2026-09-11T16:00,3361,トーエル,2027年４月期第１四半期決算短信〔日本基準〕(連結),earnings_report,False,,,,,,https://www.release.tdnet.info/inbs/140120260911535038.pdf,https://www.release.tdnet.info/inbs/081220260911535038.zip,東,2026-10-09T14:36
140120260911535037,2026-09-11T16:00,4937,Ｇ－Ｗａｑｏｏ,（訂正）2026年９月期第３四半期　決算短信〔日本基準〕(連結)の一部訂正について,earnings_report,True,,,,,,https://www.release.tdnet.info/inbs/140120260911535037.pdf,,東,2026-10-09T14:36
140120260911534999,2026-09-11T16:00,4894,Ｇ－クオリプス,第三者割当による新株式の発行及び第１回無担保普通社債の発行に関する補足説明資料,earnings_presentation,False,,,,,,https://www.release.tdnet.info/inbs/140120260911534999.pdf,,東,2026-10-09T14:36
140120260911534969,2026-09-11T16:00,7674,Ｇ－ＮＡＴＴＹＨＤ,2027年１月期第２四半期　決算説明資料,earnings_presentation,False,,,,,,https://www.release.tdnet.info/inbs/140120260911534969.pdf,,東,2026-10-09T14:36
140120260911534962,2026-09-11T16:00,4378,Ｇ－ＣＩＮＣ,2026年10月期第３四半期 決算説明資料,earnings_presentation,False,,,,,,https://www.release.tdnet.info/inbs/140120260911534962.pdf,,東,2026-10-09T14:36
140120260911534937,2026-09-11T16:00,4378,Ｇ－ＣＩＮＣ,2026年10月期第３四半期決算短信〔日本基準〕(連結),earnings_report,False,,,,,,https://www.release.tdnet.info/inbs/140120260911534937.pdf,https://www.release.tdnet.info/inbs/081220260911534937.zip,東,2026-10-09T14:36
140120260911534917,2026-09-11T16:00,3539,ＪＭホールディングス,2026年７月期　決算短信〔日本基準〕（連結）,earnings_report,False,,,,,,https://www.release.tdnet.info/inbs/140120260911534917.pdf,https://www.release.tdnet.info/inbs/081220260911534917.zip,東,2026-10-09T14:36
140120260911534873,2026-09-11T16:00,6898,トミタ電機,2027年１月期第２四半期（中間期）決算短信〔日本基準〕(連結),earnings_report,False,,,,,,https://www.release.tdnet.info/inbs/140120260911534873.pdf,https://www.release.tdnet.info/inbs/081220260911534873.zip,東,2026-10-09T14:36
140120260911534864,2026-09-11T16:00,5131,Ｇ－リンカーズ,2026年7月期 決算短信〔日本基準〕（連結）,earnings_report,False,,,,,,https://www.release.tdnet.info/inbs/140120260911534864.pdf,https://www.release.tdnet.info/inbs/081220260911534864.zip,東,2026-10-09T14:36
140120260911534857,2026-09-11T16:00,3399,山岡家,2027年１月期　第２四半期（中間期）決算短信〔日本基準〕（非連結）,earnings_report,False,,,,,,https://www.release.tdnet.info/inbs/140120260911534857.pdf,https://www.release.tdnet.info/inbs/081220260911534857.zip,東,2026-10-09T14:36
140120260911534851,2026-09-11T16:00,1766,東建コーポ,2027年４月期　第１四半期決算短信〔日本基準〕（連結）,earnings_report,False,,,,,,https://www.release.tdnet.info/inbs/140120260911534851.pdf,https://www.release.tdnet.info/inbs/081220260911534851.zip,東名,2026-10-09T14:36
140120260911534808,2026-09-11T16:00,7674,Ｇ－ＮＡＴＴＹＨＤ,特別損失の計上（関係会社株式評価損）及び2027年１月期第２四半期（中間期）連結累計期間業績予想と実績値の差異に関するお知らせ,actual_vs_forecast,False,,,,,,https://www.release.tdnet.info/inbs/140120260911534808.pdf,,東,2026-10-09T14:36
140120260911534804,2026-09-11T16:00,7674,Ｇ－ＮＡＴＴＹＨＤ,2027年１月期 第２四半期（中間期）決算短信〔日本基準〕(連結),earnings_report,False,,,,,,https://www.release.tdnet.info/inbs/140120260911534804.pdf,https://www.release.tdnet.info/inbs/081220260911534804.zip,東,2026-10-09T14:36
140120260911534701,2026-09-11T16:00,5079,ノバック,2027年４月期 第１四半期決算短信〔日本基準〕（連結）,earnings_report,False,,,,,,https://www.release.tdnet.info/inbs/140120260911534701.pdf,https://www.release.tdnet.info/inbs/081220260911534701.zip,東,2026-10-09T14:36
140120260910534599,2026-09-11T16:00,456A,Ｇ－ヒューマンメイド,2027年１月期第２四半期（中間期）決算短信〔日本基準〕(連結),earnings_report,False,,,,,,https://www.release.tdnet.info/inbs/140120260910534599.pdf,https://www.release.tdnet.info/inbs/081220260910534599.zip,東,2026-10-09T14:36
140120260910534570,2026-09-11T16:00,5572,Ｇ－リッジアイ,2026年７月期決算短信〔日本基準〕(連結),earnings_report,False,,,,,,https://www.release.tdnet.info/inbs/140120260910534570.pdf,https://www.release.tdnet.info/inbs/081220260910534570.zip,東,2026-10-09T14:36
140120260910534357,2026-09-11T16:00,9262,シルバーライフ,2026年７月期 決算短信〔日本基準〕(連結),earnings_report,False,,,,,,https://www.release.tdnet.info/inbs/140120260910534357.pdf,https://www.release.tdnet.info/inbs/081220260910534357.zip,東,2026-10-09T14:36
140120260910534135,2026-09-11T16:00,6317,北川鉄,2027年３月期第２四半期（中間期）及び連結業績予想の修正並びに配当予想の修正に関するお知らせ,forecast_dividend_revision,False,up,OperatingIncome,50.0,CurrentYearDuration,"{""NetSales"": 5.1, ""OperatingIncome"": 50.0, ""OrdinaryIncome"": 53.3, ""ProfitAttributableToOwnersOfParent"": 70.0}",https://www.release.tdnet.info/inbs/140120260910534135.pdf,https://www.release.tdnet.info/inbs/091220260910534135.zip,東,2026-10-09T14:36
140120260910534126,2026-09-11T16:00,7850,総合商研,令和８年７月期決算短信〔日本基準〕(連結),earnings_report,False,,,,,,https://www.release.tdnet.info/inbs/140120260910534126.pdf,https://www.release.tdnet.info/inbs/081220260910534126.zip,東,2026-10-09T14:36
140120260909533634,2026-09-11T16:00,6091,ウエスコＨＤ,剰余金の配当(増配)および配当方針の変更に関するお知らせ,dividend_revision,False,up,,,,,https://www.release.tdnet.info/inbs/140120260909533634.pdf,,東,2026-10-09T14:36
140120260908533222,2026-09-11T16:00,5446,北越メタル,配当予想の修正に関するお知らせ,dividend_revision,False,,,,,,https://www.release.tdnet.info/inbs/140120260908533222.pdf,https://www.release.tdnet.info/inbs/091220260908533222.zip,東,2026-10-09T14:36
140120260908532952,2026-09-11T16:00,3539,ＪＭホールディングス,剰余金の配当（増配）に関するお知らせ,dividend_revision,False,up,,,,,https://www.release.tdnet.info/inbs/140120260908532952.pdf,,東,2026-10-09T14:36
140120260902530581,2026-09-11T16:00,1844,大盛工,2026年7月期  決算短信【日本基準】（連結）,earnings_report,False,,,,,,https://www.release.tdnet.info/inbs/140120260902530581.pdf,https://www.release.tdnet.info/inbs/081220260902530581.zip,東,2026-10-09T14:36
140120260831529125,2026-09-11T16:00,3524,日東網,2027年４月期　第１四半期決算短信〔日本基準〕（連結）,earnings_report,False,,,,,,https://www.release.tdnet.info/inbs/140120260831529125.pdf,https://www.release.tdnet.info/inbs/081220260831529125.zip,東名,2026-10-09T14:36
140120260727599789,2026-09-11T16:00,6091,ウエスコＨＤ,2026年７月期　決算説明資料,earnings_presentation,False,,,,,,https://www.release.tdnet.info/inbs/140120260727599789.pdf,,東,2026-10-09T14:36
140120260727599785,2026-09-11T16:00,6091,ウエスコＨＤ,2026年７月期　決算短信〔日本基準〕（連結）,earnings_report,False,,,,,,https://www.release.tdnet.info/inbs/140120260727599785.pdf,https://www.release.tdnet.info/inbs/081220260727599785.zip,東,2026-10-09T14:36
140120260911534987,2026-09-11T15:45,6040,Ｇ－日本スキー,2026年７月期 決算短信〔日本基準〕（連結）,earnings_report,False,,,,,,https://www.release.tdnet.info/inbs/140120260911534987.pdf,https://www.release.tdnet.info/inbs/081220260911534987.zip,東,2026-10-09T14:36
140120260909533707,2026-09-11T15:45,3733,ソフトウェアＳ,2026年10月期第3四半期決算短信〔日本基準〕（連結）,earnings_report,False,,,,,,https://www.release.tdnet.info/inbs/140120260909533707.pdf,https://www.release.tdnet.info/inbs/081220260909533707.zip,東,2026-10-09T14:36
140120260909533498,2026-09-11T15:40,6676,ＢＵＦＦＡＬＯ,通期連結業績予想の修正及び中間期連結業績予想の公表に関するお知らせ,forecast_revision,False,up,OperatingIncome,38.7,CurrentYearDuration,"{""NetSales"": 0.9, ""OperatingIncome"": 38.7, ""OrdinaryIncome"": 37.1, ""ProfitAttributableToOwnersOfParent"": 37.8}",https://www.release.tdnet.info/inbs/140120260909533498.pdf,https://www.release.tdnet.info/inbs/091220260909533498.zip,東名,2026-10-09T14:36
140120260908533170,2026-09-11T15:35,3974,ＳＣＡＴ,期末配当予想の修正（増配）に関するお知らせ,dividend_revision,False,up,,,,,https://www.release.tdnet.info/inbs/140120260908533170.pdf,,東名,2026-10-09T14:36
140120260908533139,2026-09-11T15:35,3974,ＳＣＡＴ,通期業績予想の修正に関するお知らせ,forecast_revision,False,,,,,,https://www.release.tdnet.info/inbs/140120260908533139.pdf,,東名,2026-10-09T14:36
140120260908533134,2026-09-11T15:35,3974,ＳＣＡＴ,2026年10月期　第３四半期決算補足資料,earnings_presentation,False,,,,,,https://www.release.tdnet.info/inbs/140120260908533134.pdf,,東名,2026-10-09T14:36
140120260908532700,2026-09-11T15:35,3974,ＳＣＡＴ,2026年10月期第３四半期決算短信〔日本基準〕(連結),earnings_report,False,,,,,,https://www.release.tdnet.info/inbs/140120260908532700.pdf,https://www.release.tdnet.info/inbs/081220260908532700.zip,東名,2026-10-09T14:36
140120260911535201,2026-09-11T15:30,4813,ＡＣＣＥＳＳ,2027年１月期 第２四半期（中間期） 決算説明資料,earnings_presentation,False,,,,,,https://www.release.tdnet.info/inbs/140120260911535201.pdf,,東,2026-10-09T14:36
140120260911535192,2026-09-11T15:30,6306,日工,2027年3月期 第1四半期 決算説明会スクリプト_質疑応答スクリプト,earnings_presentation,False,,,,,,https://www.release.tdnet.info/inbs/140120260911535192.pdf,,東,2026-10-09T14:36
140120260911535155,2026-09-11T15:30,4382,ＨＥＲＯＺ,2027年４月期 第１四半期決算説明資料,earnings_presentation,False,,,,,,https://www.release.tdnet.info/inbs/140120260911535155.pdf,,東,2026-10-09T14:36
140120260911535131,2026-09-11T15:30,3193,エターナルホスピＧ,2026年７月期 決算短信〔日本基準〕（連結）,earnings_report,False,,,,,,https://www.release.tdnet.info/inbs/140120260911535131.pdf,https://www.release.tdnet.info/inbs/081220260911535131.zip,東,2026-10-09T14:36
140120260911535129,2026-09-11T15:30,9166,Ｇ－ＧＥＮＤＡ,2027年１月期 第２四半期（中間期）決算短信〔日本基準〕（連結）,earnings_report,False,,,,,,https://www.release.tdnet.info/inbs/140120260911535129.pdf,https://www.release.tdnet.info/inbs/081220260911535129.zip,東,2026-10-09T14:36
140120260911535122,2026-09-11T15:30,4813,ＡＣＣＥＳＳ,2027年１月期中間連結会計期間の業績予想値と実績値との差異に関するお知らせ,actual_vs_forecast,False,,,,,,https://www.release.tdnet.info/inbs/140120260911535122.pdf,,東,2026-10-09T14:36
140120260911535120,2026-09-11T15:30,7095,ＭａｃｂｅｅＰ,2027年4月期第1四半期決算説明会資料（書き起こし）,earnings_presentation,False,,,,,,https://www.release.tdnet.info/inbs/140120260911535120.pdf,,東,2026-10-09T14:36
140120260911535090,2026-09-11T15:30,3159,丸善ＣＨＩ,2027年１月期　第２四半期(中間期)決算説明資料,earnings_presentation,False,,,,,,https://www.release.tdnet.info/inbs/140120260911535090.pdf,,東,2026-10-09T14:36
140120260911535070,2026-09-11T15:30,4813,ＡＣＣＥＳＳ,2027年１月期 第２四半期（中間期）決算短信〔日本基準〕(連結),earnings_report,False,,,,,,https://www.release.tdnet.info/inbs/140120260911535070.pdf,https://www.release.tdnet.info/inbs/081220260911535070.zip,東,2026-10-09T14:36
140120260911535063,2026-09-11T15:30,3653,Ｇ－モルフォ,2026年10月期 第3四半期決算補足説明資料,earnings_presentation,False,,,,,,https://www.release.tdnet.info/inbs/140120260911535063.pdf,,東,2026-10-09T14:36
140120260911535058,2026-09-11T15:30,6656,ＩＮＳＰＥＣ,2027年４月期  第１四半期決算短信〔日本基準〕（非連結）,earnings_report,False,,,,,,https://www.release.tdnet.info/inbs/140120260911535058.pdf,https://www.release.tdnet.info/inbs/081220260911535058.zip,東,2026-10-09T14:36
140120260911535057,2026-09-11T15:30,3159,丸善ＣＨＩ,2027年１月期　第２四半期(中間期)決算短信〔日本基準〕（連結）,earnings_report,False,,,,,,https://www.release.tdnet.info/inbs/140120260911535057.pdf,https://www.release.tdnet.info/inbs/081220260911535057.zip,東,2026-10-09T14:36
140120260911535034,2026-09-11T15:30,3421,稲葉製作,2026年７月期 決算短信〔日本基準〕（連結）,earnings_report,False,,,,,,https://www.release.tdnet.info/inbs/140120260911535034.pdf,https://www.release.tdnet.info/inbs/081220260911535034.zip,東,2026-10-09T14:36
140120260911535032,2026-09-11T15:30,446A,Ｇ－ノースサンド,2027年１月期 第２四半期（中間期）決算短信〔日本基準〕(非連結),earnings_report,False,,,,,,https://www.release.tdnet.info/inbs/140120260911535032.pdf,https://www.release.tdnet.info/inbs/081220260911535032.zip,東,2026-10-09T14:36
140120260911535031,2026-09-11T15:30,3653,Ｇ－モルフォ,2026年10月期 第3四半期決算短信〔日本基準〕（連結）,earnings_report,False,,,,,,https://www.release.tdnet.info/inbs/140120260911535031.pdf,https://www.release.tdnet.info/inbs/081220260911535031.zip,東,2026-10-09T14:36
140120260911534986,2026-09-11T15:30,4175,Ｇ－ｃｏｌｙ,2027年１月期第２四半期決算説明資料,earnings_presentation,False,,,,,,https://www.release.tdnet.info/inbs/140120260911534986.pdf,,東,2026-10-09T14:36
140120260911534980,2026-09-11T15:30,4175,Ｇ－ｃｏｌｙ,2027年１月期 第２四半期（中間期）決算短信〔日本基準〕(非連結),earnings_report,False,,,,,,https://www.release.tdnet.info/inbs/140120260911534980.pdf,https://www.release.tdnet.info/inbs/081220260911534980.zip,東,2026-10-09T14:36
140120260911534973,2026-09-11T15:30,4075,Ｇ－ブレインズ,2026年７月期決算説明資料,earnings_presentation,False,,,,,,https://www.release.tdnet.info/inbs/140120260911534973.pdf,,東,2026-10-09T14:36
140120260911534968,2026-09-11T15:30,4075,Ｇ－ブレインズ,2026年７月期決算短信[日本基準]（非連結）,earnings_report,False,,,,,,https://www.release.tdnet.info/inbs/140120260911534968.pdf,https://www.release.tdnet.info/inbs/081220260911534968.zip,東,2026-10-09T14:36
140120260911534959,2026-09-11T15:30,7058,共栄セキュリティ,2026年７月期決算短信〔日本基準〕(連結),earnings_report,False,,,,,,https://www.release.tdnet.info/inbs/140120260911534959.pdf,https://www.release.tdnet.info/inbs/081220260911534959.zip,東,2026-10-09T14:36
140120260911534954,2026-09-11T15:30,7058,共栄セキュリティ,個別業績の前期実績値との差異に関するお知らせ,actual_vs_forecast,False,,,,,,https://www.release.tdnet.info/inbs/140120260911534954.pdf,,東,2026-10-09T14:36
140120260911534946,2026-09-11T15:30,5218,オハラ,2026年10月期 第3四半期決算説明資料,earnings_presentation,False,,,,,,https://www.release.tdnet.info/inbs/140120260911534946.pdf,,東,2026-10-09T14:36
140120260911534945,2026-09-11T15:30,3320,クロスプラス,2027年1月期 第2四半期 決算説明会資料,earnings_presentation,False,,,,,,https://www.release.tdnet.info/inbs/140120260911534945.pdf,,東名,2026-10-09T14:36
140120260911534922,2026-09-11T15:30,8142,トーホー,2027年1月期中間期(第2四半期)決算説明資料,earnings_presentation,False,,,,,,https://www.release.tdnet.info/inbs/140120260911534922.pdf,,東,2026-10-09T14:36
140120260911534920,2026-09-11T15:30,446A,Ｇ－ノースサンド,2027年１月期第２四半期決算説明会資料,earnings_presentation,False,,,,,,https://www.release.tdnet.info/inbs/140120260911534920.pdf,,東,2026-10-09T14:36
140120260911534916,2026-09-11T15:30,3444,菊池製作所,2027年４月期 第１四半期決算短信〔日本基準〕(連結),earnings_report,False,,,,,,https://www.release.tdnet.info/inbs/140120260911534916.pdf,https://www.release.tdnet.info/inbs/081220260911534916.zip,東,2026-10-09T14:36
140120260911534909,2026-09-11T15:30,4382,ＨＥＲＯＺ,2027年４月期第１四半期決算短信〔日本基準〕（連結）,earnings_report,False,,,,,,https://www.release.tdnet.info/inbs/140120260911534909.pdf,https://www.release.tdnet.info/inbs/081220260911534909.zip,東,2026-10-09T14:36
140120260911534862,2026-09-11T15:30,5218,オハラ,2026年10月期 第3四半期決算短信〔日本基準〕(連結),earnings_report,False,,,,,,https://www.release.tdnet.info/inbs/140120260911534862.pdf,https://www.release.tdnet.info/inbs/081220260911534862.zip,東,2026-10-09T14:36
140120260911534855,2026-09-11T15:30,8142,トーホー,2027年１月期第２四半期（中間期）決算短信〔日本基準〕(連結),earnings_report,False,,,,,,https://www.release.tdnet.info/inbs/140120260911534855.pdf,https://www.release.tdnet.info/inbs/081220260911534855.zip,東,2026-10-09T14:36
140120260911534845,2026-09-11T15:30,6225,エコム,2026年７月期　決算短信〔日本基準〕（非連結）,earnings_report,False,,,,,,https://www.release.tdnet.info/inbs/140120260911534845.pdf,https://www.release.tdnet.info/inbs/081220260911534845.zip,名,2026-10-09T14:36
140120260911534834,2026-09-11T15:30,7131,のむら産業,2026年10月期　第３四半期　決算説明資料,earnings_presentation,False,,,,,,https://www.release.tdnet.info/inbs/140120260911534834.pdf,,東,2026-10-09T14:36
140120260911534830,2026-09-11T15:30,7131,のむら産業,配当予想の修正に関するお知らせ,dividend_revision,False,,,,,,https://www.release.tdnet.info/inbs/140120260911534830.pdf,,東,2026-10-09T14:36
140120260911534824,2026-09-11T15:30,9603,Ｈ．Ｉ．Ｓ．,2026年10月期 第３四半期決算短信〔日本基準〕（連結）,earnings_report,False,,,,,,https://www.release.tdnet.info/inbs/140120260911534824.pdf,https://www.release.tdnet.info/inbs/081220260911534824.zip,東,2026-10-09T14:36
140120260911534815,2026-09-11T15:30,3193,エターナルホスピＧ,通期連結業績予想と実績値との差異に関するお知らせ,actual_vs_forecast,False,,,,,,https://www.release.tdnet.info/inbs/140120260911534815.pdf,https://www.release.tdnet.info/inbs/091220260911534815.zip,東,2026-10-09T14:36
140120260911534799,2026-09-11T15:30,7378,Ｇ－アシロ,2026年10月期第３四半期決算説明資料,earnings_presentation,False,,,,,,https://www.release.tdnet.info/inbs/140120260911534799.pdf,,東,2026-10-09T14:36
140120260911534797,2026-09-11T15:30,7831,ウイルコＨＤ,2026年10月期  第３四半期決算短信〔日本基準〕（連結）,earnings_report,False,,,,,,https://www.release.tdnet.info/inbs/140120260911534797.pdf,https://www.release.tdnet.info/inbs/081220260911534797.zip,東,2026-10-09T14:36
140120260911534789,2026-09-11T15:30,462A,Ｇ－ファンディーノ,2026年10月期 第３四半期決算説明資料（書き起こし）公開に関するお知らせ,earnings_presentation,False,,,,,,https://www.release.tdnet.info/inbs/140120260911534789.pdf,,東,2026-10-09T14:36
140120260911534785,2026-09-11T15:30,462A,Ｇ－ファンディーノ,2026年10月期 第３四半期決算説明資料,earnings_presentation,False,,,,,,https://www.release.tdnet.info/inbs/140120260911534785.pdf,,東,2026-10-09T14:36
140120260911534760,2026-09-11T15:30,462A,Ｇ－ファンディーノ,2026年10月期 第３四半期決算短信〔日本基準〕（連結）,earnings_report,False,,,,,,https://www.release.tdnet.info/inbs/140120260911534760.pdf,https://www.release.tdnet.info/inbs/081220260911534760.zip,東,2026-10-09T14:36
140120260911534757,2026-09-11T15:30,7378,Ｇ－アシロ,2026年10月期第３四半期決算短信〔ＩＦＲＳ〕(連結),earnings_report,False,,,,,,https://www.release.tdnet.info/inbs/140120260911534757.pdf,https://www.release.tdnet.info/inbs/081220260911534757.zip,東,2026-10-09T14:36
140120260911534751,2026-09-11T15:30,4287,ジャストプラ,2027年１月期　第２四半期（中間期）決算短信〔日本基準〕（連結）,earnings_report,False,,,,,,https://www.release.tdnet.info/inbs/140120260911534751.pdf,https://www.release.tdnet.info/inbs/081220260911534751.zip,東,2026-10-09T14:36
140120260911534732,2026-09-11T15:30,6225,エコム,2026年７月期（第41期）決算説明資料,earnings_presentation,False,,,,,,https://www.release.tdnet.info/inbs/140120260911534732.pdf,,名,2026-10-09T14:36
140120260911534730,2026-09-11T15:30,7878,光・彩,配当予想の修正（特別配当）に関するお知らせ,dividend_revision,False,,,,,,https://www.release.tdnet.info/inbs/140120260911534730.pdf,,東名,2026-10-09T14:36
140120260911534726,2026-09-11T15:30,7878,光・彩,2027 年１月期業績予想の修正に関するお知らせ,forecast_revision,False,,,,,,https://www.release.tdnet.info/inbs/140120260911534726.pdf,,東名,2026-10-09T14:36
140120260911534724,2026-09-11T15:30,7131,のむら産業,2026年10月期 第３四半期決算短信〔日本基準〕（連結）,earnings_report,False,,,,,,https://www.release.tdnet.info/inbs/140120260911534724.pdf,https://www.release.tdnet.info/inbs/081220260911534724.zip,東,2026-10-09T14:36
140120260911534723,2026-09-11T15:30,7878,光・彩,2026年１月期　第２四半期（中間期）決算短信〔日本基準〕（非連結）,earnings_report,False,,,,,,https://www.release.tdnet.info/inbs/140120260911534723.pdf,https://www.release.tdnet.info/inbs/081220260911534723.zip,東名,2026-10-09T14:36
140120260911534695,2026-09-11T15:30,6225,エコム,連結決算への移行に伴う連結業績予想の公表に関するお知らせ,forecast_initial,False,,,,,,https://www.release.tdnet.info/inbs/140120260911534695.pdf,https://www.release.tdnet.info/inbs/091220260911534695.zip,名,2026-10-09T14:36
140120260911534638,2026-09-11T15:30,9163,Ｇ－ナレルグループ,2026年10月期　第３四半期 決算説明資料,earnings_presentation,False,,,,,,https://www.release.tdnet.info/inbs/140120260911534638.pdf,,東,2026-10-09T14:36
140120260911534635,2026-09-11T15:30,9163,Ｇ－ナレルグループ,2026年10月期　第３四半期決算短信〔ＩＦＲＳ〕(連結),earnings_report,False,,,,,,https://www.release.tdnet.info/inbs/140120260911534635.pdf,https://www.release.tdnet.info/inbs/081220260911534635.zip,東,2026-10-09T14:36
140120260911534630,2026-09-11T15:30,7097,Ｇ－さくらさく,2026年７月期 決算説明資料（事業計画及び成長可能性に関する事項）,earnings_presentation,False,,,,,,https://www.release.tdnet.info/inbs/140120260911534630.pdf,,東,2026-10-09T14:36
140120260910534609,2026-09-11T15:30,1444,Ｇ－ニッソウ,業績予想の修正に関するお知らせ,forecast_revision,False,down,OperatingIncome,-162.5,CurrentYearDuration,"{""NetSales"": -2.5, ""OperatingIncome"": -162.5, ""OrdinaryIncome"": -121.7, ""ProfitAttributableToOwnersOfParent"": -52.7}",https://www.release.tdnet.info/inbs/140120260910534609.pdf,https://www.release.tdnet.info/inbs/091220260910534609.zip,東名,2026-10-09T14:36
140120260910534589,2026-09-11T15:30,6267,ゼネパッカー,剰余金の配当（増配）に関するお知らせ,dividend_revision,False,up,,,,,https://www.release.tdnet.info/inbs/140120260910534589.pdf,,東名,2026-10-09T14:36
140120260910534583,2026-09-11T15:30,6267,ゼネパッカー,2026年７月期決算短信〔日本基準〕(連結),earnings_report,False,,,,,,https://www.release.tdnet.info/inbs/140120260910534583.pdf,https://www.release.tdnet.info/inbs/081220260910534583.zip,東名,2026-10-09T14:36
140120260910534569,2026-09-11T15:30,2353,日駐,2026年７月期決算短信〔日本基準〕(連結),earnings_report,False,,,,,,https://www.release.tdnet.info/inbs/140120260910534569.pdf,https://www.release.tdnet.info/inbs/081220260910534569.zip,東,2026-10-09T14:36
140120260910534526,2026-09-11T15:30,5889,ＪＥＨ,2027年1月期 第2四半期決算説明資料,earnings_presentation,False,,,,,,https://www.release.tdnet.info/inbs/140120260910534526.pdf,,東,2026-10-09T14:36
140120260910534523,2026-09-11T15:30,5889,ＪＥＨ,2027年１月期  第２四半期（中間期）決算短信〔ＩＦＲＳ〕（連結）,earnings_report,False,,,,,,https://www.release.tdnet.info/inbs/140120260910534523.pdf,https://www.release.tdnet.info/inbs/081220260910534523.zip,東,2026-10-09T14:36
140120260910534430,2026-09-11T15:30,5581,Ｐ－カイテクノロジー,連結業績予想の修正に関するお知らせ,forecast_revision,False,,,,,,https://www.release.tdnet.info/inbs/140120260910534430.pdf,,東,2026-10-09T14:36
140120260910534405,2026-09-11T15:30,9236,Ｇ－ジャパンＭ＆Ａ,2026年10月期第３四半期決算説明資料,earnings_presentation,False,,,,,,https://www.release.tdnet.info/inbs/140120260910534405.pdf,,東,2026-10-09T14:36
140120260910534399,2026-09-11T15:30,9236,Ｇ－ジャパンＭ＆Ａ,2026年10月期第３四半期決算短信〔日本基準〕(非連結),earnings_report,False,,,,,,https://www.release.tdnet.info/inbs/140120260910534399.pdf,https://www.release.tdnet.info/inbs/081220260910534399.zip,東,2026-10-09T14:36
140120260910534380,2026-09-11T15:30,446A,Ｇ－ノースサンド,通期業績予想及び配当予想の修正に関するお知らせ,forecast_dividend_revision,False,,,,,,https://www.release.tdnet.info/inbs/140120260910534380.pdf,,東,2026-10-09T14:36
140120260910534371,2026-09-11T15:30,2695,くら寿司,2026年10月期第3四半期決算短信〔日本基準〕（連結）,earnings_report,False,,,,,,https://www.release.tdnet.info/inbs/140120260910534371.pdf,https://www.release.tdnet.info/inbs/081220260910534371.zip,東,2026-10-09T14:36
140120260910534293,2026-09-11T15:30,7983,ミロク,2026年10月期　第3四半期決算短信〔日本基準〕（連結）,earnings_report,False,,,,,,https://www.release.tdnet.info/inbs/140120260910534293.pdf,https://www.release.tdnet.info/inbs/081220260910534293.zip,東,2026-10-09T14:36
140120260910534262,2026-09-11T15:30,7131,のむら産業,2026年10月期　通期連結業績予想並びに通期個別業績予想の修正に関するお知らせ,forecast_revision,False,up,OrdinaryIncome,23.7,CurrentYearDuration,"{""NetIncome"": 23.3, ""NetSales"": 9.3, ""OrdinaryIncome"": 23.7}",https://www.release.tdnet.info/inbs/140120260910534262.pdf,https://www.release.tdnet.info/inbs/091220260910534262.zip,東,2026-10-09T14:36
140120260910534237,2026-09-11T15:30,9743,丹青社,2027年1月期第2四半期（中間期） 決算説明資料,earnings_presentation,False,,,,,,https://www.release.tdnet.info/inbs/140120260910534237.pdf,,東,2026-10-09T14:36
140120260910534227,2026-09-11T15:30,8077,トルク,2026年10月期第３四半期決算短信〔日本基準〕(連結),earnings_report,False,,,,,,https://www.release.tdnet.info/inbs/140120260910534227.pdf,https://www.release.tdnet.info/inbs/081220260910534227.zip,東,2026-10-09T14:36
140120260910534185,2026-09-11T15:30,7097,Ｇ－さくらさく,2026年７月期 決算短信〔日本基準〕（連結）,earnings_report,False,,,,,,https://www.release.tdnet.info/inbs/140120260910534185.pdf,https://www.release.tdnet.info/inbs/081220260910534185.zip,東,2026-10-09T14:36
140120260910534104,2026-09-11T15:30,3038,神戸物産,2026年10月期 第３四半期 決算説明資料,earnings_presentation,False,,,,,,https://www.release.tdnet.info/inbs/140120260910534104.pdf,,東,2026-10-09T14:36
140120260910534088,2026-09-11T15:30,3038,神戸物産,2026年10月期 第３四半期決算短信〔日本基準〕（連結）,earnings_report,False,,,,,,https://www.release.tdnet.info/inbs/140120260910534088.pdf,https://www.release.tdnet.info/inbs/081220260910534088.zip,東,2026-10-09T14:36
140120260910533962,2026-09-11T15:30,9743,丹青社,2027年1月期 第2四半期（中間期）決算短信〔日本基準〕（連結）,earnings_report,False,,,,,,https://www.release.tdnet.info/inbs/140120260910533962.pdf,https://www.release.tdnet.info/inbs/081220260910533962.zip,東,2026-10-09T14:36
140120260910533956,2026-09-11T15:30,2217,モロゾフ,2027年1月期 第2四半期（中間期）決算補足説明資料,earnings_presentation,False,,,,,,https://www.release.tdnet.info/inbs/140120260910533956.pdf,,東,2026-10-09T14:36
140120260910533928,2026-09-11T15:30,2217,モロゾフ,2027年１月期 第２四半期（中間期）決算短信〔日本基準〕（連結）,earnings_report,False,,,,,,https://www.release.tdnet.info/inbs/140120260910533928.pdf,https://www.release.tdnet.info/inbs/081220260910533928.zip,東,2026-10-09T14:36
140120260909533824,2026-09-11T15:30,5134,Ｇ－ＰＯＰＥＲ,2026年10月期 第３四半期決算説明資料,earnings_presentation,False,,,,,,https://www.release.tdnet.info/inbs/140120260909533824.pdf,,東,2026-10-09T14:36
140120260909533817,2026-09-11T15:30,5134,Ｇ－ＰＯＰＥＲ,2026年10月期 第３四半期決算短信〔日本基準〕（非連結）,earnings_report,False,,,,,,https://www.release.tdnet.info/inbs/140120260909533817.pdf,https://www.release.tdnet.info/inbs/081220260909533817.zip,東,2026-10-09T14:36
140120260909533488,2026-09-11T15:30,9242,Ｇ－メディア総研,特別損失の計上及び通期連結業績予想と実績の差異に関するお知らせ,actual_vs_forecast,False,,,,,,https://www.release.tdnet.info/inbs/140120260909533488.pdf,,東福,2026-10-09T14:36
140120260909533470,2026-09-11T15:30,9242,Ｇ－メディア総研,2026年７月期　決算補足資料,earnings_presentation,False,,,,,,https://www.release.tdnet.info/inbs/140120260909533470.pdf,,東福,2026-10-09T14:36
140120260909533466,2026-09-11T15:30,9242,Ｇ－メディア総研,2026年７月期　決算短信〔日本基準〕（連結）,earnings_report,False,,,,,,https://www.release.tdnet.info/inbs/140120260909533466.pdf,https://www.release.tdnet.info/inbs/081220260909533466.zip,東福,2026-10-09T14:36
140120260909533401,2026-09-11T15:30,6049,Ｇ－イトクロ,2026年10月期第３四半期 決算補足説明資料,earnings_presentation,False,,,,,,https://www.release.tdnet.info/inbs/140120260909533401.pdf,,東,2026-10-09T14:36
140120260909533393,2026-09-11T15:30,6049,Ｇ－イトクロ,2026年10月期第３四半期決算短信〔日本基準〕（非連結）,earnings_report,False,,,,,,https://www.release.tdnet.info/inbs/140120260909533393.pdf,https://www.release.tdnet.info/inbs/081220260909533393.zip,東,2026-10-09T14:36
140120260909533362,2026-09-11T15:30,6757,ＯＳＧコーポ,2027年１月期第２四半期（中間期）業績予想値と実績値との差異に関するお知らせ,actual_vs_forecast,False,,,,,,https://www.release.tdnet.info/inbs/140120260909533362.pdf,,東,2026-10-09T14:36
140120260909533357,2026-09-11T15:30,6757,ＯＳＧコーポ,2027年１月期　第２四半期（中間期）決算短信〔日本基準〕（連結）,earnings_report,False,,,,,,https://www.release.tdnet.info/inbs/140120260909533357.pdf,https://www.release.tdnet.info/inbs/081220260909533357.zip,東,2026-10-09T14:36
140120260907532766,2026-09-11T15:30,7126,グローバルスタイル,配当予想の修正に関するお知らせ,dividend_revision,False,,,,,,https://www.release.tdnet.info/inbs/140120260907532766.pdf,,東,2026-10-09T14:36
140120260907532765,2026-09-11T15:30,7126,グローバルスタイル,2026年7月期　決算説明資料,earnings_presentation,False,,,,,,https://www.release.tdnet.info/inbs/140120260907532765.pdf,,東,2026-10-09T14:36
140120260907532764,2026-09-11T15:30,7126,グローバルスタイル,2026年7月期　決算短信〔日本基準〕（非連結）,earnings_report,False,,,,,,https://www.release.tdnet.info/inbs/140120260907532764.pdf,https://www.release.tdnet.info/inbs/081220260907532764.zip,東,2026-10-09T14:36
140120260828528101,2026-09-11T15:30,8013,ナイガイ,2027年1月期　第2四半期（中間期）決算短信〔日本基準〕（連結）,earnings_report,False,,,,,,https://www.release.tdnet.info/inbs/140120260828528101.pdf,https://www.release.tdnet.info/inbs/081220260828528101.zip,東,2026-10-09T14:36
140120260828528001,2026-09-11T15:30,2373,ケア２１,2026年10月期　第３四半期決算短信〔日本基準〕（連結）,earnings_report,False,,,,,,https://www.release.tdnet.info/inbs/140120260828528001.pdf,https://www.release.tdnet.info/inbs/081220260828528001.zip,東,2026-10-09T14:36
140120260817522012,2026-09-11T15:30,3320,クロスプラス,2027年1月期第2四半期（中間期）決算短信〔日本基準〕（連結）,earnings_report,False,,,,,,https://www.release.tdnet.info/inbs/140120260817522012.pdf,https://www.release.tdnet.info/inbs/081220260817522012.zip,東名,2026-10-09T14:36
140120260911534783,2026-09-11T15:00,3903,ｇｕｍｉ,2027年４月期第１四半期決算説明資料,earnings_presentation,False,,,,,,https://www.release.tdnet.info/inbs/140120260911534783.pdf,,東,2026-10-09T14:36
140120260910534593,2026-09-11T15:00,8079,正栄食,2026年10月期　第３四半期 決算補足資料,earnings_presentation,False,,,,,,https://www.release.tdnet.info/inbs/140120260910534593.pdf,,東,2026-10-09T14:36
140120260910534591,2026-09-11T15:00,8079,正栄食,2026年10月期　第３四半期決算短信〔日本基準〕(連結),earnings_report,False,,,,,,https://www.release.tdnet.info/inbs/140120260910534591.pdf,https://www.release.tdnet.info/inbs/081220260910534591.zip,東,2026-10-09T14:36
140120260910534566,2026-09-11T15:00,3903,ｇｕｍｉ,2027年４月期第１四半期決算短信〔日本基準〕（連結）,earnings_report,False,,,,,,https://www.release.tdnet.info/inbs/140120260910534566.pdf,https://www.release.tdnet.info/inbs/081220260910534566.zip,東,2026-10-09T14:36
140120260910534446,2026-09-11T15:00,4996,クミアイ化,2026年10月期通期連結業績予想の修正に関するお知らせ,forecast_revision,False,,,,,,https://www.release.tdnet.info/inbs/140120260910534446.pdf,,東,2026-10-09T14:36
140120260910534419,2026-09-11T15:00,4996,クミアイ化,決算補足説明資料（2026年10月期第3四半期）,earnings_presentation,False,,,,,,https://www.release.tdnet.info/inbs/140120260910534419.pdf,,東,2026-10-09T14:36
140120260910534370,2026-09-11T15:00,4996,クミアイ化,2026年10月期第３四半期決算短信〔日本基準〕(連結),earnings_report,False,,,,,,https://www.release.tdnet.info/inbs/140120260910534370.pdf,https://www.release.tdnet.info/inbs/081220260910534370.zip,東,2026-10-09T14:36
140120260910534210,2026-09-11T15:00,4875,メディシノバ,2026年12月期 第2四半期（中間期）決算説明会資料,earnings_presentation,False,,,,,,https://www.release.tdnet.info/inbs/140120260910534210.pdf,,東,2026-10-09T14:36
140120260911535071,2026-09-11T14:00,350A,Ｇ－デジタルグリッド,決算説明会のご質問とご回答（2026年７月期 通期）,earnings_presentation,False,,,,,,https://www.release.tdnet.info/inbs/140120260911535071.pdf,,東,2026-10-09T14:36
140120260911534975,2026-09-11T14:00,2991,ランドネット,2026年７月期　通期決算説明資料,earnings_presentation,False,,,,,,https://www.release.tdnet.info/inbs/140120260911534975.pdf,,東,2026-10-09T14:36
140120260911534965,2026-09-11T14:00,2991,ランドネット,2026年７月期　決算短信〔日本基準〕(連結),earnings_report,False,,,,,,https://www.release.tdnet.info/inbs/140120260911534965.pdf,https://www.release.tdnet.info/inbs/081220260911534965.zip,東,2026-10-09T14:36
140120260911534828,2026-09-11T14:00,565A,Ｐ－ＦＦＦＨＤ,通期業績予想の修正に関するお知らせ,forecast_revision,False,,,,,,https://www.release.tdnet.info/inbs/140120260911534828.pdf,,東,2026-10-09T14:36
140120260911534744,2026-09-11T14:00,6336,石井表記,2027年１月期 第２四半期（中間期）決算短信〔日本基準〕（連結）,earnings_report,False,,,,,,https://www.release.tdnet.info/inbs/140120260911534744.pdf,https://www.release.tdnet.info/inbs/081220260911534744.zip,東,2026-10-09T14:36
140120260910534049,2026-09-11T14:00,211A,カドス,2026年７月期　決算補足説明資料,earnings_presentation,False,,,,,,https://www.release.tdnet.info/inbs/140120260910534049.pdf,,東,2026-10-09T14:36
140120260910534027,2026-09-11T14:00,211A,カドス,2026年７月期　決算短信〔日本基準〕（非連結）,earnings_report,False,,,,,,https://www.release.tdnet.info/inbs/140120260910534027.pdf,https://www.release.tdnet.info/inbs/081220260910534027.zip,東,2026-10-09T14:36
140120260909533613,2026-09-11T14:00,6336,石井表記,2027年1月期第2四半期累計期間業績予想値と実績値との差異及び通期業績予想の修正ならびに配当予想の修正に関するお知らせ,forecast_dividend_revision,False,up,OperatingIncome,24.9,CurrentYearDuration,"{""NetIncome"": 13.1, ""NetSales"": 8.6, ""OperatingIncome"": 24.9, ""OrdinaryIncome"": 23.6}",https://www.release.tdnet.info/inbs/140120260909533613.pdf,https://www.release.tdnet.info/inbs/091220260909533613.zip,東,2026-10-09T14:36
140120260909533854,2026-09-11T13:30,2929,ファーマフーズ,2026年７月期 決算短信〔日本基準〕（連結）,earnings_report,False,,,,,,https://www.release.tdnet.info/inbs/140120260909533854.pdf,https://www.release.tdnet.info/inbs/081220260909533854.zip,東,2026-10-09T14:36
140120260911534761,2026-09-11T13:00,6316,丸山製,2026年９月期 通期連結業績予想の修正に関するお知らせ,forecast_revision,False,down,OperatingIncome,-8.3,CurrentYearDuration,"{""NetSales"": 0.0, ""OperatingIncome"": -8.3, ""OrdinaryIncome"": -8.6, ""ProfitAttributableToOwnersOfParent"": 245.5}",https://www.release.tdnet.info/inbs/140120260911534761.pdf,https://www.release.tdnet.info/inbs/091220260911534761.zip,東,2026-10-09T14:36
140120260910534618,2026-09-11T12:00,7692,Ｅインフィニティ,2026年7月期決算補足説明資料,earnings_presentation,False,,,,,,https://www.release.tdnet.info/inbs/140120260910534618.pdf,,東,2026-10-09T14:36
140120260910534614,2026-09-11T12:00,7692,Ｅインフィニティ,2026年7月期決算短信〔日本基準〕（非連結）,earnings_report,False,,,,,,https://www.release.tdnet.info/inbs/140120260910534614.pdf,https://www.release.tdnet.info/inbs/081220260910534614.zip,東,2026-10-09T14:36
140120260910534562,2026-09-11T12:00,3930,Ｇ－はてな,2026年７月期通期業績予想と実績値との差異、株主優待引当金繰入額及び特別損失の計上並びに繰延税金資産の取り崩しに関するお知らせ,actual_vs_forecast,False,,,,,,https://www.release.tdnet.info/inbs/140120260910534562.pdf,,東,2026-10-09T14:36
140120260910534560,2026-09-11T12:00,3930,Ｇ－はてな,2026年７月期 通期決算説明会資料,earnings_presentation,False,,,,,,https://www.release.tdnet.info/inbs/140120260910534560.pdf,,東,2026-10-09T14:36
140120260910534559,2026-09-11T12:00,3930,Ｇ－はてな,2026年７月期 決算短信〔日本基準〕（非連結）,earnings_report,False,,,,,,https://www.release.tdnet.info/inbs/140120260910534559.pdf,https://www.release.tdnet.info/inbs/081220260910534559.zip,東,2026-10-09T14:36
140120260910534489,2026-09-11T12:00,3921,ネオジャパン,2027年１月期第２四半期決算説明資料,earnings_presentation,False,,,,,,https://www.release.tdnet.info/inbs/140120260910534489.pdf,,東,2026-10-09T14:36
140120260910534360,2026-09-11T12:00,3921,ネオジャパン,2027年１月期第２四半期（中間期）決算短信〔日本基準〕(連結),earnings_report,False,,,,,,https://www.release.tdnet.info/inbs/140120260910534360.pdf,https://www.release.tdnet.info/inbs/081220260910534360.zip,東,2026-10-09T14:36
140120260911534793,2026-09-11T11:30,9556,Ｇ－ＩＮＴＬＯＯＰ,通期決算説明資料 FY26/7,earnings_presentation,False,,,,,,https://www.release.tdnet.info/inbs/140120260911534793.pdf,,東,2026-10-09T14:36
140120260911534621,2026-09-11T11:30,9556,Ｇ－ＩＮＴＬＯＯＰ,2026年７月期　決算短信〔日本基準〕(連結),earnings_report,False,,,,,,https://www.release.tdnet.info/inbs/140120260911534621.pdf,https://www.release.tdnet.info/inbs/081220260911534621.zip,東,2026-10-09T14:36
140120260909533738,2026-09-10T17:30,3070,Ｇ－ジェリービーンズ,2027年１月期 第２四半期（中間期）決算短信〔日本基準〕(連結)　補足説明資料,earnings_presentation,False,,,,,,https://www.release.tdnet.info/inbs/140120260909533738.pdf,,東,2026-10-09T14:36
140120260904531787,2026-09-10T17:30,3070,Ｇ－ジェリービーンズ,2027年１月期 第２四半期（中間期）決算短信〔日本基準〕(連結),earnings_report,False,,,,,,https://www.release.tdnet.info/inbs/140120260904531787.pdf,https://www.release.tdnet.info/inbs/081220260904531787.zip,東,2026-10-09T14:36
140120260909533864,2026-09-10T17:01,4051,ＧＭＯ－ＦＧ,2026年９月期通期連結業績予想の修正及び配当予想の修正（増配）に関するお知らせ,forecast_dividend_revision,False,up,OperatingIncomeIFRS,3.6,CurrentYearDuration,"{""OperatingIncomeIFRS"": 3.6, ""ProfitAttributableToOwnersOfParentIFRS"": 1.8, ""ProfitBeforeTaxIFRS"": 3.2, ""ProfitIFRS"": 2.6, ""SalesIFRS"": 11.5}",https://www.release.tdnet.info/inbs/140120260909533864.pdf,https://www.release.tdnet.info/inbs/091220260909533864.zip,東,2026-10-09T14:36
140120260910534376,2026-09-10T17:00,1904,大成温調,株式の分割、株式分割に伴う定款の一部変更、株主優待制度の変更および配当予想の修正に関するお知らせ,dividend_revision,False,,,,,,https://www.release.tdnet.info/inbs/140120260910534376.pdf,https://www.release.tdnet.info/inbs/091220260910534376.zip,東,2026-10-09T14:36
140120260909533865,2026-09-10T17:00,3483,Ｐ－翔栄,通期業績予想の修正に関するお知らせ,forecast_revision,False,,,,,,https://www.release.tdnet.info/inbs/140120260909533865.pdf,,東,2026-10-09T14:36
140120260908533219,2026-09-10T17:00,7196,Ｃａｓａ,2027年１月期 第２四半期決算説明資料,earnings_presentation,False,,,,,,https://www.release.tdnet.info/inbs/140120260908533219.pdf,,東,2026-10-09T14:36
140120260910534400,2026-09-10T16:00,350A,Ｇ－デジタルグリッド,2026年7月期通期決算説明資料（事業計画及び成長可能性に関する事項）_2,earnings_presentation,False,,,,,,https://www.release.tdnet.info/inbs/140120260910534400.pdf,,東,2026-10-09T14:36
140120260910534347,2026-09-10T16:00,350A,Ｇ－デジタルグリッド,2026年7月期通期決算説明資料（事業計画及び成長可能性に関する事項）_1,earnings_presentation,False,,,,,,https://www.release.tdnet.info/inbs/140120260910534347.pdf,,東,2026-10-09T14:36
140120260910534044,2026-09-10T16:00,7777,Ｇ－３Ｄマトリックス,2027年４月期第１四半期決算短信〔日本基準〕(連結),earnings_report,False,,,,,,https://www.release.tdnet.info/inbs/140120260910534044.pdf,https://www.release.tdnet.info/inbs/081220260910534044.zip,東,2026-10-09T14:36
140120260909533783,2026-09-10T16:00,172A,Ｐ－ネオホーム,2026年７月期 決算短信〔日本基準〕(連結),earnings_report,False,,,,,,https://www.release.tdnet.info/inbs/140120260909533783.pdf,,東,2026-10-09T14:36
140120260909533679,2026-09-10T16:00,8921,Ｐ－シーズクリエイト,2026年７月期　決算短信〔日本基準〕(非連結),earnings_report,False,,,,,,https://www.release.tdnet.info/inbs/140120260909533679.pdf,,東,2026-10-09T14:36
140120260907532713,2026-09-10T16:00,2266,六甲バター,2026年12月期第2四半期（中間期）決算説明資料,earnings_presentation,False,,,,,,https://www.release.tdnet.info/inbs/140120260907532713.pdf,,東,2026-10-09T14:36
140120260902530557,2026-09-10T16:00,1844,大盛工,2026年７月期業績予想の修正に関するお知らせ,forecast_revision,False,up,OperatingIncome,9.5,CurrentYearDuration,"{""NetSales"": 10.3, ""OperatingIncome"": 9.5, ""OrdinaryIncome"": 10.5, ""ProfitAttributableToOwnersOfParent"": 35.8}",https://www.release.tdnet.info/inbs/140120260902530557.pdf,https://www.release.tdnet.info/inbs/091220260902530557.zip,東,2026-10-09T14:36
140120260910534186,2026-09-10T15:45,3896,阿波製紙,配当予想の修正に関するお知らせ,dividend_revision,False,,,,,,https://www.release.tdnet.info/inbs/140120260910534186.pdf,https://www.release.tdnet.info/inbs/091220260910534186.zip,東,2026-10-09T14:36
140120260902530831,2026-09-10T15:45,4334,ユークス,2027年1月期 第2四半期（中間期）決算短信〔日本基準〕（連結）,earnings_report,False,,,,,,https://www.release.tdnet.info/inbs/140120260902530831.pdf,https://www.release.tdnet.info/inbs/081220260902530831.zip,東,2026-10-09T14:36
140120260907532528,2026-09-10T15:40,5971,共和工業,2027年4月期 第1四半期決算短信〔日本基準〕（連結）,earnings_report,False,,,,,,https://www.release.tdnet.info/inbs/140120260907532528.pdf,https://www.release.tdnet.info/inbs/081220260907532528.zip,東,2026-10-09T14:36
140120260910534180,2026-09-10T15:30,6184,鎌倉新書,2027年１月期 第２四半期決算説明資料,earnings_presentation,False,,,,,,https://www.release.tdnet.info/inbs/140120260910534180.pdf,,東,2026-10-09T14:36
140120260910534168,2026-09-10T15:30,4014,Ｇ－カラダノート,2026年７月期 決算説明資料,earnings_presentation,False,,,,,,https://www.release.tdnet.info/inbs/140120260910534168.pdf,,東,2026-10-09T14:36
140120260910534161,2026-09-10T15:30,4014,Ｇ－カラダノート,2026年７月期決算短信〔日本基準〕(連結),earnings_report,False,,,,,,https://www.release.tdnet.info/inbs/140120260910534161.pdf,https://www.release.tdnet.info/inbs/081220260910534161.zip,東,2026-10-09T14:36
140120260910534136,2026-09-10T15:30,6184,鎌倉新書,2027年１月期 第２四半期（中間期）決算短信〔日本基準〕(連結),earnings_report,False,,,,,,https://www.release.tdnet.info/inbs/140120260910534136.pdf,https://www.release.tdnet.info/inbs/081220260910534136.zip,東,2026-10-09T14:36
140120260910534117,2026-09-10T15:30,5031,Ｇ－モイ,2027年1月期第2四半期決算説明資料,earnings_presentation,False,,,,,,https://www.release.tdnet.info/inbs/140120260910534117.pdf,,東,2026-10-09T14:36
140120260910534106,2026-09-10T15:30,5031,Ｇ－モイ,2027年1月期 第2四半期（中間期）決算短信〔日本基準〕（非連結）,earnings_report,False,,,,,,https://www.release.tdnet.info/inbs/140120260910534106.pdf,https://www.release.tdnet.info/inbs/081220260910534106.zip,東,2026-10-09T14:36
140120260910534065,2026-09-10T15:30,215A,Ｇ－タイミー,2027年4月期 第1四半期決算説明資料,earnings_presentation,False,,,,,,https://www.release.tdnet.info/inbs/140120260910534065.pdf,,東,2026-10-09T14:36
140120260910534063,2026-09-10T15:30,7095,ＭａｃｂｅｅＰ,2027年4月期 第1四半期 決算説明資料,earnings_presentation,False,,,,,,https://www.release.tdnet.info/inbs/140120260910534063.pdf,,東,2026-10-09T14:36
140120260910534061,2026-09-10T15:30,215A,Ｇ－タイミー,2027年4月期 第1四半期決算短信〔日本基準〕(連結),earnings_report,False,,,,,,https://www.release.tdnet.info/inbs/140120260910534061.pdf,https://www.release.tdnet.info/inbs/081220260910534061.zip,東,2026-10-09T14:36
140120260910534030,2026-09-10T15:30,7095,ＭａｃｂｅｅＰ,2027年４月期第１四半期決算短信〔ＩＦＲＳ〕(連結),earnings_report,False,,,,,,https://www.release.tdnet.info/inbs/140120260910534030.pdf,https://www.release.tdnet.info/inbs/081220260910534030.zip,東,2026-10-09T14:36
140120260910534023,2026-09-10T15:30,4194,ビジョナル,2026年７月期　通期決算説明資料,earnings_presentation,False,,,,,,https://www.release.tdnet.info/inbs/140120260910534023.pdf,,東,2026-10-09T14:36
140120260910534019,2026-09-10T15:30,4194,ビジョナル,2026年７月期　決算短信〔日本基準〕（連結）,earnings_report,False,,,,,,https://www.release.tdnet.info/inbs/140120260910534019.pdf,https://www.release.tdnet.info/inbs/081220260910534019.zip,東,2026-10-09T14:36
140120260910534008,2026-09-10T15:30,6778,アルチザ,2026年７月期 決算短信〔日本基準〕（連結）,earnings_report,False,,,,,,https://www.release.tdnet.info/inbs/140120260910534008.pdf,https://www.release.tdnet.info/inbs/081220260910534008.zip,東,2026-10-09T14:36
140120260910534003,2026-09-10T15:30,4422,Ｇ－ＶＡＬＵＥＮＥＸ,2026年７月期　決算補足説明資料,earnings_presentation,False,,,,,,https://www.release.tdnet.info/inbs/140120260910534003.pdf,,東,2026-10-09T14:36
140120260910533996,2026-09-10T15:30,4422,Ｇ－ＶＡＬＵＥＮＥＸ,2026年７月期　決算短信〔日本基準〕（連結）,earnings_report,False,,,,,,https://www.release.tdnet.info/inbs/140120260910533996.pdf,https://www.release.tdnet.info/inbs/081220260910533996.zip,東,2026-10-09T14:36
140120260910533976,2026-09-10T15:30,6778,アルチザ,通期業績予想と実績値の差異に関するお知らせ,actual_vs_forecast,False,,,,,,https://www.release.tdnet.info/inbs/140120260910533976.pdf,,東,2026-10-09T14:36
140120260910533935,2026-09-10T15:30,350A,Ｇ－デジタルグリッド,2026年７月期 決算短信〔日本基準〕（連結）,earnings_report,False,,,,,,https://www.release.tdnet.info/inbs/140120260910533935.pdf,https://www.release.tdnet.info/inbs/081220260910533935.zip,東,2026-10-09T14:36
140120260910533907,2026-09-10T15:30,1758,太洋基礎,2027年１月期　第２四半期（中間期）決算短信〔日本基準〕（非連結）,earnings_report,False,,,,,,https://www.release.tdnet.info/inbs/140120260910533907.pdf,https://www.release.tdnet.info/inbs/081220260910533907.zip,東,2026-10-09T14:36
140120260910533906,2026-09-10T15:30,6619,ＷＳＣＯＰＥ,2027年1月期第２四半期（中間期）連結業績予想と実績値との差異に関するお知らせ,actual_vs_forecast,False,,,,,,https://www.release.tdnet.info/inbs/140120260910533906.pdf,,東,2026-10-09T14:36
140120260910533902,2026-09-10T15:30,6619,ＷＳＣＯＰＥ,2027年１月期第２四半期（中間期）決算短信〔日本基準〕(連結),earnings_report,False,,,,,,https://www.release.tdnet.info/inbs/140120260910533902.pdf,https://www.release.tdnet.info/inbs/081220260910533902.zip,東,2026-10-09T14:36
140120260909533863,2026-09-10T15:30,7640,トップカルチャ,2026年10月期　第3四半期決算補足資料,earnings_presentation,False,,,,,,https://www.release.tdnet.info/inbs/140120260909533863.pdf,,東,2026-10-09T14:36
140120260909533860,2026-09-10T15:30,7640,トップカルチャ,2026年10月期　第3四半期決算短信〔日本基準〕（連結）,earnings_report,False,,,,,,https://www.release.tdnet.info/inbs/140120260909533860.pdf,https://www.release.tdnet.info/inbs/081220260909533860.zip,東,2026-10-09T14:36
140120260909533778,2026-09-10T15:30,9692,シーイーシー,2027年１月期 第２四半期（中間期）決算短信〔日本基準〕（連結）,earnings_report,False,,,,,,https://www.release.tdnet.info/inbs/140120260909533778.pdf,https://www.release.tdnet.info/inbs/081220260909533778.zip,東,2026-10-09T14:36
140120260909533754,2026-09-10T15:30,2375,ギグワークス,2026年10月期第３四半期決算短信〔日本基準〕(連結),earnings_report,False,,,,,,https://www.release.tdnet.info/inbs/140120260909533754.pdf,https://www.release.tdnet.info/inbs/081220260909533754.zip,東,2026-10-09T14:36
140120260909533732,2026-09-10T15:30,3070,Ｇ－ジェリービーンズ,株式会社チチカカの株式取得（子会社化）に関するお知らせ 補足資料,earnings_presentation,False,,,,,,https://www.release.tdnet.info/inbs/140120260909533732.pdf,,東,2026-10-09T14:36
140120260909533629,2026-09-10T15:30,2923,サトウ食品,業績予想及び配当予想に関するお知らせ,forecast_initial,False,,,,,,https://www.release.tdnet.info/inbs/140120260909533629.pdf,,東,2026-10-09T14:36
140120260909533565,2026-09-10T15:30,2983,Ｇ－アールプランナー,配当予想の修正（増配）に関するお知らせ,dividend_revision,False,up,,,,,https://www.release.tdnet.info/inbs/140120260909533565.pdf,,東名,2026-10-09T14:36
140120260909533562,2026-09-10T15:30,2983,Ｇ－アールプランナー,2027年１月期第２四半期（中間期）連結業績予想と実績値との差異及び通期連結業績予想の修正に関するお知らせ,forecast_revision,False,,,,,,https://www.release.tdnet.info/inbs/140120260909533562.pdf,,東名,2026-10-09T14:36
140120260909533558,2026-09-10T15:30,7682,浜木綿,2026年７月期 通期業績予想と実績値との差異に関するお知らせ,actual_vs_forecast,False,,,,,,https://www.release.tdnet.info/inbs/140120260909533558.pdf,,東名,2026-10-09T14:36
140120260909533554,2026-09-10T15:30,7682,浜木綿,2026年７月期決算短信〔日本基準〕(非連結),earnings_report,False,,,,,,https://www.release.tdnet.info/inbs/140120260909533554.pdf,https://www.release.tdnet.info/inbs/081220260909533554.zip,東名,2026-10-09T14:36
140120260909533552,2026-09-10T15:30,2983,Ｇ－アールプランナー,2027年1月期第2四半期決算説明資料,earnings_presentation,False,,,,,,https://www.release.tdnet.info/inbs/140120260909533552.pdf,,東名,2026-10-09T14:36
140120260909533539,2026-09-10T15:30,2983,Ｇ－アールプランナー,2027年1月期第2四半期（中間期）決算短信〔日本基準〕(連結),earnings_report,False,,,,,,https://www.release.tdnet.info/inbs/140120260909533539.pdf,https://www.release.tdnet.info/inbs/081220260909533539.zip,東名,2026-10-09T14:36
140120260909533499,2026-09-10T15:30,2923,サトウ食品,2027年４月期第１四半期決算短信〔日本基準〕(連結),earnings_report,False,,,,,,https://www.release.tdnet.info/inbs/140120260909533499.pdf,https://www.release.tdnet.info/inbs/081220260909533499.zip,東,2026-10-09T14:36
140120260909533433,2026-09-10T15:30,3248,アールエイジ,2026年10月期　第３四半期決算短信[日本基準]（連結）,earnings_report,False,,,,,,https://www.release.tdnet.info/inbs/140120260909533433.pdf,https://www.release.tdnet.info/inbs/081220260909533433.zip,東,2026-10-09T14:36
140120260908533203,2026-09-10T15:30,7196,Ｃａｓａ,2027年１月期第２四半期累計期間（中間期）連結業績予想と実績との差異に関するお知らせ,actual_vs_forecast,False,,,,,,https://www.release.tdnet.info/inbs/140120260908533203.pdf,,東,2026-10-09T14:36
140120260908533193,2026-09-10T15:30,7196,Ｃａｓａ,2027年１月期 第２四半期（中間期）決算短信〔日本基準〕（連結）,earnings_report,False,,,,,,https://www.release.tdnet.info/inbs/140120260908533193.pdf,https://www.release.tdnet.info/inbs/081220260908533193.zip,東,2026-10-09T14:36
140120260824524929,2026-09-10T15:30,3246,コーセーアールイー,2027年1月期　第2四半期(中間期)決算短信[日本基準](連結),earnings_report,False,,,,,,https://www.release.tdnet.info/inbs/140120260824524929.pdf,https://www.release.tdnet.info/inbs/081220260824524929.zip,東福,2026-10-09T14:36
140120260910533923,2026-09-10T15:00,7244,市光工,2026年12月期 中間決算説明資料,earnings_presentation,False,,,,,,https://www.release.tdnet.info/inbs/140120260910533923.pdf,,東,2026-10-09T14:36
140120260908533212,2026-09-10T15:00,2198,アイ・ケイ・ケイＨＤ,2026年10月期　第３四半期決算（補足資料）,earnings_presentation,False,,,,,,https://www.release.tdnet.info/inbs/140120260908533212.pdf,,東,2026-10-09T14:36
140120260907532675,2026-09-10T15:00,272A,グリーンクロスＨＤ,令和9年4月期　第1四半期決算短信〔日本基準〕（連結）,earnings_report,False,,,,,,https://www.release.tdnet.info/inbs/140120260907532675.pdf,https://www.release.tdnet.info/inbs/081220260907532675.zip,福,2026-10-09T14:36
140120260826526490,2026-09-10T15:00,2198,アイ・ケイ・ケイＨＤ,2026年10月期　第３四半期決算短信〔日本基準〕(連結),earnings_report,False,,,,,,https://www.release.tdnet.info/inbs/140120260826526490.pdf,https://www.release.tdnet.info/inbs/081220260826526490.zip,東,2026-10-09T14:36
140120260910534280,2026-09-10T14:30,6577,Ｇ－ベストワンドット,2026年７月期通期決算説明資料,earnings_presentation,False,,,,,,https://www.release.tdnet.info/inbs/140120260910534280.pdf,,東,2026-10-09T14:36
140120260909533605,2026-09-10T14:30,3355,クリヤマＨＤ,2026年12月期第２四半期（中間期）決算説明会資料,earnings_presentation,False,,,,,,https://www.release.tdnet.info/inbs/140120260909533605.pdf,,東,2026-10-09T14:36
140120260909533377,2026-09-10T14:30,4026,神島化学工業,業績予想及び配当予想の公表に関するお知らせ,forecast_initial,False,,,,,,https://www.release.tdnet.info/inbs/140120260909533377.pdf,,東,2026-10-09T14:36
140120260907532354,2026-09-10T14:30,4026,神島化学工業,2027年４月期 第１四半期決算短信〔日本基準〕(非連結),earnings_report,False,,,,,,https://www.release.tdnet.info/inbs/140120260907532354.pdf,https://www.release.tdnet.info/inbs/081220260907532354.zip,東,2026-10-09T14:36
140120260904532167,2026-09-10T14:30,6577,Ｇ－ベストワンドット,2026年７月期 決算短信〔日本基準〕(連結),earnings_report,False,,,,,,https://www.release.tdnet.info/inbs/140120260904532167.pdf,https://www.release.tdnet.info/inbs/081220260904532167.zip,東,2026-10-09T14:36
140120260910534198,2026-09-10T14:00,2163,アルトナー,2027年１月期　第２四半期(中間期)決算短信補足説明資料,earnings_presentation,False,,,,,,https://www.release.tdnet.info/inbs/140120260910534198.pdf,,東,2026-10-09T14:36
140120260820523664,2026-09-10T14:00,2163,アルトナー,2027年１月期　第２四半期（中間期）決算短信〔日本基準〕（連結）,earnings_report,False,,,,,,https://www.release.tdnet.info/inbs/140120260820523664.pdf,https://www.release.tdnet.info/inbs/081220260820523664.zip,東,2026-10-09T14:36
140120260909533833,2026-09-10T12:10,6535,アイモバイル,2026年７月期 決算説明資料,earnings_presentation,False,,,,,,https://www.release.tdnet.info/inbs/140120260909533833.pdf,,東,2026-10-09T14:36
140120260909533832,2026-09-10T12:10,6535,アイモバイル,剰余金の配当(増配)に関するお知らせ,dividend_revision,False,up,,,,,https://www.release.tdnet.info/inbs/140120260909533832.pdf,,東,2026-10-09T14:36
140120260909533811,2026-09-10T12:10,6535,アイモバイル,2026年７月期決算短信〔日本基準〕(連結),earnings_report,False,,,,,,https://www.release.tdnet.info/inbs/140120260909533811.pdf,https://www.release.tdnet.info/inbs/081220260909533811.zip,東,2026-10-09T14:36
140120260910534016,2026-09-10T12:00,6696,Ｇ－トラースＯＰ,2027年１月期 第２四半期（中間期）決算説明資料,earnings_presentation,False,,,,,,https://www.release.tdnet.info/inbs/140120260910534016.pdf,,東,2026-10-09T14:36
140120260910534004,2026-09-10T12:00,6696,Ｇ－トラースＯＰ,2027年１月期 第２四半期（中間期）決算短信〔日本基準〕（連結）,earnings_report,False,,,,,,https://www.release.tdnet.info/inbs/140120260910534004.pdf,https://www.release.tdnet.info/inbs/081220260910534004.zip,東,2026-10-09T14:36
140120260910533927,2026-09-10T12:00,6194,アトラエ,2026年9月期通期業績予想の修正、配当予想の修正（増配）及び特別利益（新株予約権戻入益）の計上に関するお知らせ,forecast_dividend_revision,False,up,OperatingIncome,4.3,CurrentYearDuration,"{""NetIncome"": 24.8, ""NetSales"": 0.0, ""OperatingIncome"": 4.3, ""OrdinaryIncome"": 4.0}",https://www.release.tdnet.info/inbs/140120260910533927.pdf,https://www.release.tdnet.info/inbs/091220260910533927.zip,東,2026-10-09T14:36
140120260909533800,2026-09-10T12:00,4441,トビラシステムズ,2026年10月期第３四半期決算説明資料の解説,earnings_presentation,False,,,,,,https://www.release.tdnet.info/inbs/140120260909533800.pdf,,東,2026-10-09T14:36
140120260909533796,2026-09-10T12:00,4441,トビラシステムズ,配当予想の修正（設立20周年記念配当）に関するお知らせ,dividend_revision,False,,,,,,https://www.release.tdnet.info/inbs/140120260909533796.pdf,,東,2026-10-09T14:36
140120260909533792,2026-09-10T12:00,4441,トビラシステムズ,2026年10月期第３四半期決算説明資料,earnings_presentation,False,,,,,,https://www.release.tdnet.info/inbs/140120260909533792.pdf,,東,2026-10-09T14:36
140120260909533782,2026-09-10T12:00,1928,積水ハウス,（訂正）「2026年1月期 決算短信〔日本基準〕（連結）」の一部訂正について,earnings_report,True,,,,,,https://www.release.tdnet.info/inbs/140120260909533782.pdf,,東名,2026-10-09T14:36
140120260909533772,2026-09-10T12:00,1928,積水ハウス,2027年1月期 第2四半期(中間期)決算短信〔日本基準〕(連結),earnings_report,False,,,,,,https://www.release.tdnet.info/inbs/140120260909533772.pdf,https://www.release.tdnet.info/inbs/081220260909533772.zip,東名,2026-10-09T14:36
140120260909533319,2026-09-10T12:00,4441,トビラシステムズ,2026年10月期　第３四半期決算短信〔日本基準〕(非連結),earnings_report,False,,,,,,https://www.release.tdnet.info/inbs/140120260909533319.pdf,https://www.release.tdnet.info/inbs/081220260909533319.zip,東,2026-10-09T14:36
140120260909533780,2026-09-10T10:00,5283,高見澤,（訂正・数値データ訂正）「2026年6月期　決算短信〔日本基準〕（連結）」の一部訂正について,earnings_report,True,,,,,,https://www.release.tdnet.info/inbs/140120260909533780.pdf,https://www.release.tdnet.info/inbs/081220260909533780.zip,東,2026-10-09T14:36
140120260909533690,2026-09-10T08:50,6191,エアトリ,業績予想の修正及び配当予想に関するお知らせ,forecast_dividend_revision,False,up,OperatingIncomeIFRS,100.0,CurrentYearDuration,"{""OperatingIncomeIFRS"": 100.0, ""ProfitAttributableToOwnersOfParentIFRS"": 225.0, ""ProfitBeforeTaxIFRS"": 99.2, ""SalesIFRS"": 0.0}",https://www.release.tdnet.info/inbs/140120260909533690.pdf,https://www.release.tdnet.info/inbs/091220260909533690.zip,東,2026-10-09T14:36
140120260909533159,2026-09-09T20:00,3989,Ｇ－シェアリングＴ,2026年9月期配当予想の修正（無配）に関するお知らせ,dividend_revision,False,down,,,,,https://www.release.tdnet.info/inbs/140120260909533159.pdf,https://www.release.tdnet.info/inbs/091220260909533159.zip,東,2026-10-09T14:36
140120260909533712,2026-09-09T17:30,3105,日清紡ＨＤ,業績予想の修正に関するお知らせ,forecast_revision,False,flat,OperatingIncome,0.0,CurrentYearDuration,"{""NetSales"": 0.0, ""OperatingIncome"": 0.0, ""OrdinaryIncome"": 0.0, ""ProfitAttributableToOwnersOfParent"": 40.0}",https://www.release.tdnet.info/inbs/140120260909533712.pdf,https://www.release.tdnet.info/inbs/091220260909533712.zip,東,2026-10-09T14:36
140120260908533265,2026-09-09T16:03,7678,あさくま,2027年１月期　第２四半期（中間期）決算短信［日本基準］(非連結）,earnings_report,False,,,,,,https://www.release.tdnet.info/inbs/140120260908533265.pdf,https://www.release.tdnet.info/inbs/081220260908533265.zip,東,2026-10-09T14:36
140120260909533521,2026-09-09T16:00,5132,Ｇ－ｐｌｕｓｚｅｒｏ,2026年10月期第３四半期決算短信〔日本基準〕(非連結),earnings_report,False,,,,,,https://www.release.tdnet.info/inbs/140120260909533521.pdf,https://www.release.tdnet.info/inbs/081220260909533521.zip,東,2026-10-09T14:36
140120260909533474,2026-09-09T16:00,5132,Ｇ－ｐｌｕｓｚｅｒｏ,2026年10月期第３四半期 決算説明資料,earnings_presentation,False,,,,,,https://www.release.tdnet.info/inbs/140120260909533474.pdf,,東,2026-10-09T14:36
140120260909533366,2026-09-09T16:00,4599,Ｇ－ステムリム,2026年７月期 決算短信〔日本基準〕（非連結）,earnings_report,False,,,,,,https://www.release.tdnet.info/inbs/140120260909533366.pdf,https://www.release.tdnet.info/inbs/081220260909533366.zip,東,2026-10-09T14:36
140120260908533128,2026-09-09T16:00,2751,テンポスＨＤ,2027年４月期第１四半期決算短信〔日本基準〕(連結),earnings_report,False,,,,,,https://www.release.tdnet.info/inbs/140120260908533128.pdf,https://www.release.tdnet.info/inbs/081220260908533128.zip,東,2026-10-09T14:36
140120260909533636,2026-09-09T15:30,1433,ベステラ,特別損失（投資有価証券評価損）の計上並びに第２四半期（中間期）業績予想と実績値との差異に関するお知らせ及び通期連結業績予想の修正に関するお知らせ,forecast_revision,False,,,,,,https://www.release.tdnet.info/inbs/140120260909533636.pdf,,東,2026-10-09T14:36
140120260909533624,2026-09-09T15:30,1433,ベステラ,2027年１月期　第２四半期　決算説明資料,earnings_presentation,False,,,,,,https://www.release.tdnet.info/inbs/140120260909533624.pdf,,東,2026-10-09T14:36
140120260909533608,2026-09-09T15:30,3180,ビューティガレージ,2027年４月期　第１四半期決算補足説明資料,earnings_presentation,False,,,,,,https://www.release.tdnet.info/inbs/140120260909533608.pdf,,東,2026-10-09T14:36
140120260909533607,2026-09-09T15:30,1433,ベステラ,2027年１月期 第２四半期（中間期）決算短信〔日本基準〕(連結),earnings_report,False,,,,,,https://www.release.tdnet.info/inbs/140120260909533607.pdf,https://www.release.tdnet.info/inbs/081220260909533607.zip,東,2026-10-09T14:36
140120260909533582,2026-09-09T15:30,3180,ビューティガレージ,2027年４月期　第１四半期決算短信〔日本基準〕(連結),earnings_report,False,,,,,,https://www.release.tdnet.info/inbs/140120260909533582.pdf,https://www.release.tdnet.info/inbs/081220260909533582.zip,東,2026-10-09T14:36
140120260909533522,2026-09-09T15:30,4374,Ｇ－ロボペイ,株式分割、株式分割に伴う定款の一部変更および配当予想の修正ならびに株主優待制度の修正に関するお知らせ,dividend_revision,False,,,,,,https://www.release.tdnet.info/inbs/140120260909533522.pdf,https://www.release.tdnet.info/inbs/091220260909533522.zip,東,2026-10-09T14:36
140120260909533511,2026-09-09T15:30,7804,ビーアンドピー,2026年10月期　第3四半期決算説明資料,earnings_presentation,False,,,,,,https://www.release.tdnet.info/inbs/140120260909533511.pdf,,東,2026-10-09T14:36
140120260909533477,2026-09-09T15:30,6966,三井ハイテク,通期連結業績予想の修正に関するお知らせ,forecast_revision,False,,,,,,https://www.release.tdnet.info/inbs/140120260909533477.pdf,,東福,2026-10-09T14:36
140120260909533465,2026-09-09T15:30,6966,三井ハイテク,2027年１月期 第２四半期（中間期）決算（補足説明資料）,earnings_presentation,False,,,,,,https://www.release.tdnet.info/inbs/140120260909533465.pdf,,東福,2026-10-09T14:36
140120260909533428,2026-09-09T15:30,5032,ＡＮＹＣＯＬＯＲ,2027年４月期 第１四半期決算説明資料,earnings_presentation,False,,,,,,https://www.release.tdnet.info/inbs/140120260909533428.pdf,,東,2026-10-09T14:36
140120260909533416,2026-09-09T15:30,5032,ＡＮＹＣＯＬＯＲ,2027年４月期 第１四半期決算短信〔日本基準〕（非連結）,earnings_report,False,,,,,,https://www.release.tdnet.info/inbs/140120260909533416.pdf,https://www.release.tdnet.info/inbs/081220260909533416.zip,東,2026-10-09T14:36
140120260909533302,2026-09-09T15:30,6966,三井ハイテク,2027年１月期 第２四半期（中間期）決算短信〔日本基準〕（連結）,earnings_report,False,,,,,,https://www.release.tdnet.info/inbs/140120260909533302.pdf,https://www.release.tdnet.info/inbs/081220260909533302.zip,東福,2026-10-09T14:36
140120260908533295,2026-09-09T15:30,4169,Ｇ－エネチェンジ,（補足説明資料）自己株式の取得状況及び取得終了に関するお知らせ,earnings_presentation,False,,,,,,https://www.release.tdnet.info/inbs/140120260908533295.pdf,,東,2026-10-09T14:36
140120260908533291,2026-09-09T15:30,265A,Ｇ－エイチエムコム,【補足資料】FAST-D漏水監視システム　大手運送会社とのドライブバイ実証協議を開始,earnings_presentation,False,,,,,,https://www.release.tdnet.info/inbs/140120260908533291.pdf,,東,2026-10-09T14:36
140120260908533045,2026-09-09T15:30,7804,ビーアンドピー,2026年10月期 第３四半期決算短信〔日本基準〕（連結）,earnings_report,False,,,,,,https://www.release.tdnet.info/inbs/140120260908533045.pdf,https://www.release.tdnet.info/inbs/081220260908533045.zip,東,2026-10-09T14:36
140120260908532911,2026-09-09T15:30,2294,柿安本店,2027年4月期第1四半期決算短信〔日本基準〕（連結）,earnings_report,False,,,,,,https://www.release.tdnet.info/inbs/140120260908532911.pdf,https://www.release.tdnet.info/inbs/081220260908532911.zip,東,2026-10-09T14:36
140120260907532701,2026-09-09T15:30,7064,ハウテレビジョン,2027年1月期 第2四半期（中間期）決算短信〔日本基準〕（連結）,earnings_report,False,,,,,,https://www.release.tdnet.info/inbs/140120260907532701.pdf,https://www.release.tdnet.info/inbs/081220260907532701.zip,東,2026-10-09T14:36
140120260907532671,2026-09-09T15:30,7064,ハウテレビジョン,2027年1月期 第2四半期 決算説明資料,earnings_presentation,False,,,,,,https://www.release.tdnet.info/inbs/140120260907532671.pdf,,東,2026-10-09T14:36
140120260902530567,2026-09-09T15:30,4174,アピリッツ,2027年１月期 第２四半期（中間期）及び通期業績予想の修正に関するお知らせ,forecast_revision,False,up,OperatingIncome,102.4,CurrentYearDuration,"{""NetSales"": 0.0, ""OperatingIncome"": 102.4, ""OrdinaryIncome"": 143.8, ""ProfitAttributableToOwnersOfParent"": 90.9}",https://www.release.tdnet.info/inbs/140120260902530567.pdf,https://www.release.tdnet.info/inbs/091220260902530567.zip,東,2026-10-09T14:36
140120260909533556,2026-09-09T15:00,5184,ニチリン,2026年12月期(会計期間1-6月)決算説明および資本コストや株価を意識した経営の実現に向けた対応についての進捗状況,earnings_presentation,False,,,,,,https://www.release.tdnet.info/inbs/140120260909533556.pdf,,東,2026-10-09T14:36
140120260909533407,2026-09-09T15:00,5074,テスホールディングス,（訂正）「2026年６月期決算説明資料」の一部訂正に関するお知らせ,earnings_presentation,True,,,,,,https://www.release.tdnet.info/inbs/140120260909533407.pdf,,東,2026-10-09T14:36
140120260908532690,2026-09-09T11:00,3921,ネオジャパン,（訂正）「2027年１月期第１四半期決算説明資料」の一部訂正について,earnings_presentation,True,,,,,,https://www.release.tdnet.info/inbs/140120260908532690.pdf,,東,2026-10-09T14:36
140120260825525973,2026-09-09T11:00,2929,ファーマフーズ,2026年７月期　通期業績予想の修正に関するお知らせ,forecast_revision,False,up,OperatingIncome,30.0,CurrentYearDuration,"{""NetSales"": -5.7, ""OperatingIncome"": 30.0, ""OrdinaryIncome"": 20.0, ""ProfitAttributableToOwnersOfParent"": 30.0}",https://www.release.tdnet.info/inbs/140120260825525973.pdf,https://www.release.tdnet.info/inbs/091220260825525973.zip,東,2026-10-09T14:36
140120260909533160,2026-09-09T09:00,6306,日工,2027年3月期 第1四半期 決算決算説明会資料,earnings_presentation,False,,,,,,https://www.release.tdnet.info/inbs/140120260909533160.pdf,,東,2026-10-09T14:36
140120260907532597,2026-09-08T17:15,7475,アルビス,2027年３月期配当予想の修正（無配）及び株主優待制度の廃止に関するお知らせ,dividend_revision,False,down,,,,,https://www.release.tdnet.info/inbs/140120260907532597.pdf,https://www.release.tdnet.info/inbs/091220260907532597.zip,東,2026-10-09T14:36
140120260907532503,2026-09-08T17:15,7475,アルビス,2027年３月期第２四半期（中間期）及び通期連結業績予想の修正に関するお知らせ,forecast_revision,False,down,OperatingIncome,-14.4,CurrentYearDuration,"{""NetIncome"": -13.4, ""NetSales"": -1.8, ""OperatingIncome"": -14.4, ""OrdinaryIncome"": -12.0}",https://www.release.tdnet.info/inbs/140120260907532503.pdf,https://www.release.tdnet.info/inbs/091220260907532503.zip,東,2026-10-09T14:36
140120260908533206,2026-09-08T17:00,3662,エイチームＨＤ,2026年7月期 通期決算説明会 書き起こし,earnings_presentation,False,,,,,,https://www.release.tdnet.info/inbs/140120260908533206.pdf,,東,2026-10-09T14:36
140120260908532897,2026-09-08T16:00,9632,スバル興,2027年１月期　第２四半期（中間期）決算短信〔日本基準〕（連結）,earnings_report,False,,,,,,https://www.release.tdnet.info/inbs/140120260908532897.pdf,https://www.release.tdnet.info/inbs/081220260908532897.zip,東,2026-10-09T14:36
140120260901529391,2026-09-08T15:40,7435,ナ・デックス,2027年４月期　第１四半期決算補足説明資料,earnings_presentation,False,,,,,,https://www.release.tdnet.info/inbs/140120260901529391.pdf,,東,2026-10-09T14:36
140120260828527776,2026-09-08T15:40,7435,ナ・デックス,2027年４月期　第１四半期決算短信〔日本基準〕（連結）,earnings_report,False,,,,,,https://www.release.tdnet.info/inbs/140120260828527776.pdf,https://www.release.tdnet.info/inbs/081220260828527776.zip,東,2026-10-09T14:36
140120260908533135,2026-09-08T15:36,1436,Ｇ－グリーンエナジー,2027年4月期第１四半期決算説明資料,earnings_presentation,False,,,,,,https://www.release.tdnet.info/inbs/140120260908533135.pdf,,東,2026-10-09T14:36
140120260908533095,2026-09-08T15:30,1436,Ｇ－グリーンエナジー,2027年４月期第１四半期決算短信〔日本基準〕(連結),earnings_report,False,,,,,,https://www.release.tdnet.info/inbs/140120260908533095.pdf,https://www.release.tdnet.info/inbs/081220260908533095.zip,東,2026-10-09T14:36
140120260908533022,2026-09-08T15:30,4880,セルソース,業績予想の修正に関するお知らせ,forecast_revision,False,,,,,,https://www.release.tdnet.info/inbs/140120260908533022.pdf,,東,2026-10-09T14:36
140120260908533009,2026-09-08T15:30,1436,Ｇ－グリーンエナジー,業績予想の修正（上方修正）に関するお知らせ,forecast_revision,False,up,,,,,https://www.release.tdnet.info/inbs/140120260908533009.pdf,,東,2026-10-09T14:36
140120260907532708,2026-09-08T15:30,4880,セルソース,2026年10月期第3四半期決算説明資料,earnings_presentation,False,,,,,,https://www.release.tdnet.info/inbs/140120260907532708.pdf,,東,2026-10-09T14:36
140120260907532703,2026-09-08T15:30,4880,セルソース,2026年10月期第3四半期決算短信〔日本基準〕(非連結),earnings_report,False,,,,,,https://www.release.tdnet.info/inbs/140120260907532703.pdf,https://www.release.tdnet.info/inbs/081220260907532703.zip,東,2026-10-09T14:36
140120260907532355,2026-09-08T15:30,2438,Ｇ－アスカネット,2027年４月期第１四半期決算短信〔日本基準〕(連結),earnings_report,False,,,,,,https://www.release.tdnet.info/inbs/140120260907532355.pdf,https://www.release.tdnet.info/inbs/081220260907532355.zip,東,2026-10-09T14:36
140120260904531677,2026-09-08T15:30,9636,きんえい,2027年１月期　第２四半期（中間期）決算短信［日本基準］（非連結）,earnings_report,False,,,,,,https://www.release.tdnet.info/inbs/140120260904531677.pdf,https://www.release.tdnet.info/inbs/081220260904531677.zip,東,2026-10-09T14:36
140120260904532061,2026-09-08T15:00,3071,ストリーム,2027年１月期第２四半期（中間期）決算短信〔日本基準〕(連結),earnings_report,False,,,,,,https://www.release.tdnet.info/inbs/140120260904532061.pdf,https://www.release.tdnet.info/inbs/081220260904532061.zip,東,2026-10-09T14:36
140120260908532957,2026-09-08T14:46,4238,ミライアル,2027年１月期 第2四半期 決算説明資料,earnings_presentation,False,,,,,,https://www.release.tdnet.info/inbs/140120260908532957.pdf,,東,2026-10-09T14:36
140120260908532943,2026-09-08T14:46,4238,ミライアル,2027年１月期  第２四半期（中間期）決算短信〔日本基準〕（連結）,earnings_report,False,,,,,,https://www.release.tdnet.info/inbs/140120260908532943.pdf,https://www.release.tdnet.info/inbs/081220260908532943.zip,東,2026-10-09T14:36
140120260908532925,2026-09-08T13:00,3083,スターシーズ,2027年２月期通期連結業績予想の修正（上方修正）に関するお知らせ,forecast_revision,False,up,OperatingIncome,10.3,CurrentYearDuration,"{""NetSales"": 16.7, ""OperatingIncome"": 10.3, ""OrdinaryIncome"": 13.6, ""ProfitAttributableToOwnersOfParent"": 13.3}",https://www.release.tdnet.info/inbs/140120260908532925.pdf,https://www.release.tdnet.info/inbs/091220260908532925.zip,東,2026-10-09T14:36
140120260907532558,2026-09-08T11:00,1382,ホーブ,（訂正・数値データ訂正）「2026年６月期　決算短信〔日本基準〕（連結）」の一部訂正について,earnings_report,True,,,,,,https://www.release.tdnet.info/inbs/140120260907532558.pdf,https://www.release.tdnet.info/inbs/081220260907532558.zip,東,2026-10-09T14:36
140120260904531995,2026-09-08T10:00,3241,ウィル,2026年12月期中間期 決算補足説明資料,earnings_presentation,False,,,,,,https://www.release.tdnet.info/inbs/140120260904531995.pdf,,東,2026-10-09T14:36
140120260907532195,2026-09-08T08:00,426A,ＳＰ５００ＥＷＨ無,ニッセイＥＴＦ　Ｓ＆Ｐ５００イコール・ウェイト（為替ヘッジなし）（2026年7月期）決算短信,earnings_report,False,,,,,,https://www.release.tdnet.info/inbs/140120260907532195.pdf,,東,2026-10-09T14:36
