disclosure_id,code,disclosed_at,n_q,period_end,status,data
140120261009548704,7603,2026-10-09T17:00,2,2026-08-31,none,
140120261008547944,3454,2026-10-09T17:00,3,2026-08-31,ok,"{""segments"": [{""name"": ""投資運用事業"", ""sales"": 91243000.0, ""sales_prior"": 113852000.0, ""op"": 55984000.0, ""op_prior"": 73769000.0}, {""name"": ""投資銀行事業"", ""sales"": 11400484000.0, ""sales_prior"": 8886939000.0, ""op"": 3624730000.0, ""op_prior"": 2290152000.0}, {""name"": ""施設運営事業"", ""sales"": 1323996000.0, ""sales_prior"": 1372916000.0, ""op"": 19855000.0, ""op_prior"": -44837000.0}, {""name"": ""その他"", ""sales"": 49256000.0, ""sales_prior"": 22671000.0, ""op"": -96000.0, ""op_prior"": -33246000.0}], ""total"": {""name"": ""合計"", ""sales"": 12782386000.0, ""sales_prior"": 10314495000.0, ""op"": 2939777000.0, ""op_prior"": 1577848000.0}}"
140120261009548877,7463,2026-10-09T16:45,2,2026-09-30,ok,"{""segments"": [{""name"": ""建材関連事業"", ""sales"": 8846521000.0, ""sales_prior"": 8210055000.0, ""op"": 1937960000.0, ""op_prior"": 1240182000.0}, {""name"": ""不動産賃貸事業"", ""sales"": 1315600000.0, ""sales_prior"": 1283191000.0, ""op"": 707057000.0, ""op_prior"": 622951000.0}, {""name"": ""その他"", ""sales"": 298684000.0, ""sales_prior"": 734103000.0, ""op"": 160089000.0, ""op_prior"": 185956000.0}], ""total"": null}"
140120261009548328,2735,2026-10-09T16:30,4,2026-08-31,none,
140120261008548174,9972,2026-10-09T16:30,3,2026-08-31,ok,"{""segments"": [{""name"": ""商社事業"", ""sales"": 5241112000.0, ""sales_prior"": 6128486000.0, ""op"": 195683000.0, ""op_prior"": 412324000.0}, {""name"": ""プリフォーム事業"", ""sales"": 6737133000.0, ""sales_prior"": 6234027000.0, ""op"": 512001000.0, ""op_prior"": -353622000.0}], ""total"": null}"
140120261009548695,4735,2026-10-09T16:00,2,2026-08-31,ok,"{""segments"": [{""name"": ""学習塾事業"", ""sales"": 4789286000.0, ""sales_prior"": 4974154000.0, ""op"": 487641000.0, ""op_prior"": 793099000.0}, {""name"": ""語学関連事業"", ""sales"": 2184802000.0, ""sales_prior"": 2179346000.0, ""op"": -57949000.0, ""op_prior"": 39068000.0}, {""name"": ""保育・介護事業"", ""sales"": 7242125000.0, ""sales_prior"": 5970281000.0, ""op"": 367045000.0, ""op_prior"": 185340000.0}], ""total"": null}"
140120261009548685,6506,2026-10-09T16:00,2,2026-08-31,ok,"{""segments"": [{""name"": ""モーションコントロール"", ""sales"": 146112000000.0, ""sales_prior"": 121889000000.0, ""op"": 15973000000.0, ""op_prior"": 12024000000.0}, {""name"": ""ロボット"", ""sales"": 119043000000.0, ""sales_prior"": 120146000000.0, ""op"": 5974000000.0, ""op_prior"": 10542000000.0}, {""name"": ""システムエンジニアリング"", ""sales"": 21075000000.0, ""sales_prior"": 18916000000.0, ""op"": 3480000000.0, ""op_prior"": 1939000000.0}, {""name"": ""その他"", ""sales"": 17559000000.0, ""sales_prior"": 18056000000.0, ""op"": 575000000.0, ""op_prior"": 935000000.0}], ""total"": null}"
140120261009548565,4829,2026-10-09T16:00,1,2026-08-31,ok,"{""segments"": [{""name"": ""クリエーション事業"", ""sales"": 402821000.0, ""sales_prior"": 431971000.0, ""op"": 90902000.0, ""op_prior"": 77664000.0}, {""name"": ""ソリューション事業"", ""sales"": 592935000.0, ""sales_prior"": 653000000.0, ""op"": 21690000.0, ""op_prior"": 57222000.0}], ""total"": null}"
140120261009548555,3046,2026-10-09T16:00,4,2026-08-31,ok,"{""segments"": [{""name"": ""国内アイウエア事業"", ""sales"": 86580000000.0, ""sales_prior"": 77928000000.0, ""op"": 9235000000.0, ""op_prior"": 11348000000.0}, {""name"": ""海外アイウエア事業"", ""sales"": 26597000000.0, ""sales_prior"": 20647000000.0, ""op"": 2219000000.0, ""op_prior"": 745000000.0}], ""total"": null}"
140120261009548536,3063,2026-10-09T16:00,2,2026-08-31,ok,"{""segments"": [{""name"": ""飲食"", ""sales"": 5860273000.0, ""sales_prior"": 5656508000.0, ""op"": 653413000.0, ""op_prior"": 625827000.0}, {""name"": ""不動産"", ""sales"": 224918000.0, ""sales_prior"": 1333061000.0, ""op"": 27666000.0, ""op_prior"": 622037000.0}, {""name"": ""その他"", ""sales"": 173350000.0, ""sales_prior"": 110677000.0, ""op"": -63615000.0, ""op_prior"": -55846000.0}], ""total"": null}"
140120261008548245,9270,2026-10-09T16:00,4,2026-08-31,none,
140120261008548101,4645,2026-10-09T16:00,2,2026-08-31,ok,"{""segments"": [{""name"": ""教育サービス"", ""sales"": 8031245000.0, ""sales_prior"": 7734984000.0, ""op"": 660160000.0, ""op_prior"": 350094000.0}, {""name"": ""介護福祉サービス"", ""sales"": 1568289000.0, ""sales_prior"": 1516953000.0, ""op"": 180189000.0, ""op_prior"": 154113000.0}], ""total"": null}"
140120261008548002,5341,2026-10-09T16:00,3,2026-08-31,ok,"{""segments"": [{""name"": ""住まい事業"", ""sales"": 2005502000.0, ""sales_prior"": 2036830000.0, ""op"": -118802000.0, ""op_prior"": -188070000.0}, {""name"": ""暮らし事業"", ""sales"": 1096398000.0, ""sales_prior"": 1193669000.0, ""op"": 9179000.0, ""op_prior"": 339000.0}, {""name"": ""投資事業"", ""sales"": 12492000.0, ""sales_prior"": 4644000.0, ""op"": 3615000.0, ""op_prior"": 2687000.0}, {""name"": ""その他"", ""sales"": 141300000.0, ""sales_prior"": 158400000.0, ""op"": 9818000.0, ""op_prior"": 380000.0}], ""total"": null}"
140120261006546588,3550,2026-10-09T16:00,2,2026-08-31,none,
140120260930542986,5982,2026-10-09T16:00,2,2026-08-31,ok,"{""segments"": [{""name"": ""業務用厨房機器製造販売業"", ""sales"": 33694769000.0, ""sales_prior"": 31816783000.0, ""op"": 3636951000.0, ""op_prior"": 3371719000.0}, {""name"": ""大型製パン機械製造販売業"", ""sales"": 2212138000.0, ""sales_prior"": 1345563000.0, ""op"": 353565000.0, ""op_prior"": 178107000.0}, {""name"": ""ビル賃貸業"", ""sales"": 246315000.0, ""sales_prior"": 245676000.0, ""op"": 155756000.0, ""op_prior"": 154542000.0}], ""total"": null}"
140120260925540450,7427,2026-10-09T15:40,2,2026-08-31,none,
140120261009548813,8185,2026-10-09T15:30,2,2026-08-31,none,
140120261009548763,2687,2026-10-09T15:30,2,2026-08-31,ok,"{""segments"": [{""name"": ""ホテル事業"", ""sales"": 1199374000.0, ""sales_prior"": 1106708000.0, ""op"": 87534000.0, ""op_prior"": 50095000.0}, {""name"": ""マンションフロントサービス事業"", ""sales"": 1935556000.0, ""sales_prior"": 2031200000.0, ""op"": 183077000.0, ""op_prior"": 167824000.0}, {""name"": ""クリーニング事業"", ""sales"": 92464000.0, ""sales_prior"": 99689000.0, ""op"": 40598000.0, ""op_prior"": 43084000.0}, {""name"": ""コンビニエンス・ストア事業"", ""sales"": 783912000.0, ""sales_prior"": 726448000.0, ""op"": 74264000.0, ""op_prior"": 62157000.0}, {""name"": ""その他"", ""sales"": 39116000.0, ""sales_prior"": 40032000.0, ""op"": 13116000.0, ""op_prior"": 13697000.0}], ""total"": null}"
140120261009548758,6136,2026-10-09T15:30,3,2026-08-31,ok,"{""segments"": [{""name"": ""日本"", ""sales"": 64899000000.0, ""sales_prior"": 55532000000.0, ""op"": 10502000000.0, ""op_prior"": 5780000000.0}, {""name"": ""米州"", ""sales"": 32805000000.0, ""sales_prior"": 25802000000.0, ""op"": 7055000000.0, ""op_prior"": 3106000000.0}, {""name"": ""欧州・アフリカ"", ""sales"": 34524000000.0, ""sales_prior"": 27352000000.0, ""op"": 3758000000.0, ""op_prior"": 1653000000.0}, {""name"": ""アジア"", ""sales"": 38719000000.0, ""sales_prior"": 28917000000.0, ""op"": 7072000000.0, ""op_prior"": 3316000000.0}], ""total"": {""name"": ""合計"", ""sales"": 143245000000.0, ""sales_prior"": 115994000000.0, ""op"": 27543000000.0, ""op_prior"": 13759000000.0}}"
140120261009548714,6264,2026-10-09T15:30,4,2026-08-31,ok,"{""segments"": [{""name"": ""精密部品事業"", ""sales"": 9143000000.0, ""sales_prior"": 7709000000.0, ""op"": 2287000000.0, ""op_prior"": 1823000000.0}, {""name"": ""機能材料事業"", ""sales"": 11346000000.0, ""sales_prior"": 3694000000.0, ""op"": 1848000000.0, ""op_prior"": 349000000.0}], ""total"": null}"
140120261009548687,137A,2026-10-09T15:30,1,2026-08-31,none,
140120261009548672,7501,2026-10-09T15:30,3,2026-08-31,ok,"{""segments"": [{""name"": ""フィッシング事業"", ""sales"": 816086000.0, ""sales_prior"": 667510000.0, ""op"": 35754000.0, ""op_prior"": 24561000.0}, {""name"": ""アウトドア事業"", ""sales"": 1783461000.0, ""sales_prior"": 1646270000.0, ""op"": 41389000.0, ""op_prior"": 21061000.0}, {""name"": ""その他"", ""sales"": 13695000.0, ""sales_prior"": 15561000.0, ""op"": 7620000.0, ""op_prior"": 9240000.0}], ""total"": {""name"": ""合計"", ""sales"": 2613243000.0, ""sales_prior"": 2329342000.0, ""op"": -68259000.0, ""op_prior"": -88033000.0}}"
140120261009548609,2999,2026-10-09T15:30,4,2026-08-31,none,
140120261009548600,4430,2026-10-09T15:30,1,2026-08-31,none,
140120261009548591,7370,2026-10-09T15:30,1,2026-08-31,ok,"{""segments"": [{""name"": ""PR事業"", ""sales"": 582348000.0, ""sales_prior"": 508009000.0, ""op"": 82251000.0, ""op_prior"": 32473000.0}, {""name"": ""不動産事業"", ""sales"": 1573000.0, ""sales_prior"": null, ""op"": -16649000.0, ""op_prior"": null}, {""name"": ""観光事業"", ""sales"": 171172000.0, ""sales_prior"": null, ""op"": -20386000.0, ""op_prior"": null}, {""name"": ""その他"", ""sales"": null, ""sales_prior"": null, ""op"": -9986000.0, ""op_prior"": null}], ""total"": {""name"": ""合計"", ""sales"": 755095000.0, ""sales_prior"": 508009000.0, ""op"": 35229000.0, ""op_prior"": 32473000.0}}"
140120261009548564,9740,2026-10-09T15:30,2,2026-08-31,ok,"{""segments"": [{""name"": ""セキュリティ事業"", ""sales"": 39589439000.0, ""sales_prior"": 37831330000.0, ""op"": 2562862000.0, ""op_prior"": 2412610000.0}, {""name"": ""ビル管理・不動産事業"", ""sales"": 1290899000.0, ""sales_prior"": 1259209000.0, ""op"": 219081000.0, ""op_prior"": 116757000.0}], ""total"": null}"
140120261009548541,3627,2026-10-09T15:30,2,2026-08-31,ok,"{""segments"": [{""name"": ""ライフデザイン事業"", ""sales"": 1773152000.0, ""sales_prior"": 1214621000.0, ""op"": 49875000.0, ""op_prior"": -106612000.0}, {""name"": ""AI＆クラウド事業"", ""sales"": 1401779000.0, ""sales_prior"": 1337144000.0, ""op"": 79588000.0, ""op_prior"": 66256000.0}, {""name"": ""IoT＆デバイス事業"", ""sales"": 2213203000.0, ""sales_prior"": 2435946000.0, ""op"": 15970000.0, ""op_prior"": 140979000.0}], ""total"": null}"
140120261009548446,7673,2026-10-09T15:30,1,2026-08-31,none,
140120261009548443,8008,2026-10-09T15:30,2,2026-08-31,ok,"{""segments"": [{""name"": ""ジュエリー事業"", ""sales"": 26579000000.0, ""sales_prior"": 19848000000.0, ""op"": 2175000000.0, ""op_prior"": 893000000.0}, {""name"": ""アパレル事業"", ""sales"": 12936000000.0, ""sales_prior"": 12695000000.0, ""op"": 1033000000.0, ""op_prior"": 791000000.0}], ""total"": null}"
140120261009548367,3501,2026-10-09T15:30,1,2026-08-31,ok,"{""segments"": [{""name"": ""インテリア事業"", ""sales"": 9423000000.0, ""sales_prior"": 9216000000.0, ""op"": 304000000.0, ""op_prior"": 20000000.0}, {""name"": ""自動車・車両内装事業"", ""sales"": 16221000000.0, ""sales_prior"": 15875000000.0, ""op"": 667000000.0, ""op_prior"": 820000000.0}, {""name"": ""機能資材事業"", ""sales"": 509000000.0, ""sales_prior"": 510000000.0, ""op"": -18000000.0, ""op_prior"": -11000000.0}, {""name"": ""その他"", ""sales"": 118000000.0, ""sales_prior"": 132000000.0, ""op"": 15000000.0, ""op_prior"": 21000000.0}], ""total"": {""name"": ""合計"", ""sales"": 25981000000.0, ""sales_prior"": 25465000000.0, ""op"": 379000000.0, ""op_prior"": 318000000.0}}"
140120261009548353,3192,2026-10-09T15:30,3,2026-08-31,none,
140120261009548352,8200,2026-10-09T15:30,2,2026-08-31,ok,"{""segments"": [{""name"": ""長崎ちゃんぽん"", ""sales"": 19093557000.0, ""sales_prior"": 18266542000.0, ""op"": 940756000.0, ""op_prior"": 594118000.0}, {""name"": ""とんかつ"", ""sales"": 4088013000.0, ""sales_prior"": 4039114000.0, ""op"": 169224000.0, ""op_prior"": 159961000.0}, {""name"": ""設備メンテナンス"", ""sales"": 931038000.0, ""sales_prior"": 983822000.0, ""op"": 97572000.0, ""op_prior"": 113531000.0}], ""total"": null}"
140120261009548315,2157,2026-10-09T15:30,4,2026-08-31,ok,"{""segments"": [{""name"": ""カラオケ"", ""sales"": 78076887000.0, ""sales_prior"": 67162793000.0, ""op"": 12030297000.0, ""op_prior"": 12405661000.0}, {""name"": ""不動産管理"", ""sales"": 1910631000.0, ""sales_prior"": 1857164000.0, ""op"": 219706000.0, ""op_prior"": 222416000.0}, {""name"": ""その他"", ""sales"": 923773000.0, ""sales_prior"": 879122000.0, ""op"": -55529000.0, ""op_prior"": 37442000.0}], ""total"": null}"
140120261008548285,3815,2026-10-09T15:30,4,2026-08-31,ok,"{""segments"": [{""name"": ""占い事業"", ""sales"": 1491497000.0, ""sales_prior"": 1761219000.0, ""op"": 221011000.0, ""op_prior"": 385581000.0}, {""name"": ""データ・テクノロジー事業"", ""sales"": 113228000.0, ""sales_prior"": 99215000.0, ""op"": -171164000.0, ""op_prior"": -131922000.0}, {""name"": ""その他"", ""sales"": 7475000.0, ""sales_prior"": 13060000.0, ""op"": -14169000.0, ""op_prior"": -32698000.0}], ""total"": null}"
140120261008548227,4443,2026-10-09T15:30,1,2026-08-31,ok,"{""segments"": [{""name"": ""Sansan／Bill One事業"", ""sales"": 12953000000.0, ""sales_prior"": 10935000000.0, ""op"": null, ""op_prior"": null}, {""name"": ""Eight事業"", ""sales"": 1719000000.0, ""sales_prior"": 1296000000.0, ""op"": null, ""op_prior"": null}, {""name"": ""その他"", ""sales"": 140000000.0, ""sales_prior"": 109000000.0, ""op"": null, ""op_prior"": null}], ""total"": null}"
140120261008548186,8570,2026-10-09T15:30,2,2026-08-31,ok,"{""segments"": [{""name"": ""リテール"", ""sales"": 134673000000.0, ""sales_prior"": 122505000000.0, ""op"": 3082000000.0, ""op_prior"": 4759000000.0}, {""name"": ""ソリューション"", ""sales"": 102707000000.0, ""sales_prior"": 95358000000.0, ""op"": 3327000000.0, ""op_prior"": 6443000000.0}, {""name"": ""中華圏"", ""sales"": 19987000000.0, ""sales_prior"": 17166000000.0, ""op"": 6368000000.0, ""op_prior"": 5295000000.0}, {""name"": ""メコン圏"", ""sales"": 51656000000.0, ""sales_prior"": 49281000000.0, ""op"": 6458000000.0, ""op_prior"": 7901000000.0}, {""name"": ""マレー圏"", ""sales"": 59376000000.0, ""sales_prior"": 48266000000.0, ""op"": 6340000000.0, ""op_prior"": 5560000000.0}], ""total"": null}"
140120261008548166,6289,2026-10-09T15:30,4,2026-08-31,ok,"{""segments"": [{""name"": ""建設機械事業"", ""sales"": 20115000000.0, ""sales_prior"": 18316000000.0, ""op"": 4331000000.0, ""op_prior"": 3892000000.0}, {""name"": ""圧入工事事業"", ""sales"": 9513000000.0, ""sales_prior"": 8842000000.0, ""op"": 1157000000.0, ""op_prior"": 1090000000.0}], ""total"": null}"
140120261008548129,2698,2026-10-09T15:30,2,2026-08-31,none,
140120261008548049,3222,2026-10-09T15:30,2,2026-08-31,none,
140120261008547930,4992,2026-10-09T15:30,3,2026-08-31,ok,"{""segments"": [{""name"": ""農薬事業"", ""sales"": 30580000000.0, ""sales_prior"": 27046000000.0, ""op"": 3002000000.0, ""op_prior"": 1644000000.0}, {""name"": ""ファインケミカル事業"", ""sales"": 12911000000.0, ""sales_prior"": 13095000000.0, ""op"": 2346000000.0, ""op_prior"": 3151000000.0}, {""name"": ""繊維資材事業"", ""sales"": 1442000000.0, ""sales_prior"": 1450000000.0, ""op"": 65000000.0, ""op_prior"": 59000000.0}, {""name"": ""その他"", ""sales"": 433000000.0, ""sales_prior"": 343000000.0, ""op"": 11000000.0, ""op_prior"": 9000000.0}], ""total"": null}"
140120261008547906,2669,2026-10-09T15:30,2,2026-08-31,ok,"{""segments"": [{""name"": ""テナント事業"", ""sales"": 24281455000.0, ""sales_prior"": 23323254000.0, ""op"": 1218714000.0, ""op_prior"": 1307414000.0}, {""name"": ""外販事業"", ""sales"": 23673263000.0, ""sales_prior"": 22109224000.0, ""op"": 368978000.0, ""op_prior"": -178133000.0}], ""total"": null}"
140120261008547881,3996,2026-10-09T15:30,2,2026-08-31,ok,"{""segments"": [{""name"": ""コンサルティング事業"", ""sales"": 1802066000.0, ""sales_prior"": 1387484000.0, ""op"": 367315000.0, ""op_prior"": 240526000.0}, {""name"": ""イノベーション事業"", ""sales"": 11911000.0, ""sales_prior"": 24858000.0, ""op"": -111847000.0, ""op_prior"": -68333000.0}, {""name"": ""DX・地方共創事業"", ""sales"": 78713000.0, ""sales_prior"": 41297000.0, ""op"": 13266000.0, ""op_prior"": -11449000.0}], ""total"": null}"
140120261008547593,3353,2026-10-09T15:30,2,2026-08-31,ok,"{""segments"": [{""name"": ""調剤薬局事業"", ""sales"": 13215715000.0, ""sales_prior"": 13056304000.0, ""op"": 610617000.0, ""op_prior"": 658059000.0}, {""name"": ""ヘルスケア事業"", ""sales"": 4685819000.0, ""sales_prior"": 4382141000.0, ""op"": 44274000.0, ""op_prior"": 14162000.0}, {""name"": ""医薬品卸事業"", ""sales"": 10886253000.0, ""sales_prior"": 9931933000.0, ""op"": 148938000.0, ""op_prior"": 89560000.0}, {""name"": ""不動産事業"", ""sales"": 143797000.0, ""sales_prior"": 125926000.0, ""op"": 81238000.0, ""op_prior"": 75425000.0}], ""total"": null}"
140120261008547579,6814,2026-10-09T15:30,2,2026-08-31,ok,"{""segments"": [{""name"": ""舶用事業"", ""sales"": 67866000000.0, ""sales_prior"": 60090000000.0, ""op"": 12212000000.0, ""op_prior"": 9517000000.0}, {""name"": ""産業用事業"", ""sales"": 9393000000.0, ""sales_prior"": 6973000000.0, ""op"": 822000000.0, ""op_prior"": 187000000.0}, {""name"": ""無線LAN・ハンディターミナル事業"", ""sales"": 2892000000.0, ""sales_prior"": 1766000000.0, ""op"": 356000000.0, ""op_prior"": 9000000.0}, {""name"": ""その他"", ""sales"": 503000000.0, ""sales_prior"": 446000000.0, ""op"": -40000000.0, ""op_prior"": -88000000.0}], ""total"": null}"
140120261007547333,463A,2026-10-09T15:30,1,2026-08-31,ok,"{""segments"": [{""name"": ""リノベーション事業分野"", ""sales"": 8848892000.0, ""sales_prior"": null, ""op"": 220037000.0, ""op_prior"": null}, {""name"": ""ソリューション事業分野"", ""sales"": 4878378000.0, ""sales_prior"": null, ""op"": 762806000.0, ""op_prior"": null}], ""total"": null}"
140120261007547092,9647,2026-10-09T15:30,3,2026-08-31,ok,"{""segments"": [{""name"": ""建設コンサルタント事業"", ""sales"": 5536102000.0, ""sales_prior"": 5447237000.0, ""op"": 1034590000.0, ""op_prior"": 868613000.0}, {""name"": ""情報処理事業"", ""sales"": 1145690000.0, ""sales_prior"": 1160658000.0, ""op"": 8113000.0, ""op_prior"": -5373000.0}, {""name"": ""不動産賃貸・管理事業"", ""sales"": 51795000.0, ""sales_prior"": 51852000.0, ""op"": 27460000.0, ""op_prior"": 29651000.0}], ""total"": {""name"": ""合計"", ""sales"": 6628388000.0, ""sales_prior"": 6540987000.0, ""op"": 958837000.0, ""op_prior"": 781476000.0}}"
140120261006546837,5271,2026-10-09T15:30,2,2026-08-31,ok,"{""segments"": [{""name"": ""基礎事業"", ""sales"": 6186705000.0, ""sales_prior"": 7156828000.0, ""op"": 296300000.0, ""op_prior"": 757151000.0}, {""name"": ""不動産賃貸事業"", ""sales"": 101174000.0, ""sales_prior"": 101388000.0, ""op"": 61104000.0, ""op_prior"": 62128000.0}], ""total"": null}"
140120261005545984,6668,2026-10-09T15:30,4,2026-08-31,ok,"{""segments"": [{""name"": ""半導体・液晶関連事業"", ""sales"": 13098000000.0, ""sales_prior"": 11337000000.0, ""op"": 2438000000.0, ""op_prior"": 1702000000.0}, {""name"": ""研究機関・大学関連事業"", ""sales"": 853000000.0, ""sales_prior"": 1407000000.0, ""op"": 46000000.0, ""op_prior"": 37000000.0}], ""total"": null}"
140120261005545955,4187,2026-10-09T15:30,3,2026-08-31,ok,"{""segments"": [{""name"": ""化成品事業"", ""sales"": 11059177000.0, ""sales_prior"": 9915858000.0, ""op"": 2461326000.0, ""op_prior"": 1647669000.0}, {""name"": ""電子材料事業"", ""sales"": 15570870000.0, ""sales_prior"": 12260059000.0, ""op"": 3608627000.0, ""op_prior"": 2107829000.0}, {""name"": ""機能化学品事業"", ""sales"": 6189420000.0, ""sales_prior"": 4878211000.0, ""op"": 1577061000.0, ""op_prior"": 885652000.0}], ""total"": {""name"": ""合計"", ""sales"": 32293653000.0, ""sales_prior"": 26699214000.0, ""op"": 7578800000.0, ""op_prior"": 4631404000.0}}"
140120261002545524,5900,2026-10-09T15:30,2,2026-08-31,ok,"{""segments"": [{""name"": ""建築関連製品"", ""sales"": 5754107000.0, ""sales_prior"": 5115546000.0, ""op"": 135759000.0, ""op_prior"": 110517000.0}, {""name"": ""不動産賃貸"", ""sales"": 81267000.0, ""sales_prior"": 81624000.0, ""op"": 40751000.0, ""op_prior"": 42275000.0}], ""total"": null}"
140120260930542585,2722,2026-10-09T15:30,1,2026-08-31,ok,"{""segments"": [{""name"": ""ダイレクトマーケティング事業"", ""sales"": 955254000.0, ""sales_prior"": 1275655000.0, ""op"": 28064000.0, ""op_prior"": 34682000.0}, {""name"": ""セールスマーケティング事業"", ""sales"": 2567797000.0, ""sales_prior"": 2935545000.0, ""op"": 119815000.0, ""op_prior"": 204652000.0}], ""total"": null}"
140120260929542410,8908,2026-10-09T15:30,1,2026-08-31,ok,"{""segments"": [{""name"": ""不動産ソリューション事業"", ""sales"": 3995849000.0, ""sales_prior"": 3687800000.0, ""op"": 512007000.0, ""op_prior"": 478576000.0}, {""name"": ""学生生活ソリューション事業"", ""sales"": 1195691000.0, ""sales_prior"": 1105064000.0, ""op"": 65874000.0, ""op_prior"": 52263000.0}], ""total"": {""name"": ""合計"", ""sales"": 5191541000.0, ""sales_prior"": 4792864000.0, ""op"": 316702000.0, ""op_prior"": 286116000.0}}"
140120260929542125,4760,2026-10-09T15:30,4,2026-08-31,none,
140120260907532204,7888,2026-10-09T15:30,1,2026-08-31,ok,"{""segments"": [{""name"": ""日本"", ""sales"": 9622000000.0, ""sales_prior"": 8854000000.0, ""op"": 1255000000.0, ""op_prior"": 1079000000.0}, {""name"": ""欧州"", ""sales"": 2561000000.0, ""sales_prior"": 2445000000.0, ""op"": -222000000.0, ""op_prior"": -79000000.0}, {""name"": ""アジア"", ""sales"": 8151000000.0, ""sales_prior"": 7558000000.0, ""op"": 246000000.0, ""op_prior"": 191000000.0}, {""name"": ""北米"", ""sales"": 5446000000.0, ""sales_prior"": 4655000000.0, ""op"": 264000000.0, ""op_prior"": 161000000.0}], ""total"": null}"
140120260831529101,8244,2026-10-09T15:30,2,2026-08-31,none,
140120261009548383,7713,2026-10-09T15:00,1,2026-08-31,ok,"{""segments"": [{""name"": ""要素部品事業"", ""sales"": 2954382000.0, ""sales_prior"": 2132238000.0, ""op"": 608857000.0, ""op_prior"": 262486000.0}, {""name"": ""システム製品事業"", ""sales"": 461295000.0, ""sales_prior"": 390083000.0, ""op"": 78050000.0, ""op_prior"": 17623000.0}], ""total"": null}"
140120261009548276,2747,2026-10-09T15:00,2,2026-08-31,none,
140120261008547970,1997,2026-10-09T15:00,4,2026-08-31,ok,"{""segments"": [{""name"": ""設備事業"", ""sales"": 9953827000.0, ""sales_prior"": 8944769000.0, ""op"": 1932188000.0, ""op_prior"": 1538749000.0}, {""name"": ""太陽光発電事業"", ""sales"": 174726000.0, ""sales_prior"": 189583000.0, ""op"": 71291000.0, ""op_prior"": 75693000.0}, {""name"": ""その他"", ""sales"": 716000.0, ""sales_prior"": 1300000.0, ""op"": -62000.0, ""op_prior"": 517000.0}], ""total"": null}"
140120260902530837,3201,2026-10-09T15:00,3,2026-08-31,ok,"{""segments"": [{""name"": ""衣料繊維事業"", ""sales"": 20611000000.0, ""sales_prior"": 20195000000.0, ""op"": 464000000.0, ""op_prior"": 758000000.0}, {""name"": ""産業機材事業"", ""sales"": 29828000000.0, ""sales_prior"": 26097000000.0, ""op"": 2341000000.0, ""op_prior"": 1813000000.0}, {""name"": ""人とみらい開発事業"", ""sales"": 19603000000.0, ""sales_prior"": 20509000000.0, ""op"": 5899000000.0, ""op_prior"": 5269000000.0}, {""name"": ""生活流通事業"", ""sales"": 16666000000.0, ""sales_prior"": 18083000000.0, ""op"": 903000000.0, ""op_prior"": 895000000.0}, {""name"": ""その他"", ""sales"": 3490000000.0, ""sales_prior"": 3025000000.0, ""op"": 276000000.0, ""op_prior"": 220000000.0}], ""total"": {""name"": ""合計"", ""sales"": 89186000000.0, ""sales_prior"": 87092000000.0, ""op"": 8673000000.0, ""op_prior"": 7670000000.0}}"
140120261008548224,9982,2026-10-09T14:00,2,2026-08-31,none,
140120261008548092,9974,2026-10-09T14:00,2,2026-08-31,none,
140120261008547874,9313,2026-10-09T14:00,3,2026-08-31,ok,"{""segments"": [{""name"": ""物流事業"", ""sales"": 3242485000.0, ""sales_prior"": 3198214000.0, ""op"": 514872000.0, ""op_prior"": 548691000.0}, {""name"": ""不動産事業"", ""sales"": 530447000.0, ""sales_prior"": 494895000.0, ""op"": 254238000.0, ""op_prior"": 241373000.0}], ""total"": {""name"": ""合計"", ""sales"": 3772932000.0, ""sales_prior"": 3693109000.0, ""op"": 472655000.0, ""op_prior"": 437337000.0}}"
140120261007547358,8127,2026-10-09T14:00,4,2026-08-31,ok,"{""segments"": [{""name"": ""繊維製品製造販売業"", ""sales"": 19580057000.0, ""sales_prior"": 19157843000.0, ""op"": 249382000.0, ""op_prior"": 307983000.0}, {""name"": ""不動産賃貸事業"", ""sales"": 301950000.0, ""sales_prior"": 286678000.0, ""op"": 132227000.0, ""op_prior"": 137856000.0}], ""total"": null}"
140120261006546579,9835,2026-10-09T13:00,2,2026-08-31,none,
140120261008548252,3048,2026-10-09T12:00,4,2026-08-31,ok,"{""segments"": [{""name"": ""物品販売事業"", ""sales"": 1028663000000.0, ""sales_prior"": 962040000000.0, ""op"": 36926000000.0, ""op_prior"": 29842000000.0}, {""name"": ""ＢＳデジタル放送事業"", ""sales"": 11144000000.0, ""sales_prior"": 11039000000.0, ""op"": 1924000000.0, ""op_prior"": 2043000000.0}, {""name"": ""その他"", ""sales"": 1463000000.0, ""sales_prior"": 1534000000.0, ""op"": 59000000.0, ""op_prior"": 42000000.0}], ""total"": null}"
140120261008547659,4440,2026-10-09T12:00,4,2026-08-31,ok,"{""segments"": [{""name"": ""ソフトウェア事業"", ""sales"": 4852910000.0, ""sales_prior"": 3982658000.0, ""op"": 629783000.0, ""op_prior"": 505370000.0}, {""name"": ""センシング事業"", ""sales"": 781306000.0, ""sales_prior"": 861558000.0, ""op"": 34080000.0, ""op_prior"": 41753000.0}, {""name"": ""その他"", ""sales"": 165517000.0, ""sales_prior"": 12393000.0, ""op"": -30003000.0, ""op_prior"": -7662000.0}], ""total"": null}"
140120261001544135,9381,2026-10-09T12:00,2,2026-08-31,ok,"{""segments"": [{""name"": ""日本"", ""sales"": 26216000000.0, ""sales_prior"": 23969000000.0, ""op"": 1793000000.0, ""op_prior"": 1607000000.0}, {""name"": ""中国"", ""sales"": 6068000000.0, ""sales_prior"": 5655000000.0, ""op"": 390000000.0, ""op_prior"": 305000000.0}, {""name"": ""その他"", ""sales"": 1064000000.0, ""sales_prior"": 1118000000.0, ""op"": 58000000.0, ""op_prior"": 109000000.0}], ""total"": null}"
140120261008547947,8918,2026-10-08T16:00,1,2026-05-31,ok,"{""segments"": [{""name"": ""不動産"", ""sales"": 504935000.0, ""sales_prior"": 311142000.0, ""op"": 184114000.0, ""op_prior"": 81541000.0}, {""name"": ""その他"", ""sales"": null, ""sales_prior"": 57696000.0, ""op"": -2025000.0, ""op_prior"": 45055000.0}, {""name"": ""再生可能エネルギー関連投資"", ""sales"": 700736000.0, ""sales_prior"": null, ""op"": 627466000.0, ""op_prior"": -61837000.0}], ""total"": null}"
140120261008547781,9861,2026-10-08T16:00,2,2026-08-31,ok,"{""segments"": [{""name"": ""吉野家"", ""sales"": 81248000000.0, ""sales_prior"": 73911000000.0, ""op"": 5492000000.0, ""op_prior"": 3706000000.0}, {""name"": ""はなまる"", ""sales"": 18026000000.0, ""sales_prior"": 16803000000.0, ""op"": 1706000000.0, ""op_prior"": 1675000000.0}, {""name"": ""海外"", ""sales"": 16049000000.0, ""sales_prior"": 13845000000.0, ""op"": 1063000000.0, ""op_prior"": 870000000.0}, {""name"": ""その他"", ""sales"": 7534000000.0, ""sales_prior"": 7228000000.0, ""op"": 161000000.0, ""op_prior"": 376000000.0}], ""total"": null}"
140120261007547469,7544,2026-10-08T16:00,2,2026-08-31,none,
140120261007547390,8125,2026-10-08T16:00,2,2026-08-31,ok,"{""segments"": [{""name"": ""建機事業"", ""sales"": 37796000000.0, ""sales_prior"": 36285000000.0, ""op"": 1128000000.0, ""op_prior"": 1336000000.0}, {""name"": ""商事事業"", ""sales"": 8153000000.0, ""sales_prior"": 5548000000.0, ""op"": 495000000.0, ""op_prior"": 370000000.0}, {""name"": ""不動産事業"", ""sales"": 2840000000.0, ""sales_prior"": 2862000000.0, ""op"": 962000000.0, ""op_prior"": 1008000000.0}], ""total"": null}"
140120261007547258,9765,2026-10-08T16:00,1,2026-08-31,none,
140120261006546736,3907,2026-10-08T16:00,3,2026-08-31,ok,"{""segments"": [{""name"": ""開発推進・支援"", ""sales"": 1895000000.0, ""sales_prior"": 1995000000.0, ""op"": 60000000.0, ""op_prior"": 302000000.0}, {""name"": ""人材"", ""sales"": 1186000000.0, ""sales_prior"": 1235000000.0, ""op"": 205000000.0, ""op_prior"": 212000000.0}], ""total"": null}"
140120261008547647,9983,2026-10-08T15:31,4,2026-08-31,ok,"{""segments"": [{""name"": ""国内ユニクロ事業"", ""sales"": 1084843000000.0, ""sales_prior"": 1026096000000.0, ""op"": 196652000000.0, ""op_prior"": 184451000000.0}, {""name"": ""海外ユニクロ事業"", ""sales"": 2411135000000.0, ""sales_prior"": 1910289000000.0, ""op"": 448124000000.0, ""op_prior"": 309319000000.0}, {""name"": ""ジーユー事業"", ""sales"": 336717000000.0, ""sales_prior"": 330701000000.0, ""op"": 32884000000.0, ""op_prior"": 30506000000.0}, {""name"": ""グローバルブランド事業"", ""sales"": 128561000000.0, ""sales_prior"": 131542000000.0, ""op"": 4454000000.0, ""op_prior"": -950000000.0}, {""name"": ""その他"", ""sales"": 2131000000.0, ""sales_prior"": 1910000000.0, ""op"": 143000000.0, ""op_prior"": 253000000.0}], ""total"": null}"
140120261008547872,4728,2026-10-08T15:30,4,2026-08-31,ok,"{""segments"": [{""name"": ""ゲーム事業"", ""sales"": 5911518000.0, ""sales_prior"": 6070483000.0, ""op"": 247258000.0, ""op_prior"": 621696000.0}, {""name"": ""その他事業"", ""sales"": 441927000.0, ""sales_prior"": 616150000.0, ""op"": 37122000.0, ""op_prior"": 68175000.0}], ""total"": null}"
140120261008547741,3490,2026-10-08T15:30,2,2026-08-31,ok,"{""segments"": [{""name"": ""不動産販売事業"", ""sales"": 8568107000.0, ""sales_prior"": 4779156000.0, ""op"": 900890000.0, ""op_prior"": 369876000.0}, {""name"": ""不動産賃貸事業"", ""sales"": 293351000.0, ""sales_prior"": 372602000.0, ""op"": 33167000.0, ""op_prior"": 74567000.0}, {""name"": ""不動産管理事業"", ""sales"": 152334000.0, ""sales_prior"": 111612000.0, ""op"": 55984000.0, ""op_prior"": 41048000.0}], ""total"": null}"
140120261007547547,4825,2026-10-08T15:30,1,2026-08-31,none,
140120261007547481,6323,2026-10-08T15:30,2,2026-08-31,ok,"{""segments"": [{""name"": ""半導体・ＦＰＤ関連装置事業"", ""sales"": 79388000000.0, ""sales_prior"": null, ""op"": 23969000000.0, ""op_prior"": null}, {""name"": ""ライフサイエンス事業"", ""sales"": 376000000.0, ""sales_prior"": null, ""op"": -147000000.0, ""op_prior"": null}], ""total"": null}"
140120261007547464,9716,2026-10-08T15:30,2,2026-08-31,none,
140120261007547463,9946,2026-10-08T15:30,2,2026-08-31,ok,"{""segments"": [{""name"": ""国内事業"", ""sales"": 45969000000.0, ""sales_prior"": 44137000000.0, ""op"": -2810000000.0, ""op_prior"": 1375000000.0}, {""name"": ""海外事業"", ""sales"": 5173000000.0, ""sales_prior"": 4650000000.0, ""op"": -25000000.0, ""op_prior"": -259000000.0}], ""total"": null}"
140120261007547460,3382,2026-10-08T15:30,2,2026-08-31,ok,"{""segments"": [{""name"": ""国内コンビニエンスストア事業"", ""sales"": 467322000000.0, ""sales_prior"": 462575000000.0, ""op"": 109899000000.0, ""op_prior"": 121793000000.0}, {""name"": ""海外コンビニエンスストア事業"", ""sales"": 4966613000000.0, ""sales_prior"": 4221130000000.0, ""op"": 150422000000.0, ""op_prior"": 80131000000.0}, {""name"": ""その他"", ""sales"": 32383000000.0, ""sales_prior"": 945510000000.0, ""op"": 2749000000.0, ""op_prior"": 41415000000.0}], ""total"": null}"
140120261007547260,8016,2026-10-08T15:30,2,2026-08-31,ok,"{""segments"": [{""name"": ""国内事業"", ""sales"": 109302000000.0, ""sales_prior"": 105216000000.0, ""op"": 7066000000.0, ""op_prior"": 6200000000.0}, {""name"": ""海外事業"", ""sales"": 10912000000.0, ""sales_prior"": 9780000000.0, ""op"": -497000000.0, ""op_prior"": -130000000.0}], ""total"": null}"
140120261007547248,9414,2026-10-08T15:30,4,2026-08-31,none,
140120261007547180,9720,2026-10-08T15:30,3,2026-08-31,ok,"{""segments"": [{""name"": ""ホテル事業"", ""sales"": 5031576000.0, ""sales_prior"": 4718685000.0, ""op"": 278856000.0, ""op_prior"": 152803000.0}, {""name"": ""不動産賃貸事業"", ""sales"": 42404000.0, ""sales_prior"": 36024000.0, ""op"": 32856000.0, ""op_prior"": 27436000.0}], ""total"": {""name"": ""合計"", ""sales"": 5073981000.0, ""sales_prior"": 4754710000.0, ""op"": 311712000.0, ""op_prior"": 180239000.0}}"
140120261007547084,4361,2026-10-08T15:30,3,2026-08-31,ok,"{""segments"": [{""name"": ""化学工業薬品事業"", ""sales"": 6649387000.0, ""sales_prior"": 6327419000.0, ""op"": 472826000.0, ""op_prior"": 197213000.0}, {""name"": ""不動産賃貸事業"", ""sales"": 28878000.0, ""sales_prior"": 28793000.0, ""op"": 23073000.0, ""op_prior"": 22988000.0}], ""total"": {""name"": ""合計"", ""sales"": 6678265000.0, ""sales_prior"": 6356212000.0, ""op"": 495899000.0, ""op_prior"": 220201000.0}}"
140120261007547023,9903,2026-10-08T15:30,2,2026-08-31,ok,"{""segments"": [{""name"": ""ホームセンター"", ""sales"": 7270301000.0, ""sales_prior"": 7430483000.0, ""op"": 247313000.0, ""op_prior"": 201595000.0}, {""name"": ""WILD-1"", ""sales"": 3767287000.0, ""sales_prior"": 4144318000.0, ""op"": -23040000.0, ""op_prior"": -1020000.0}, {""name"": ""専門店"", ""sales"": 6516247000.0, ""sales_prior"": 6058257000.0, ""op"": 435565000.0, ""op_prior"": 462719000.0}, {""name"": ""店舗開発"", ""sales"": 182127000.0, ""sales_prior"": 174384000.0, ""op"": 70794000.0, ""op_prior"": 64465000.0}, {""name"": ""その他"", ""sales"": 3620000.0, ""sales_prior"": 3551000.0, ""op"": 3620000.0, ""op_prior"": 3551000.0}], ""total"": null}"
140120261006546876,4763,2026-10-08T15:30,2,2026-08-31,ok,"{""segments"": [{""name"": ""クリエイティブ分野（日本）"", ""sales"": 21048555000.0, ""sales_prior"": 19172156000.0, ""op"": 1337672000.0, ""op_prior"": 1335022000.0}, {""name"": ""クリエイティブ分野（韓国）"", ""sales"": 1612263000.0, ""sales_prior"": 1402121000.0, ""op"": -24171000.0, ""op_prior"": -16747000.0}, {""name"": ""医療分野"", ""sales"": 3983128000.0, ""sales_prior"": 3585139000.0, ""op"": 1585676000.0, ""op_prior"": 1247606000.0}, {""name"": ""会計・法曹分野"", ""sales"": 1255221000.0, ""sales_prior"": 1192142000.0, ""op"": 57013000.0, ""op_prior"": 54204000.0}, {""name"": ""CRES分野"", ""sales"": 2181002000.0, ""sales_prior"": 410508000.0, ""op"": -150656000.0, ""op_prior"": -525859000.0}, {""name"": ""その他"", ""sales"": 2233324000.0, ""sales_prior"": 2576629000.0, ""op"": -38729000.0, ""op_prior"": -2990000.0}], ""total"": null}"
140120261006546386,2408,2026-10-08T15:30,3,2026-09-20,none,
140120261005546139,2809,2026-10-08T15:30,3,2026-08-31,ok,"{""segments"": [{""name"": ""市販用"", ""sales"": 145074000000.0, ""sales_prior"": 144571000000.0, ""op"": 11808000000.0, ""op_prior"": 9777000000.0}, {""name"": ""業務用"", ""sales"": 144094000000.0, ""sales_prior"": 140075000000.0, ""op"": 11089000000.0, ""op_prior"": 8209000000.0}, {""name"": ""海外"", ""sales"": 83664000000.0, ""sales_prior"": 73567000000.0, ""op"": 11180000000.0, ""op_prior"": 11070000000.0}, {""name"": ""フルーツ ソリューション"", ""sales"": 13711000000.0, ""sales_prior"": 13673000000.0, ""op"": 577000000.0, ""op_prior"": 633000000.0}, {""name"": ""ファインケミカル"", ""sales"": 10119000000.0, ""sales_prior"": 9295000000.0, ""op"": 716000000.0, ""op_prior"": 412000000.0}, {""name"": ""共通"", ""sales"": 14550000000.0, ""sales_prior"": 15857000000.0, ""op"": 736000000.0, ""op_prior"": 1116000000.0}], ""total"": null}"
140120260929541858,7487,2026-10-08T15:30,1,2026-08-31,ok,"{""segments"": [{""name"": ""不織布"", ""sales"": 2900639000.0, ""sales_prior"": 2601174000.0, ""op"": 312584000.0, ""op_prior"": 130150000.0}, {""name"": ""その他"", ""sales"": 73600000.0, ""sales_prior"": 77923000.0, ""op"": 20323000.0, ""op_prior"": 19730000.0}], ""total"": null}"
140120260929541653,7649,2026-10-08T15:30,2,2026-08-31,none,
140120260925540271,3824,2026-10-08T15:30,1,2026-08-31,ok,"{""segments"": [{""name"": ""ＳＥＳ事業"", ""sales"": 422145000.0, ""sales_prior"": 405558000.0, ""op"": 104112000.0, ""op_prior"": 109318000.0}, {""name"": ""ソリューション事業"", ""sales"": 51673000.0, ""sales_prior"": 32596000.0, ""op"": 19865000.0, ""op_prior"": 1763000.0}], ""total"": null}"
140120260924539741,7513,2026-10-08T15:30,4,2026-08-31,none,
140120260924539705,2341,2026-10-08T15:30,2,2026-08-31,ok,"{""segments"": [{""name"": ""人材サービス"", ""sales"": 2239001000.0, ""sales_prior"": 2176876000.0, ""op"": 537085000.0, ""op_prior"": 449972000.0}, {""name"": ""販促支援"", ""sales"": 204361000.0, ""sales_prior"": 230573000.0, ""op"": 34793000.0, ""op_prior"": 12402000.0}], ""total"": null}"
140120261007547428,8278,2026-10-08T15:00,2,2026-08-31,none,
140120260923539078,8203,2026-10-08T15:00,2,2026-08-31,none,
140120261007547290,4995,2026-10-08T14:00,3,2026-08-31,none,
140120261006546678,2303,2026-10-08T14:00,1,2026-08-31,none,
140120261001544866,8194,2026-10-08T11:30,2,2026-08-31,ok,"{""segments"": [{""name"": ""小売事業"", ""sales"": 449816000000.0, ""sales_prior"": 439931000000.0, ""op"": 12862000000.0, ""op_prior"": 13637000000.0}, {""name"": ""その他"", ""sales"": 1470000000.0, ""sales_prior"": 1463000000.0, ""op"": 240000000.0, ""op_prior"": 221000000.0}], ""total"": null}"
140120261007547344,428A,2026-10-07T16:00,4,2026-08-31,none,
140120261006546499,6407,2026-10-07T16:00,1,2026-06-30,ok,"{""segments"": [{""name"": ""自動機械部門"", ""sales"": 3036000000.0, ""sales_prior"": 4566000000.0, ""op"": 738000000.0, ""op_prior"": 1002000000.0}, {""name"": ""機器部門"", ""sales"": 46086000000.0, ""sales_prior"": 31701000000.0, ""op"": 8751000000.0, ""op_prior"": 4120000000.0}], ""total"": {""name"": ""合計"", ""sales"": 49108000000.0, ""sales_prior"": 36253000000.0, ""op"": 8032000000.0, ""op_prior"": 3772000000.0}}"
140120261007547128,6255,2026-10-07T15:30,4,2026-08-31,none,
140120261007547046,6093,2026-10-07T15:30,2,2026-08-31,ok,"{""segments"": [{""name"": ""金融ソリューション"", ""sales"": 1004384000.0, ""sales_prior"": 910267000.0, ""op"": 459913000.0, ""op_prior"": 418570000.0}, {""name"": ""不動産ソリューション"", ""sales"": 403672000.0, ""sales_prior"": 292807000.0, ""op"": -53547000.0, ""op_prior"": -84734000.0}, {""name"": ""建築ソリューション"", ""sales"": 718533000.0, ""sales_prior"": 665706000.0, ""op"": 77262000.0, ""op_prior"": 90376000.0}, {""name"": ""士業ソリューション"", ""sales"": 589136000.0, ""sales_prior"": 576336000.0, ""op"": 63942000.0, ""op_prior"": 57834000.0}], ""total"": null}"
140120261006546861,2918,2026-10-07T15:30,2,2026-08-31,ok,"{""segments"": [{""name"": ""食品関連事業"", ""sales"": 108636000000.0, ""sales_prior"": 107546000000.0, ""op"": 3729000000.0, ""op_prior"": 4950000000.0}, {""name"": ""食材関連事業"", ""sales"": 6034000000.0, ""sales_prior"": 5926000000.0, ""op"": 147000000.0, ""op_prior"": 289000000.0}, {""name"": ""物流関連事業"", ""sales"": 9844000000.0, ""sales_prior"": 9833000000.0, ""op"": 538000000.0, ""op_prior"": 542000000.0}], ""total"": null}"
140120261006546823,2670,2026-10-07T15:30,2,2026-08-31,ok,"{""segments"": [{""name"": ""国内"", ""sales"": 146342000000.0, ""sales_prior"": 139691000000.0, ""op"": 31875000000.0, ""op_prior"": 30361000000.0}, {""name"": ""海外"", ""sales"": 58692000000.0, ""sales_prior"": 52948000000.0, ""op"": 4299000000.0, ""op_prior"": 3269000000.0}], ""total"": null}"
140120261006546807,3391,2026-10-07T15:30,2,2026-08-31,none,
140120261006546368,9846,2026-10-07T15:30,2,2026-08-31,ok,"{""segments"": [{""name"": ""小売事業"", ""sales"": 25974167000.0, ""sales_prior"": 25620473000.0, ""op"": 812750000.0, ""op_prior"": 915800000.0}, {""name"": ""小売周辺事業"", ""sales"": 4450659000.0, ""sales_prior"": 4274141000.0, ""op"": 141289000.0, ""op_prior"": 153667000.0}], ""total"": null}"
140120261006546363,5932,2026-10-07T15:30,1,2026-08-31,ok,"{""segments"": [{""name"": ""建材事業"", ""sales"": 41684000000.0, ""sales_prior"": 42594000000.0, ""op"": -432000000.0, ""op_prior"": -1366000000.0}, {""name"": ""マテリアル事業"", ""sales"": 35446000000.0, ""sales_prior"": 25716000000.0, ""op"": 2421000000.0, ""op_prior"": 167000000.0}, {""name"": ""商業施設事業"", ""sales"": 10451000000.0, ""sales_prior"": 9970000000.0, ""op"": 162000000.0, ""op_prior"": -31000000.0}, {""name"": ""国際事業"", ""sales"": 24514000000.0, ""sales_prior"": 19522000000.0, ""op"": 532000000.0, ""op_prior"": 99000000.0}, {""name"": ""その他"", ""sales"": 55000000.0, ""sales_prior"": 100000000.0, ""op"": -18000000.0, ""op_prior"": -16000000.0}], ""total"": {""name"": ""合計"", ""sales"": 97268000000.0, ""sales_prior"": 85855000000.0, ""op"": 2641000000.0, ""op_prior"": -1164000000.0}}"
140120261002545176,8166,2026-10-07T15:30,2,2026-08-31,none,
140120261005546285,2734,2026-10-06T16:30,3,2026-08-31,ok,"{""segments"": [{""name"": ""エネルギー＆ソリューションズ事業"", ""sales"": 96120000000.0, ""sales_prior"": 95004000000.0, ""op"": 5039000000.0, ""op_prior"": 4633000000.0}, {""name"": ""エンジニアリング＆メンテナンス事業"", ""sales"": 32188000000.0, ""sales_prior"": 28989000000.0, ""op"": 2879000000.0, ""op_prior"": 2717000000.0}, {""name"": ""ハウジング事業"", ""sales"": 35058000000.0, ""sales_prior"": 31108000000.0, ""op"": 810000000.0, ""op_prior"": 214000000.0}, {""name"": ""カーライフサポート事業"", ""sales"": 12693000000.0, ""sales_prior"": 13185000000.0, ""op"": -307000000.0, ""op_prior"": -807000000.0}, {""name"": ""アニマルヘルスケア事業"", ""sales"": 18383000000.0, ""sales_prior"": 17865000000.0, ""op"": -293000000.0, ""op_prior"": -319000000.0}, {""name"": ""プロパティ事業"", ""sales"": 5145000000.0, ""sales_prior"": 5376000000.0, ""op"": 357000000.0, ""op_prior"": 63000000.0}, {""name"": ""その他"", ""sales"": 2092000000.0, ""sales_prior"": 2645000000.0, ""op"": 30000000.0, ""op_prior"": 14000000.0}], ""total"": null}"
140120261005546296,9444,2026-10-06T16:00,,,ok,"{""segments"": [{""name"": ""移動体通信関連事業"", ""sales"": 2439546000.0, ""sales_prior"": null, ""op"": 42363000.0, ""op_prior"": null}, {""name"": ""不動産事業"", ""sales"": 208746000.0, ""sales_prior"": null, ""op"": 94966000.0, ""op_prior"": null}, {""name"": ""リゾート事業"", ""sales"": 371829000.0, ""sales_prior"": null, ""op"": 23789000.0, ""op_prior"": null}, {""name"": ""その他"", ""sales"": 12864000.0, ""sales_prior"": null, ""op"": 1308000.0, ""op_prior"": null}], ""total"": null}"
140120261002545584,6469,2026-10-06T16:00,2,2026-08-31,none,
140120261006546607,5243,2026-10-06T15:30,3,2026-08-31,ok,"{""segments"": [{""name"": ""メディアプラットフォーム事業"", ""sales"": 3743134000.0, ""sales_prior"": 2996379000.0, ""op"": 886912000.0, ""op_prior"": 170391000.0}, {""name"": ""IP・コンテンツクリエーション事業"", ""sales"": 71337000.0, ""sales_prior"": 55465000.0, ""op"": -24658000.0, ""op_prior"": -8711000.0}, {""name"": ""AI関連事業"", ""sales"": 250727000.0, ""sales_prior"": null, ""op"": 27999000.0, ""op_prior"": null}], ""total"": {""name"": ""合計"", ""sales"": 4058063000.0, ""sales_prior"": 3046595000.0, ""op"": 849123000.0, ""op_prior"": 127310000.0}}"
140120261006546338,3396,2026-10-06T15:30,2,2026-08-31,none,
140120261005546065,2726,2026-10-06T15:30,2,2026-08-31,ok,"{""segments"": [{""name"": ""衣料事業"", ""sales"": 74475000000.0, ""sales_prior"": 70581000000.0, ""op"": 9424000000.0, ""op_prior"": 8947000000.0}, {""name"": ""雑貨事業"", ""sales"": 47366000000.0, ""sales_prior"": 46279000000.0, ""op"": 4814000000.0, ""op_prior"": 5137000000.0}, {""name"": ""その他"", ""sales"": 190000000.0, ""sales_prior"": 316000000.0, ""op"": 0.0, ""op_prior"": -20000000.0}], ""total"": null}"
140120261002544993,6496,2026-10-06T15:30,1,2026-08-31,none,
140120260930543256,1377,2026-10-06T15:30,1,2026-08-31,ok,"{""segments"": [{""name"": ""国内卸売事業"", ""sales"": 4658000000.0, ""sales_prior"": 4511000000.0, ""op"": 2453000000.0, ""op_prior"": 2298000000.0}, {""name"": ""海外卸売事業"", ""sales"": 19198000000.0, ""sales_prior"": 17423000000.0, ""op"": 3813000000.0, ""op_prior"": 5234000000.0}, {""name"": ""小売事業"", ""sales"": 932000000.0, ""sales_prior"": 942000000.0, ""op"": -153000000.0, ""op_prior"": -210000000.0}, {""name"": ""その他"", ""sales"": 1310000000.0, ""sales_prior"": 999000000.0, ""op"": 64000000.0, ""op_prior"": 20000000.0}], ""total"": {""name"": ""合計"", ""sales"": 24670000000.0, ""sales_prior"": 23005000000.0, ""op"": 3387000000.0, ""op_prior"": 4462000000.0}}"
140120261005545888,2659,2026-10-06T15:00,2,2026-08-31,none,
140120261006546359,8011,2026-10-06T11:00,2,2026-08-31,none,
140120261002545592,4390,2026-10-05T17:05,1,2026-06-30,ok,"{""segments"": [{""name"": ""国際通信事業"", ""sales"": 2968000000.0, ""sales_prior"": 2426000000.0, ""op"": 1116000000.0, ""op_prior"": 944000000.0}, {""name"": ""国内通信事業"", ""sales"": 552000000.0, ""sales_prior"": 630000000.0, ""op"": 50000000.0, ""op_prior"": 133000000.0}, {""name"": ""メディカル＆ヘルスケア事業"", ""sales"": 419000000.0, ""sales_prior"": 381000000.0, ""op"": 31000000.0, ""op_prior"": -29000000.0}], ""total"": null}"
140120261005545900,9558,2026-10-05T15:30,3,2026-08-31,none,
140120261005545816,7630,2026-10-05T15:30,2,2026-08-31,none,
140120261003544976,9793,2026-10-05T15:30,2,2026-08-31,none,
140120261002545556,3498,2026-10-05T15:30,4,2026-08-31,none,
140120261002545520,3148,2026-10-05T15:30,1,2026-08-31,none,
140120261002545509,6474,2026-10-05T15:30,3,2026-08-31,ok,"{""segments"": [{""name"": ""機械工具"", ""sales"": 61574000000.0, ""sales_prior"": 55298000000.0, ""op"": 3810000000.0, ""op_prior"": 2498000000.0}, {""name"": ""部品"", ""sales"": 117161000000.0, ""sales_prior"": 108640000000.0, ""op"": 5950000000.0, ""op_prior"": 3700000000.0}, {""name"": ""その他"", ""sales"": 18088000000.0, ""sales_prior"": 14341000000.0, ""op"": 1637000000.0, ""op_prior"": 403000000.0}], ""total"": null}"
140120261002545461,3186,2026-10-05T15:30,3,2026-08-31,none,
140120261002545369,2789,2026-10-05T15:30,2,2026-08-31,none,
140120261001544846,3612,2026-10-05T15:30,2,2026-08-31,ok,"{""segments"": [{""name"": ""B2C事業"", ""sales"": 108403000000.0, ""sales_prior"": 100220000000.0, ""op"": 4595000000.0, ""op_prior"": 4866000000.0}, {""name"": ""B2B事業"", ""sales"": 49845000000.0, ""sales_prior"": 48267000000.0, ""op"": 3136000000.0, ""op_prior"": 2889000000.0}, {""name"": ""共通部門"", ""sales"": 7284000000.0, ""sales_prior"": 7400000000.0, ""op"": 605000000.0, ""op_prior"": 580000000.0}], ""total"": null}"
140120260925540070,7679,2026-10-05T15:30,2,2026-08-31,none,
140120260908533161,3377,2026-10-05T15:30,3,2026-08-31,none,
140120261005545693,8923,2026-10-05T14:30,3,2026-08-31,ok,"{""segments"": [{""name"": ""不動産再生事業"", ""sales"": 60678969000.0, ""sales_prior"": 37922962000.0, ""op"": 12216534000.0, ""op_prior"": 6709096000.0}, {""name"": ""不動産開発事業"", ""sales"": 13362784000.0, ""sales_prior"": 21861882000.0, ""op"": 3020569000.0, ""op_prior"": 6024234000.0}, {""name"": ""不動産賃貸事業"", ""sales"": 7502859000.0, ""sales_prior"": 6682852000.0, ""op"": 4429999000.0, ""op_prior"": 3640125000.0}, {""name"": ""不動産ファンド・コンサルティング事業"", ""sales"": 6902639000.0, ""sales_prior"": 6930014000.0, ""op"": 4170464000.0, ""op_prior"": 4430088000.0}, {""name"": ""不動産管理事業"", ""sales"": 6911830000.0, ""sales_prior"": 6652572000.0, ""op"": 873753000.0, ""op_prior"": 867471000.0}, {""name"": ""ホテル事業"", ""sales"": 5759791000.0, ""sales_prior"": 5278598000.0, ""op"": 1869854000.0, ""op_prior"": 2062037000.0}], ""total"": {""name"": ""合計"", ""sales"": 99604804000.0, ""sales_prior"": 83961485000.0, ""op"": 23445115000.0, ""op_prior"": 20798466000.0}}"
140120261005545843,2300,2026-10-05T14:00,2,2026-08-31,none,
140120261001544712,1376,2026-10-05T13:00,1,2026-08-31,ok,"{""segments"": [{""name"": ""種苗事業"", ""sales"": 2355668000.0, ""sales_prior"": 2299602000.0, ""op"": 271072000.0, ""op_prior"": 259311000.0}, {""name"": ""花き事業"", ""sales"": 1431300000.0, ""sales_prior"": 1451689000.0, ""op"": -75415000.0, ""op_prior"": -68430000.0}, {""name"": ""農材事業"", ""sales"": 8293076000.0, ""sales_prior"": 8569834000.0, ""op"": 435445000.0, ""op_prior"": 451477000.0}, {""name"": ""施設材事業"", ""sales"": 3615362000.0, ""sales_prior"": 3216873000.0, ""op"": 108981000.0, ""op_prior"": 51145000.0}], ""total"": null}"
140120260926540626,2753,2026-10-05T09:00,2,2026-09-30,none,
140120261002545339,9872,2026-10-02T16:00,3,2026-08-20,none,
140120261002545289,4475,2026-10-02T16:00,3,2026-06-30,none,
140120261001544680,6279,2026-10-02T16:00,2,2026-08-20,ok,"{""segments"": [{""name"": ""衛生用品製造機械事業"", ""sales"": 8656891000.0, ""sales_prior"": 10301181000.0, ""op"": -227136000.0, ""op_prior"": 408831000.0}, {""name"": ""コットンスパンレース事業"", ""sales"": 2089840000.0, ""sales_prior"": 47121000.0, ""op"": 3632000.0, ""op_prior"": -19328000.0}, {""name"": ""その他"", ""sales"": 152622000.0, ""sales_prior"": 144966000.0, ""op"": -3033000.0, ""op_prior"": -3101000.0}], ""total"": null}"
140120260903531293,5076,2026-10-02T16:00,1,2026-06-30,ok,"{""segments"": [{""name"": ""建築事業"", ""sales"": 138104000000.0, ""sales_prior"": 82507000000.0, ""op"": 7235000000.0, ""op_prior"": 3028000000.0}, {""name"": ""土木事業"", ""sales"": 85722000000.0, ""sales_prior"": 33592000000.0, ""op"": 5845000000.0, ""op_prior"": 1705000000.0}, {""name"": ""舗装事業"", ""sales"": 69507000000.0, ""sales_prior"": 60808000000.0, ""op"": 3483000000.0, ""op_prior"": 2566000000.0}, {""name"": ""機械事業"", ""sales"": 9523000000.0, ""sales_prior"": 9039000000.0, ""op"": 48000000.0, ""op_prior"": 142000000.0}, {""name"": ""インフラ運営事業"", ""sales"": 7622000000.0, ""sales_prior"": 8385000000.0, ""op"": -1492000000.0, ""op_prior"": -591000000.0}, {""name"": ""その他"", ""sales"": 955000000.0, ""sales_prior"": 1390000000.0, ""op"": -174000000.0, ""op_prior"": 237000000.0}], ""total"": {""name"": ""合計"", ""sales"": 308365000000.0, ""sales_prior"": 191630000000.0, ""op"": 14398000000.0, ""op_prior"": 6662000000.0}}"
140120261002545403,6664,2026-10-02T15:30,3,2026-08-31,ok,"{""segments"": [{""name"": ""日本"", ""sales"": 3336948000.0, ""sales_prior"": 2873124000.0, ""op"": 256370000.0, ""op_prior"": 101061000.0}, {""name"": ""米国"", ""sales"": 721788000.0, ""sales_prior"": 932448000.0, ""op"": -244188000.0, ""op_prior"": -171913000.0}, {""name"": ""欧州・アジア他"", ""sales"": 1660483000.0, ""sales_prior"": 1657392000.0, ""op"": -127827000.0, ""op_prior"": -85635000.0}], ""total"": null}"
140120261002545223,3321,2026-10-02T15:30,1,2026-08-31,ok,"{""segments"": [{""name"": ""国内事業部門"", ""sales"": 26793925000.0, ""sales_prior"": 23326415000.0, ""op"": 561530000.0, ""op_prior"": 603167000.0}, {""name"": ""海外事業部門"", ""sales"": 5818370000.0, ""sales_prior"": 5252317000.0, ""op"": 272659000.0, ""op_prior"": 261195000.0}], ""total"": null}"
140120261002545115,7870,2026-10-02T15:30,4,2026-08-20,none,
140120261002545036,8931,2026-10-02T15:30,2,2026-08-31,ok,"{""segments"": [{""name"": ""分譲マンション販売"", ""sales"": 16266455000.0, ""sales_prior"": 18370376000.0, ""op"": 1482393000.0, ""op_prior"": 2504168000.0}, {""name"": ""戸建て住宅販売"", ""sales"": 788307000.0, ""sales_prior"": 580361000.0, ""op"": 80000000.0, ""op_prior"": -19093000.0}, {""name"": ""その他不動産販売"", ""sales"": 3321739000.0, ""sales_prior"": 1545700000.0, ""op"": 551359000.0, ""op_prior"": 265373000.0}, {""name"": ""不動産賃貸収入"", ""sales"": 1679407000.0, ""sales_prior"": 1652751000.0, ""op"": 445516000.0, ""op_prior"": 574313000.0}, {""name"": ""その他"", ""sales"": 126708000.0, ""sales_prior"": 33804000.0, ""op"": 44796000.0, ""op_prior"": 13532000.0}], ""total"": null}"
140120261002545010,7975,2026-10-02T15:30,2,2026-08-31,ok,"{""segments"": [{""name"": ""事務用品等事業"", ""sales"": 4619221000.0, ""sales_prior"": 4665283000.0, ""op"": 53923000.0, ""op_prior"": 171022000.0}, {""name"": ""不動産賃貸事業"", ""sales"": 228598000.0, ""sales_prior"": 215201000.0, ""op"": 46445000.0, ""op_prior"": -23385000.0}], ""total"": null}"
140120261001544930,275A,2026-10-02T15:30,2,2026-08-20,none,
140120260930543358,4394,2026-10-02T15:30,3,2026-08-31,none,
140120260928540855,7965,2026-10-02T15:30,3,2026-08-20,none,
140120261002545200,7611,2026-10-02T15:00,2,2026-08-31,none,
140120260923539086,3035,2026-10-02T14:00,4,2026-08-20,ok,"{""segments"": [{""name"": ""サプライ事業"", ""sales"": 15446798000.0, ""sales_prior"": 14619341000.0, ""op"": 954145000.0, ""op_prior"": 832003000.0}, {""name"": ""ITソリューション事業"", ""sales"": 4995156000.0, ""sales_prior"": 4559322000.0, ""op"": 220615000.0, ""op_prior"": 160792000.0}], ""total"": null}"
140120261001544401,2493,2026-10-01T15:30,3,2026-08-31,ok,"{""segments"": [{""name"": ""オペレーション支援事業"", ""sales"": 3059390000.0, ""sales_prior"": 2991022000.0, ""op"": 980544000.0, ""op_prior"": 958273000.0}, {""name"": ""農業支援事業"", ""sales"": 1846042000.0, ""sales_prior"": 1751673000.0, ""op"": -179489000.0, ""op_prior"": -157673000.0}], ""total"": null}"
140120260930543766,7447,2026-10-01T15:30,4,2026-08-31,none,
140120260930543566,3549,2026-10-01T15:30,1,2026-08-20,none,
140120260928541537,7545,2026-10-01T15:30,2,2026-08-20,none,
140120260930543301,5942,2026-10-01T14:00,3,2026-08-31,ok,"{""segments"": [{""name"": ""産業用機能フィルター・コンベア事業"", ""sales"": 15434796000.0, ""sales_prior"": 14601389000.0, ""op"": 1048988000.0, ""op_prior"": 728337000.0}, {""name"": ""電子部材・フォトマスク事業"", ""sales"": 3702302000.0, ""sales_prior"": 3321760000.0, ""op"": 812603000.0, ""op_prior"": 245598000.0}, {""name"": ""環境・水処理関連事業"", ""sales"": 1754331000.0, ""sales_prior"": 1439796000.0, ""op"": 82982000.0, ""op_prior"": -36284000.0}, {""name"": ""不動産賃貸事業"", ""sales"": 783462000.0, ""sales_prior"": 782393000.0, ""op"": 580712000.0, ""op_prior"": 584231000.0}], ""total"": {""name"": ""合計"", ""sales"": 21654743000.0, ""sales_prior"": 20116395000.0, ""op"": 1426832000.0, ""op_prior"": 552488000.0}}"
140120260930542868,8276,2026-10-01T13:30,2,2026-08-20,ok,"{""segments"": [{""name"": ""小売"", ""sales"": 219857000000.0, ""sales_prior"": 213487000000.0, ""op"": 7748000000.0, ""op_prior"": 6842000000.0}, {""name"": ""小売周辺"", ""sales"": 30717000000.0, ""sales_prior"": 28256000000.0, ""op"": 958000000.0, ""op_prior"": 883000000.0}, {""name"": ""その他"", ""sales"": 8714000000.0, ""sales_prior"": 8444000000.0, ""op"": 410000000.0, ""op_prior"": 553000000.0}], ""total"": null}"
140120260930543649,4069,2026-09-30T18:00,4,2026-03-31,none,
140120260929542371,9369,2026-09-30T17:00,3,2026-08-31,ok,"{""segments"": [{""name"": ""共同物流事業"", ""sales"": 105243000000.0, ""sales_prior"": 102787000000.0, ""op"": 2012000000.0, ""op_prior"": 2231000000.0}, {""name"": ""専用物流事業"", ""sales"": 31005000000.0, ""sales_prior"": 30812000000.0, ""op"": 1008000000.0, ""op_prior"": 1114000000.0}, {""name"": ""関連事業"", ""sales"": 26063000000.0, ""sales_prior"": 23189000000.0, ""op"": 1363000000.0, ""op_prior"": 1080000000.0}], ""total"": null}"
140120260930543478,6594,2026-09-30T16:30,4,2026-03-31,ok,"{""segments"": [{""name"": ""SPMS"", ""sales"": 406983000000.0, ""sales_prior"": 395695000000.0, ""op"": 62844000000.0, ""op_prior"": 44386000000.0}, {""name"": ""AMEC"", ""sales"": 370083000000.0, ""sales_prior"": 354953000000.0, ""op"": -25089000000.0, ""op_prior"": 53000000.0}, {""name"": ""MOEN"", ""sales"": 706529000000.0, ""sales_prior"": 577832000000.0, ""op"": -72573000000.0, ""op_prior"": 68919000000.0}, {""name"": ""ACIM"", ""sales"": 443991000000.0, ""sales_prior"": 467849000000.0, ""op"": -289333000000.0, ""op_prior"": 35668000000.0}, {""name"": ""機械事業"", ""sales"": 211588000000.0, ""sales_prior"": 216890000000.0, ""op"": -13827000000.0, ""op_prior"": -84926000000.0}, {""name"": ""グループ会社事業"", ""sales"": 635347000000.0, ""sales_prior"": 666073000000.0, ""op"": -131711000000.0, ""op_prior"": 79175000000.0}], ""total"": null}"
140120260929542486,6594,2026-09-30T16:30,3,2025-12-31,ok,"{""segments"": [{""name"": ""SPMS"", ""sales"": 297625000000.0, ""sales_prior"": 299163000000.0, ""op"": 45361000000.0, ""op_prior"": 32333000000.0}, {""name"": ""AMEC"", ""sales"": 275079000000.0, ""sales_prior"": 267390000000.0, ""op"": -5517000000.0, ""op_prior"": 4653000000.0}, {""name"": ""MOEN"", ""sales"": 503774000000.0, ""sales_prior"": 422142000000.0, ""op"": 27852000000.0, ""op_prior"": 50433000000.0}, {""name"": ""ACIM"", ""sales"": 327012000000.0, ""sales_prior"": 346977000000.0, ""op"": 14585000000.0, ""op_prior"": 23774000000.0}, {""name"": ""機械事業"", ""sales"": 154579000000.0, ""sales_prior"": 158906000000.0, ""op"": 155000000.0, ""op_prior"": 5039000000.0}, {""name"": ""グループ会社事業"", ""sales"": 478073000000.0, ""sales_prior"": 501454000000.0, ""op"": 53030000000.0, ""op_prior"": 58169000000.0}], ""total"": {""name"": ""合計"", ""sales"": 1986357000000.0, ""sales_prior"": 1940501000000.0, ""op"": 115735000000.0, ""op_prior"": 162339000000.0}}"
140120260929542433,6908,2026-09-30T16:00,4,2026-03-31,ok,"{""segments"": [{""name"": ""日本"", ""sales"": 39958000000.0, ""sales_prior"": 40276000000.0, ""op"": 2387000000.0, ""op_prior"": 4378000000.0}, {""name"": ""アジア"", ""sales"": 60536000000.0, ""sales_prior"": 54236000000.0, ""op"": 6008000000.0, ""op_prior"": 3391000000.0}, {""name"": ""欧州"", ""sales"": 9796000000.0, ""sales_prior"": 9173000000.0, ""op"": 500000000.0, ""op_prior"": 10000000.0}, {""name"": ""北米"", ""sales"": 4791000000.0, ""sales_prior"": 5732000000.0, ""op"": -0.0, ""op_prior"": 83000000.0}], ""total"": null}"
140120260929542301,9265,2026-09-30T16:00,1,2026-08-31,ok,"{""segments"": [{""name"": ""医療機器販売業"", ""sales"": 14973000000.0, ""sales_prior"": 15006000000.0, ""op"": 212000000.0, ""op_prior"": 357000000.0}, {""name"": ""医療機器製造・販売業"", ""sales"": 54000000.0, ""sales_prior"": 54000000.0, ""op"": -20000000.0, ""op_prior"": -63000000.0}, {""name"": ""医療モール事業"", ""sales"": 17000000.0, ""sales_prior"": 17000000.0, ""op"": 1000000.0, ""op_prior"": 1000000.0}], ""total"": {""name"": ""合計"", ""sales"": 15045000000.0, ""sales_prior"": 15078000000.0, ""op"": -131000000.0, ""op_prior"": 36000000.0}}"
140120260929541700,2354,2026-09-30T16:00,2,2026-08-31,none,
140120260930542803,2935,2026-09-30T15:50,2,2026-08-31,none,
140120260929542483,192A,2026-09-30T15:30,1,2026-08-31,none,
140120260929542396,3089,2026-09-30T15:30,3,2026-08-31,ok,"{""segments"": [{""name"": ""エレクトロニクス事業"", ""sales"": 1942534000.0, ""sales_prior"": 1388647000.0, ""op"": 162047000.0, ""op_prior"": 93243000.0}, {""name"": ""マリン・環境機器事業"", ""sales"": 295287000.0, ""sales_prior"": 969943000.0, ""op"": 28285000.0, ""op_prior"": 442135000.0}, {""name"": ""ＳＩ事業"", ""sales"": 713351000.0, ""sales_prior"": 586933000.0, ""op"": 109350000.0, ""op_prior"": 64384000.0}, {""name"": ""サイエンス事業"", ""sales"": 84912000.0, ""sales_prior"": 104644000.0, ""op"": -23026000.0, ""op_prior"": -12444000.0}], ""total"": null}"
140120260929542307,2685,2026-09-30T15:30,2,2026-08-31,ok,"{""segments"": [{""name"": ""アパレル・雑貨関連事業"", ""sales"": 144192000000.0, ""sales_prior"": 141425000000.0, ""op"": 11110000000.0, ""op_prior"": 7776000000.0}, {""name"": ""その他"", ""sales"": 8042000000.0, ""sales_prior"": 7958000000.0, ""op"": -43000000.0, ""op_prior"": 13000000.0}], ""total"": null}"
140120260929542224,9651,2026-09-30T15:30,1,2026-08-31,ok,"{""segments"": [{""name"": ""制御システム"", ""sales"": 525698000.0, ""sales_prior"": 397824000.0, ""op"": 148007000.0, ""op_prior"": 94634000.0}, {""name"": ""自動車システム"", ""sales"": 574280000.0, ""sales_prior"": 651581000.0, ""op"": 91187000.0, ""op_prior"": 168806000.0}, {""name"": ""特定情報システム"", ""sales"": 522479000.0, ""sales_prior"": 429868000.0, ""op"": 150935000.0, ""op_prior"": 107416000.0}, {""name"": ""組込システム"", ""sales"": 517619000.0, ""sales_prior"": 432614000.0, ""op"": 124869000.0, ""op_prior"": 89138000.0}, {""name"": ""産業・ICTソリューション"", ""sales"": 849199000.0, ""sales_prior"": 840624000.0, ""op"": 155642000.0, ""op_prior"": 161643000.0}], ""total"": null}"
140120260929541752,7915,2026-09-30T15:30,2,2026-06-30,ok,"{""segments"": [{""name"": ""産業資材"", ""sales"": 41210000000.0, ""sales_prior"": 37622000000.0, ""op"": 1519000000.0, ""op_prior"": 2107000000.0}, {""name"": ""ディバイス"", ""sales"": 22874000000.0, ""sales_prior"": 29761000000.0, ""op"": -6050000000.0, ""op_prior"": 1097000000.0}, {""name"": ""メディカル"", ""sales"": 29034000000.0, ""sales_prior"": 26886000000.0, ""op"": 1905000000.0, ""op_prior"": 1715000000.0}, {""name"": ""その他"", ""sales"": 3542000000.0, ""sales_prior"": 3383000000.0, ""op"": -12000000.0, ""op_prior"": -400000000.0}], ""total"": null}"
140120260928541539,2975,2026-09-30T15:30,3,2026-08-31,ok,"{""segments"": [{""name"": ""リノベマンション事業"", ""sales"": 62560563000.0, ""sales_prior"": 47052648000.0, ""op"": 8740376000.0, ""op_prior"": 5407061000.0}, {""name"": ""インベストメント事業"", ""sales"": 1393489000.0, ""sales_prior"": 776115000.0, ""op"": 149666000.0, ""op_prior"": 131746000.0}, {""name"": ""アドバイザリー事業"", ""sales"": 2148219000.0, ""sales_prior"": 1371549000.0, ""op"": 1521369000.0, ""op_prior"": 807131000.0}], ""total"": null}"
140120260928540983,6083,2026-09-30T15:30,1,2026-08-31,ok,"{""segments"": [{""name"": ""確認検査及び住宅性能評価関連事業"", ""sales"": 4673968000.0, ""sales_prior"": 4395476000.0, ""op"": 1059504000.0, ""op_prior"": 918132000.0}, {""name"": ""インフラストック及び環境関連事業"", ""sales"": 1096483000.0, ""sales_prior"": 928319000.0, ""op"": -100788000.0, ""op_prior"": -39829000.0}, {""name"": ""その他"", ""sales"": 91012000.0, ""sales_prior"": 76266000.0, ""op"": -15986000.0, ""op_prior"": -9279000.0}], ""total"": {""name"": ""合計"", ""sales"": 5847659000.0, ""sales_prior"": 5383957000.0, ""op"": 942728000.0, ""op_prior"": 868413000.0}}"
140120260925540585,7485,2026-09-30T11:30,2,2026-08-31,ok,"{""segments"": [{""name"": ""鉄鋼"", ""sales"": 190255000000.0, ""sales_prior"": 193968000000.0, ""op"": 5331000000.0, ""op_prior"": 6564000000.0}, {""name"": ""情報・電機"", ""sales"": 224485000000.0, ""sales_prior"": 188157000000.0, ""op"": 7449000000.0, ""op_prior"": 7275000000.0}, {""name"": ""産業資材"", ""sales"": 173134000000.0, ""sales_prior"": 155710000000.0, ""op"": 6543000000.0, ""op_prior"": 5233000000.0}, {""name"": ""生活産業"", ""sales"": 47194000000.0, ""sales_prior"": 40167000000.0, ""op"": 2081000000.0, ""op_prior"": 1540000000.0}], ""total"": null}"
140120260928541531,3038,2026-09-29T16:30,3,2026-07-31,ok,"{""segments"": [{""name"": ""業務スーパー事業"", ""sales"": 421957000000.0, ""sales_prior"": 401178000000.0, ""op"": 34285000000.0, ""op_prior"": 32782000000.0}, {""name"": ""外食・中食事業"", ""sales"": 14326000000.0, ""sales_prior"": 12673000000.0, ""op"": 947000000.0, ""op_prior"": 842000000.0}, {""name"": ""エコ再生エネルギー事業"", ""sales"": 3331000000.0, ""sales_prior"": 3474000000.0, ""op"": 919000000.0, ""op_prior"": 750000000.0}, {""name"": ""その他"", ""sales"": 35000000.0, ""sales_prior"": 31000000.0, ""op"": -26000000.0, ""op_prior"": -13000000.0}], ""total"": null}"
140120260928541390,9976,2026-09-29T16:00,2,2026-08-20,ok,"{""segments"": [{""name"": ""ホームセンター事業"", ""sales"": null, ""sales_prior"": null, ""op"": 408363000.0, ""op_prior"": 301201000.0}, {""name"": ""不動産賃貸事業"", ""sales"": null, ""sales_prior"": null, ""op"": 228746000.0, ""op_prior"": 222410000.0}], ""total"": null}"
140120260929541758,7068,2026-09-29T15:30,1,2026-08-31,ok,"{""segments"": [{""name"": ""プロフェッショナルサービス事業"", ""sales"": 745000000.0, ""sales_prior"": 751000000.0, ""op"": 303000000.0, ""op_prior"": 353000000.0}, {""name"": ""SaaS事業"", ""sales"": 375000000.0, ""sales_prior"": 336000000.0, ""op"": 159000000.0, ""op_prior"": 114000000.0}, {""name"": ""DX事業"", ""sales"": 191000000.0, ""sales_prior"": 116000000.0, ""op"": 74000000.0, ""op_prior"": 14000000.0}], ""total"": null}"
140120260929541616,3050,2026-09-29T15:30,2,2026-08-31,ok,"{""segments"": [{""name"": ""ホームセンター事業"", ""sales"": 262789000000.0, ""sales_prior"": 246578000000.0, ""op"": 21080000000.0, ""op_prior"": 20924000000.0}, {""name"": ""エクスプライス事業"", ""sales"": 43364000000.0, ""sales_prior"": 34984000000.0, ""op"": 1213000000.0, ""op_prior"": 573000000.0}, {""name"": ""その他"", ""sales"": 7574000000.0, ""sales_prior"": 5702000000.0, ""op"": 6872000000.0, ""op_prior"": 5118000000.0}], ""total"": null}"
140120260928541154,9253,2026-09-29T15:30,2,2026-08-31,none,
140120260928540923,2792,2026-09-29T15:30,1,2026-08-31,ok,"{""segments"": [{""name"": ""日本"", ""sales"": 12968682000.0, ""sales_prior"": 13899608000.0, ""op"": 574172000.0, ""op_prior"": 1200566000.0}, {""name"": ""ミャンマー"", ""sales"": 520706000.0, ""sales_prior"": 618108000.0, ""op"": -198733000.0, ""op_prior"": 52934000.0}], ""total"": null}"
140120260928541251,3607,2026-09-29T15:00,4,2026-08-31,none,
140120260928540809,7921,2026-09-29T15:00,1,2026-08-31,ok,"{""segments"": [{""name"": ""ディスクロージャー関連事業"", ""sales"": 7517851000.0, ""sales_prior"": 6874183000.0, ""op"": 2028003000.0, ""op_prior"": 1497167000.0}, {""name"": ""通訳・翻訳事業"", ""sales"": 2344206000.0, ""sales_prior"": 2563110000.0, ""op"": 86349000.0, ""op_prior"": 169146000.0}], ""total"": {""name"": ""合計"", ""sales"": 9512563000.0, ""sales_prior"": 9086026000.0, ""op"": 2125883000.0, ""op_prior"": 1706059000.0}}"
140120260925540554,8217,2026-09-29T13:00,2,2026-08-20,none,
140120260925540547,1723,2026-09-28T16:00,1,2026-06-30,ok,"{""segments"": [{""name"": ""空調計装関連事業"", ""sales"": 7667000000.0, ""sales_prior"": 7546000000.0, ""op"": 2829000000.0, ""op_prior"": 2483000000.0}, {""name"": ""産業システム関連事業"", ""sales"": 1028000000.0, ""sales_prior"": 878000000.0, ""op"": 209000000.0, ""op_prior"": 106000000.0}], ""total"": null}"
140120260917537930,7624,2026-09-28T16:00,2,2026-08-31,none,
140120260927540636,8227,2026-09-28T15:30,2,2026-08-20,ok,"{""segments"": [{""name"": ""日本"", ""sales"": 351807000000.0, ""sales_prior"": 338999000000.0, ""op"": 32683000000.0, ""op_prior"": 31256000000.0}, {""name"": ""海外"", ""sales"": 5452000000.0, ""sales_prior"": 4577000000.0, ""op"": 445000000.0, ""op_prior"": 204000000.0}], ""total"": null}"
140120260925540241,4465,2026-09-25T15:30,1,2026-08-31,ok,"{""segments"": [{""name"": ""ケミカル事業"", ""sales"": 6156710000.0, ""sales_prior"": 5642919000.0, ""op"": 574954000.0, ""op_prior"": 468631000.0}, {""name"": ""ヘルスケア事業"", ""sales"": 177301000.0, ""sales_prior"": 363537000.0, ""op"": 10479000.0, ""op_prior"": 113931000.0}], ""total"": null}"
140120260925539958,2742,2026-09-25T15:30,2,2026-08-31,none,
140120260924539807,2778,2026-09-25T15:30,2,2026-08-20,none,
140120260925540214,3333,2026-09-25T13:00,2,2026-08-20,none,
140120260923539060,7227,2026-09-24T15:30,3,2026-08-31,ok,"{""segments"": [{""name"": ""自動車部品事業"", ""sales"": 27654081000.0, ""sales_prior"": 26797337000.0, ""op"": 1168734000.0, ""op_prior"": 928676000.0}, {""name"": ""制御システム事業"", ""sales"": 2156200000.0, ""sales_prior"": 2555954000.0, ""op"": -42681000.0, ""op_prior"": 87477000.0}, {""name"": ""ロボットシステム事業"", ""sales"": 3995317000.0, ""sales_prior"": 3917848000.0, ""op"": 428945000.0, ""op_prior"": 339823000.0}, {""name"": ""モータースポーツ事業"", ""sales"": 1214062000.0, ""sales_prior"": 1000750000.0, ""op"": 107541000.0, ""op_prior"": 29442000.0}, {""name"": ""賃貸及び太陽光事業"", ""sales"": 434012000.0, ""sales_prior"": 406559000.0, ""op"": 94655000.0, ""op_prior"": 72665000.0}], ""total"": null}"
140120260918538541,3160,2026-09-24T15:30,1,2026-08-31,ok,"{""segments"": [{""name"": ""外商事業"", ""sales"": 14236121000.0, ""sales_prior"": 12401842000.0, ""op"": 99992000.0, ""op_prior"": 102561000.0}, {""name"": ""アミカ事業"", ""sales"": 5782454000.0, ""sales_prior"": 5714636000.0, ""op"": 145089000.0, ""op_prior"": 196783000.0}, {""name"": ""水産品事業"", ""sales"": 624233000.0, ""sales_prior"": 735805000.0, ""op"": 1578000.0, ""op_prior"": 5144000.0}, {""name"": ""その他"", ""sales"": 4647000.0, ""sales_prior"": 5142000.0, ""op"": 2914000.0, ""op_prior"": 3517000.0}], ""total"": null}"
140120260916537545,4716,2026-09-24T15:30,1,2026-08-31,ok,"{""segments"": [{""name"": ""クラウド＆ライセンス"", ""sales"": 64884000000.0, ""sales_prior"": 56539000000.0, ""op"": 24627000000.0, ""op_prior"": 21159000000.0}, {""name"": ""ハードウェア・システムズ"", ""sales"": 3811000000.0, ""sales_prior"": 3463000000.0, ""op"": 59000000.0, ""op_prior"": 124000000.0}, {""name"": ""サービス"", ""sales"": 6165000000.0, ""sales_prior"": 6272000000.0, ""op"": 1857000000.0, ""op_prior"": 1350000000.0}], ""total"": {""name"": ""合計"", ""sales"": 74861000000.0, ""sales_prior"": 66275000000.0, ""op"": 25918000000.0, ""op_prior"": 21128000000.0}}"
140120260916536983,9444,2026-09-24T14:00,,,ok,"{""segments"": [{""name"": ""移動体通信関連事業"", ""sales"": 281106000.0, ""sales_prior"": 15417518000.0, ""op"": -18191000.0, ""op_prior"": 182895000.0}, {""name"": ""不動産事業"", ""sales"": 16181000.0, ""sales_prior"": 837785000.0, ""op"": 7238000.0, ""op_prior"": 304198000.0}, {""name"": ""リゾート事業"", ""sales"": 41798000.0, ""sales_prior"": 1528892000.0, ""op"": 10536000.0, ""op_prior"": 216024000.0}, {""name"": ""その他"", ""sales"": 1865000.0, ""sales_prior"": 10952000.0, ""op"": -388000.0, ""op_prior"": -18675000.0}], ""total"": null}"
140120260918538569,3544,2026-09-18T15:30,1,2026-08-15,ok,"{""segments"": [{""name"": ""リテール事業"", ""sales"": 24723000000.0, ""sales_prior"": 25038000000.0, ""op"": -196000000.0, ""op_prior"": 109000000.0}, {""name"": ""マーケティング事業"", ""sales"": 539000000.0, ""sales_prior"": 498000000.0, ""op"": -17000000.0, ""op_prior"": 2000000.0}, {""name"": ""その他"", ""sales"": 61000000.0, ""sales_prior"": 51000000.0, ""op"": 10000000.0, ""op_prior"": 10000000.0}], ""total"": {""name"": ""合計"", ""sales"": 25240000000.0, ""sales_prior"": 25478000000.0, ""op"": -157000000.0, ""op_prior"": 163000000.0}}"
140120260917538268,8798,2026-09-18T15:30,3,2026-06-30,ok,"{""segments"": [{""name"": ""保険代理店事業"", ""sales"": 3425405000.0, ""sales_prior"": 3515651000.0, ""op"": -336954000.0, ""op_prior"": -974058000.0}, {""name"": ""ASP事業"", ""sales"": 221076000.0, ""sales_prior"": 224206000.0, ""op"": 75631000.0, ""op_prior"": 87258000.0}, {""name"": ""メディア事業"", ""sales"": 198198000.0, ""sales_prior"": 693125000.0, ""op"": 21952000.0, ""op_prior"": 134940000.0}, {""name"": ""メディアレップ事業"", ""sales"": 868064000.0, ""sales_prior"": 365991000.0, ""op"": -85315000.0, ""op_prior"": -26791000.0}, {""name"": ""再保険事業"", ""sales"": 789701000.0, ""sales_prior"": 765854000.0, ""op"": 35684000.0, ""op_prior"": 47980000.0}], ""total"": null}"
140120260917537642,6905,2026-09-18T11:30,1,2026-08-20,ok,"{""segments"": [{""name"": ""日本生産販売事業"", ""sales"": 6007000000.0, ""sales_prior"": 3383000000.0, ""op"": 535000000.0, ""op_prior"": -291000000.0}, {""name"": ""北米販売事業"", ""sales"": 569000000.0, ""sales_prior"": 313000000.0, ""op"": 80000000.0, ""op_prior"": -15000000.0}, {""name"": ""ヨーロッパ生産販売事業"", ""sales"": 1515000000.0, ""sales_prior"": 1520000000.0, ""op"": -207000000.0, ""op_prior"": -184000000.0}, {""name"": ""アジア販売事業"", ""sales"": 922000000.0, ""sales_prior"": 589000000.0, ""op"": 61000000.0, ""op_prior"": 17000000.0}, {""name"": ""中国生産事業"", ""sales"": 876000000.0, ""sales_prior"": 380000000.0, ""op"": 73000000.0, ""op_prior"": -13000000.0}], ""total"": null}"
140120260916537124,2796,2026-09-17T16:30,1,2026-08-31,ok,"{""segments"": [{""name"": ""調剤薬局事業"", ""sales"": 14474000000.0, ""sales_prior"": 14151000000.0, ""op"": 158000000.0, ""op_prior"": 235000000.0}, {""name"": ""物販事業"", ""sales"": 2060000000.0, ""sales_prior"": 2079000000.0, ""op"": -33000000.0, ""op_prior"": -4000000.0}, {""name"": ""医学資料保管・管理事業"", ""sales"": 138000000.0, ""sales_prior"": 157000000.0, ""op"": 4000000.0, ""op_prior"": 15000000.0}, {""name"": ""医療モール経営事業"", ""sales"": 123000000.0, ""sales_prior"": 128000000.0, ""op"": 18000000.0, ""op_prior"": 23000000.0}, {""name"": ""その他"", ""sales"": 445000000.0, ""sales_prior"": 235000000.0, ""op"": 5000000.0, ""op_prior"": -35000000.0}], ""total"": {""name"": ""合計"", ""sales"": 17242000000.0, ""sales_prior"": 16753000000.0, ""op"": 68000000.0, ""op_prior"": 152000000.0}}"
140120260917537870,4923,2026-09-17T16:00,1,2026-06-30,none,
140120260915536496,2678,2026-09-15T15:30,1,2026-08-20,ok,"{""segments"": [{""name"": ""eコマース事業"", ""sales"": 110700000000.0, ""sales_prior"": 120249000000.0, ""op"": -393000000.0, ""op_prior"": 1064000000.0}, {""name"": ""ロジスティクス事業"", ""sales"": 1420000000.0, ""sales_prior"": 1912000000.0, ""op"": -53000000.0, ""op_prior"": -33000000.0}, {""name"": ""その他"", ""sales"": 509000000.0, ""sales_prior"": 540000000.0, ""op"": 13000000.0, ""op_prior"": 18000000.0}], ""total"": {""name"": ""合計"", ""sales"": 112345000000.0, ""sales_prior"": 122324000000.0, ""op"": -418000000.0, ""op_prior"": 1053000000.0}}"
140120260914536149,4380,2026-09-14T18:00,2,2026-07-31,none,
140120260914535444,4446,2026-09-14T16:50,4,2026-07-31,none,
140120260914536133,2345,2026-09-14T16:30,3,2026-07-31,none,
140120260914536090,6838,2026-09-14T16:30,3,2026-07-31,ok,"{""segments"": [{""name"": ""電子・通信用機器事業"", ""sales"": 4912953000.0, ""sales_prior"": 3489768000.0, ""op"": 1173362000.0, ""op_prior"": 372432000.0}, {""name"": ""再生可能エネルギー事業"", ""sales"": 389190000.0, ""sales_prior"": 414900000.0, ""op"": 88776000.0, ""op_prior"": 70422000.0}], ""total"": {""name"": ""合計"", ""sales"": 5302144000.0, ""sales_prior"": 3904668000.0, ""op"": 928546000.0, ""op_prior"": 167689000.0}}"
140120260914535786,3823,2026-09-14T16:30,1,2026-07-31,ok,"{""segments"": [{""name"": ""ソリューション事業"", ""sales"": 785710000.0, ""sales_prior"": 86924000.0, ""op"": 145819000.0, ""op_prior"": 15297000.0}, {""name"": ""飲食関連事業"", ""sales"": 2906000.0, ""sales_prior"": 9179000.0, ""op"": 1474000.0, ""op_prior"": 2865000.0}, {""name"": ""教育関連事業"", ""sales"": 41668000.0, ""sales_prior"": 33786000.0, ""op"": 8678000.0, ""op_prior"": 6581000.0}, {""name"": ""エンタテインメント事業"", ""sales"": 275890000.0, ""sales_prior"": 195877000.0, ""op"": 45189000.0, ""op_prior"": 4589000.0}, {""name"": ""ライフスタイル事業"", ""sales"": 565490000.0, ""sales_prior"": 479869000.0, ""op"": 37710000.0, ""op_prior"": 77613000.0}, {""name"": ""その他"", ""sales"": 3513000.0, ""sales_prior"": 1050000.0, ""op"": -105580000.0, ""op_prior"": 1050000.0}], ""total"": null}"
140120260914535894,9237,2026-09-14T16:00,3,2026-07-31,ok,"{""segments"": [{""name"": ""シニアライフサポートサービス"", ""sales"": 1531461000.0, ""sales_prior"": 1121771000.0, ""op"": 33554000.0, ""op_prior"": -56875000.0}, {""name"": ""シニアホームコンサルティングサービス"", ""sales"": 279288000.0, ""sales_prior"": 201014000.0, ""op"": 58922000.0, ""op_prior"": 75313000.0}], ""total"": null}"
140120260914535890,3931,2026-09-14T16:00,2,2026-07-31,ok,"{""segments"": [{""name"": ""ゴルフ事業"", ""sales"": 1647840000.0, ""sales_prior"": 1801027000.0, ""op"": 263480000.0, ""op_prior"": 253654000.0}, {""name"": ""トラベル事業"", ""sales"": 355521000.0, ""sales_prior"": 419367000.0, ""op"": 22335000.0, ""op_prior"": 27536000.0}, {""name"": ""その他"", ""sales"": 281397000.0, ""sales_prior"": 165069000.0, ""op"": 7045000.0, ""op_prior"": 8790000.0}], ""total"": null}"
140120260914535886,500A,2026-09-14T16:00,1,2026-07-31,none,
140120260914535798,184A,2026-09-14T16:00,1,2026-07-31,none,
140120260914535739,4431,2026-09-14T16:00,1,2026-07-31,none,
140120260914535709,3657,2026-09-14T16:00,2,2026-07-31,none,
140120260914535644,3169,2026-09-14T16:00,2,2026-07-31,none,
140120260914535612,212A,2026-09-14T16:00,3,2026-07-31,none,
140120260914535513,3441,2026-09-14T16:00,4,2026-07-31,ok,"{""segments"": [{""name"": ""日本"", ""sales"": 11590329000.0, ""sales_prior"": 7711961000.0, ""op"": 927546000.0, ""op_prior"": 508864000.0}, {""name"": ""フィリピン"", ""sales"": 4062948000.0, ""sales_prior"": 3177476000.0, ""op"": 364369000.0, ""op_prior"": 243314000.0}], ""total"": null}"
140120260911535327,9425,2026-09-14T16:00,3,2026-07-31,none,
140120260911535269,7050,2026-09-14T16:00,1,2026-07-31,none,
140120260910534266,6309,2026-09-14T16:00,3,2026-07-31,ok,"{""segments"": [{""name"": ""機械製造販売"", ""sales"": 11960000000.0, ""sales_prior"": 12175000000.0, ""op"": 1798000000.0, ""op_prior"": 1997000000.0}, {""name"": ""化学工業製品販売"", ""sales"": 34844000000.0, ""sales_prior"": 34230000000.0, ""op"": 2914000000.0, ""op_prior"": 2808000000.0}], ""total"": {""name"": ""合計"", ""sales"": 46805000000.0, ""sales_prior"": 46406000000.0, ""op"": 4713000000.0, ""op_prior"": 4806000000.0}}"
140120260910534084,3955,2026-09-14T16:00,2,2026-07-31,ok,"{""segments"": [{""name"": ""パッケージソリューション事業"", ""sales"": 8103000000.0, ""sales_prior"": 8390000000.0, ""op"": 588000000.0, ""op_prior"": 985000000.0}, {""name"": ""メーリング＆デジタルソリューション事業"", ""sales"": 2157000000.0, ""sales_prior"": 2572000000.0, ""op"": 59000000.0, ""op_prior"": 385000000.0}, {""name"": ""その他"", ""sales"": 1290000000.0, ""sales_prior"": 964000000.0, ""op"": 31000000.0, ""op_prior"": -173000000.0}], ""total"": null}"
140120260912535385,2424,2026-09-14T15:50,4,2026-07-31,none,
140120260911535184,278A,2026-09-14T15:45,2,2026-07-31,ok,"{""segments"": [{""name"": ""ドローンソリューションセグメント"", ""sales"": 1906693000.0, ""sales_prior"": 1791186000.0, ""op"": -444255000.0, ""op_prior"": -294906000.0}, {""name"": ""運航管理セグメント"", ""sales"": 328771000.0, ""sales_prior"": 151831000.0, ""op"": -374863000.0, ""op_prior"": -371469000.0}], ""total"": null}"
140120260911534911,2391,2026-09-14T15:40,4,2026-07-31,none,
140120260914536087,9235,2026-09-14T15:30,4,2026-07-31,ok,"{""segments"": [{""name"": ""グローバル情報通信事業"", ""sales"": 653042000.0, ""sales_prior"": 688294000.0, ""op"": 8873000.0, ""op_prior"": 76320000.0}, {""name"": ""マーケティング支援事業"", ""sales"": 706123000.0, ""sales_prior"": null, ""op"": -64039000.0, ""op_prior"": null}, {""name"": ""コマース事業"", ""sales"": 106458000.0, ""sales_prior"": null, ""op"": -99674000.0, ""op_prior"": null}, {""name"": ""デジタルアセット・Web3事業"", ""sales"": 197085000.0, ""sales_prior"": null, ""op"": -10585000.0, ""op_prior"": null}], ""total"": null}"
140120260914536025,4053,2026-09-14T15:30,2,2026-06-30,none,
140120260914536019,324A,2026-09-14T15:30,1,2026-07-31,none,
140120260914535909,2997,2026-09-14T15:30,2,2026-07-31,none,
140120260914535883,1383,2026-09-14T15:30,3,2026-07-31,ok,"{""segments"": [{""name"": ""野菜苗・苗関連事業"", ""sales"": 4585643000.0, ""sales_prior"": 4152383000.0, ""op"": 376845000.0, ""op_prior"": 143922000.0}, {""name"": ""農業・園芸用タネ資材販売事業"", ""sales"": 620547000.0, ""sales_prior"": 573730000.0, ""op"": 26710000.0, ""op_prior"": 6969000.0}, {""name"": ""小売事業"", ""sales"": 81089000.0, ""sales_prior"": 87535000.0, ""op"": -6605000.0, ""op_prior"": -7542000.0}], ""total"": null}"
140120260914535874,218A,2026-09-14T15:30,4,2026-07-31,none,
140120260914535856,1444,2026-09-14T15:30,4,2026-07-31,ok,"{""segments"": [{""name"": ""リフォーム事業"", ""sales"": 5018221000.0, ""sales_prior"": 4787969000.0, ""op"": 5774000.0, ""op_prior"": 82900000.0}, {""name"": ""不動産流通事業"", ""sales"": 122571000.0, ""sales_prior"": 197391000.0, ""op"": -3066000.0, ""op_prior"": 10508000.0}, {""name"": ""不動産建設事業"", ""sales"": 269347000.0, ""sales_prior"": 301578000.0, ""op"": -39603000.0, ""op_prior"": -23316000.0}], ""total"": null}"
140120260914535832,7683,2026-09-14T15:30,2,2026-07-31,ok,"{""segments"": [{""name"": ""婦人靴の企画・販売事業"", ""sales"": 9749898000.0, ""sales_prior"": 10412725000.0, ""op"": 1023468000.0, ""op_prior"": 1726715000.0}, {""name"": ""婦人服の企画・販売事業"", ""sales"": 1330591000.0, ""sales_prior"": 1334785000.0, ""op"": -8413000.0, ""op_prior"": -59460000.0}], ""total"": null}"
140120260914535826,4592,2026-09-14T15:30,2,2026-07-31,none,
140120260914535796,2978,2026-09-14T15:30,4,2026-07-31,none,
140120260914535793,1840,2026-09-14T15:30,3,2026-07-31,ok,"{""segments"": [{""name"": ""住宅事業"", ""sales"": 13012886000.0, ""sales_prior"": 11390932000.0, ""op"": -994010000.0, ""op_prior"": -994414000.0}, {""name"": ""リフォーム事業"", ""sales"": 1835140000.0, ""sales_prior"": 2399845000.0, ""op"": -395100000.0, ""op_prior"": -222722000.0}, {""name"": ""不動産事業"", ""sales"": 4811593000.0, ""sales_prior"": 4636517000.0, ""op"": -186309000.0, ""op_prior"": 49813000.0}, {""name"": ""賃貸事業"", ""sales"": 352965000.0, ""sales_prior"": 373282000.0, ""op"": 47377000.0, ""op_prior"": 70047000.0}], ""total"": null}"
140120260914535792,7073,2026-09-14T15:30,2,2026-07-31,none,
140120260914535791,9240,2026-09-14T15:30,4,2026-07-31,none,
140120260914535783,3475,2026-09-14T15:30,3,2026-07-31,ok,"{""segments"": [{""name"": ""ホールセール"", ""sales"": 20812480000.0, ""sales_prior"": 15097986000.0, ""op"": 1774271000.0, ""op_prior"": 1414140000.0}, {""name"": ""リテールセールス"", ""sales"": 6115806000.0, ""sales_prior"": 8048660000.0, ""op"": -162569000.0, ""op_prior"": -626484000.0}, {""name"": ""リアルエステートマネジメント"", ""sales"": 2264522000.0, ""sales_prior"": 1731786000.0, ""op"": 923600000.0, ""op_prior"": 499016000.0}, {""name"": ""その他"", ""sales"": 34849000.0, ""sales_prior"": 32017000.0, ""op"": -83555000.0, ""op_prior"": -67348000.0}, {""name"": ""Livenup Group"", ""sales"": 5857282000.0, ""sales_prior"": null, ""op"": 126461000.0, ""op_prior"": -187700000.0}], ""total"": null}"
140120260914535747,441A,2026-09-14T15:30,1,2026-07-31,ok,"{""segments"": [{""name"": ""ネクストエンジン事業"", ""sales"": 834113000.0, ""sales_prior"": 794546000.0, ""op"": 557769000.0, ""op_prior"": 512734000.0}, {""name"": ""コンサルティング事業"", ""sales"": 81184000.0, ""sales_prior"": 136437000.0, ""op"": 4630000.0, ""op_prior"": 22319000.0}, {""name"": ""ロカルコ事業"", ""sales"": 51085000.0, ""sales_prior"": 62431000.0, ""op"": -29887000.0, ""op_prior"": -28395000.0}], ""total"": {""name"": ""合計"", ""sales"": 966383000.0, ""sales_prior"": 993446000.0, ""op"": 310824000.0, ""op_prior"": 356847000.0}}"
140120260914535710,4934,2026-09-14T15:30,4,2026-07-31,ok,"{""segments"": [{""name"": ""アンチエイジング事業"", ""sales"": 10349000000.0, ""sales_prior"": 12926000000.0, ""op"": 660000000.0, ""op_prior"": 408000000.0}, {""name"": ""リカバリー事業"", ""sales"": 3533000000.0, ""sales_prior"": 3233000000.0, ""op"": -165000000.0, ""op_prior"": 208000000.0}], ""total"": null}"
140120260914535693,3134,2026-09-14T15:30,1,2026-07-31,none,
140120260914535676,3491,2026-09-14T15:30,3,2026-07-31,ok,"{""segments"": [{""name"": ""RENOSYマーケットプレイス"", ""sales"": 205275000000.0, ""sales_prior"": 163785000000.0, ""op"": null, ""op_prior"": null}, {""name"": ""ITANDI"", ""sales"": 5659000000.0, ""sales_prior"": 4979000000.0, ""op"": null, ""op_prior"": null}, {""name"": ""その他"", ""sales"": 921000000.0, ""sales_prior"": 854000000.0, ""op"": null, ""op_prior"": null}], ""total"": null}"
140120260914535648,5136,2026-09-14T15:30,3,2026-07-31,none,
140120260914535572,4936,2026-09-14T15:30,4,2026-07-31,none,
140120260914535568,9251,2026-09-14T15:30,3,2026-07-31,ok,"{""segments"": [{""name"": ""直営美容室運営事業"", ""sales"": 13918000000.0, ""sales_prior"": 11593000000.0, ""op"": 618000000.0, ""op_prior"": 25000000.0}, {""name"": ""フランチャイズ事業"", ""sales"": 2411000000.0, ""sales_prior"": 2198000000.0, ""op"": 991000000.0, ""op_prior"": 871000000.0}, {""name"": ""インテリアデザイン事業"", ""sales"": 1329000000.0, ""sales_prior"": 1614000000.0, ""op"": -28000000.0, ""op_prior"": 38000000.0}, {""name"": ""その他"", ""sales"": 913000000.0, ""sales_prior"": 780000000.0, ""op"": 560000000.0, ""op_prior"": 417000000.0}], ""total"": {""name"": ""合計"", ""sales"": 16577000000.0, ""sales_prior"": 14188000000.0, ""op"": 2082000000.0, ""op_prior"": 1320000000.0}}"
140120260914535558,2315,2026-09-14T15:30,3,2026-07-31,ok,"{""segments"": [{""name"": ""ITサービス事業"", ""sales"": 3780981000.0, ""sales_prior"": 3838593000.0, ""op"": 437670000.0, ""op_prior"": 433144000.0}, {""name"": ""金融サービス事業"", ""sales"": -44143000.0, ""sales_prior"": 8314000.0, ""op"": -125685000.0, ""op_prior"": -71129000.0}, {""name"": ""IoT関連事業"", ""sales"": 511207000.0, ""sales_prior"": null, ""op"": 28158000.0, ""op_prior"": null}, {""name"": ""介護DX事業"", ""sales"": 449727000.0, ""sales_prior"": null, ""op"": 136918000.0, ""op_prior"": null}], ""total"": {""name"": ""合計"", ""sales"": 4693842000.0, ""sales_prior"": 3840204000.0, ""op"": 111568000.0, ""op_prior"": 66045000.0}}"
140120260914535543,9627,2026-09-14T15:30,1,2026-07-31,ok,"{""segments"": [{""name"": ""ファーマシー事業"", ""sales"": 151288000000.0, ""sales_prior"": 108590000000.0, ""op"": 5128000000.0, ""op_prior"": 4231000000.0}, {""name"": ""リテール事業"", ""sales"": 23019000000.0, ""sales_prior"": 21581000000.0, ""op"": 2886000000.0, ""op_prior"": 2912000000.0}, {""name"": ""その他"", ""sales"": 2933000000.0, ""sales_prior"": 2811000000.0, ""op"": 57000000.0, ""op_prior"": 19000000.0}], ""total"": null}"
140120260914535540,5888,2026-09-14T15:30,2,2026-07-31,none,
140120260914535531,3415,2026-09-14T15:30,2,2026-07-31,none,
140120260914535483,604A,2026-09-14T15:30,4,2026-07-31,ok,"{""segments"": [{""name"": ""工事事業"", ""sales"": 8619016000.0, ""sales_prior"": 7852556000.0, ""op"": 1601249000.0, ""op_prior"": 1143361000.0}, {""name"": ""再生可能エネルギー事業"", ""sales"": 998259000.0, ""sales_prior"": 930736000.0, ""op"": -14974000.0, ""op_prior"": 1095000.0}, {""name"": ""その他"", ""sales"": 291254000.0, ""sales_prior"": 200877000.0, ""op"": -96783000.0, ""op_prior"": -98445000.0}], ""total"": null}"
140120260913535406,442A,2026-09-14T15:30,3,2026-07-31,none,
140120260911535365,391A,2026-09-14T15:30,1,2026-07-31,ok,"{""segments"": [{""name"": ""開発セグメント"", ""sales"": 750303000.0, ""sales_prior"": 890944000.0, ""op"": 84140000.0, ""op_prior"": 125159000.0}, {""name"": ""ストックセグメント"", ""sales"": 154190000.0, ""sales_prior"": 144485000.0, ""op"": 45053000.0, ""op_prior"": 51304000.0}, {""name"": ""ホテルセグメント"", ""sales"": 326404000.0, ""sales_prior"": 313217000.0, ""op"": 55460000.0, ""op_prior"": 60670000.0}], ""total"": null}"
140120260911535349,3565,2026-09-14T15:30,2,2026-07-31,none,
140120260911535241,5075,2026-09-14T15:30,2,2026-07-31,none,
140120260911535236,7034,2026-09-14T15:30,3,2026-07-31,ok,"{""segments"": [{""name"": ""コンサルティング事業"", ""sales"": 3471814000.0, ""sales_prior"": 2982634000.0, ""op"": -129812000.0, ""op_prior"": -831716000.0}, {""name"": ""ファンド事業"", ""sales"": 700003000.0, ""sales_prior"": 5388196000.0, ""op"": 444596000.0, ""op_prior"": 3994635000.0}], ""total"": null}"
140120260911535134,168A,2026-09-14T15:30,2,2026-07-31,none,
140120260911535133,9279,2026-09-14T15:30,3,2026-07-31,none,
140120260911535126,4174,2026-09-14T15:30,2,2026-07-31,ok,"{""segments"": [{""name"": ""Webソリューション事業"", ""sales"": 1945860000.0, ""sales_prior"": 2015845000.0, ""op"": 239540000.0, ""op_prior"": 230497000.0}, {""name"": ""デジタル人材育成派遣事業"", ""sales"": 784124000.0, ""sales_prior"": 843568000.0, ""op"": -10329000.0, ""op_prior"": 24211000.0}, {""name"": ""推しカルチャー＆ゲーム事業"", ""sales"": 2276709000.0, ""sales_prior"": 2326930000.0, ""op"": 259901000.0, ""op_prior"": 131118000.0}], ""total"": null}"
140120260911535075,7827,2026-09-14T15:30,3,2026-07-31,ok,"{""segments"": [{""name"": ""木材事業"", ""sales"": 5635633000.0, ""sales_prior"": 5650302000.0, ""op"": 218199000.0, ""op_prior"": 240431000.0}, {""name"": ""ハウス・エコ事業"", ""sales"": 2290793000.0, ""sales_prior"": 3708221000.0, ""op"": -18745000.0, ""op_prior"": 333230000.0}, {""name"": ""太陽光発電売電事業"", ""sales"": 323964000.0, ""sales_prior"": 325191000.0, ""op"": 218118000.0, ""op_prior"": 215047000.0}, {""name"": ""ライフクリエイト事業"", ""sales"": 297758000.0, ""sales_prior"": 279476000.0, ""op"": 32361000.0, ""op_prior"": 27975000.0}], ""total"": null}"
140120260911535000,8927,2026-09-14T15:30,4,2026-07-31,ok,"{""segments"": [{""name"": ""不動産開発事業"", ""sales"": 30583753000.0, ""sales_prior"": 24374864000.0, ""op"": 4784470000.0, ""op_prior"": 3578403000.0}, {""name"": ""不動産賃貸事業"", ""sales"": 1662546000.0, ""sales_prior"": 1631223000.0, ""op"": 79463000.0, ""op_prior"": 1865000.0}, {""name"": ""不動産仲介事業"", ""sales"": 20215000.0, ""sales_prior"": 55245000.0, ""op"": 20062000.0, ""op_prior"": 52869000.0}, {""name"": ""建設事業"", ""sales"": 4605446000.0, ""sales_prior"": 3667713000.0, ""op"": 40724000.0, ""op_prior"": -82313000.0}, {""name"": ""その他"", ""sales"": 52914000.0, ""sales_prior"": 102540000.0, ""op"": 48419000.0, ""op_prior"": 97868000.0}], ""total"": null}"
140120260911534871,7614,2026-09-14T15:30,2,2026-07-31,ok,"{""segments"": [{""name"": ""食肉等の小売業"", ""sales"": 12253972000.0, ""sales_prior"": 12213266000.0, ""op"": 530295000.0, ""op_prior"": 500730000.0}, {""name"": ""外食業"", ""sales"": 5443871000.0, ""sales_prior"": 5196692000.0, ""op"": 325269000.0, ""op_prior"": 239062000.0}], ""total"": null}"
140120260911534854,7110,2026-09-14T15:30,4,2026-07-31,ok,"{""segments"": [{""name"": ""北欧、暮らしの道具店"", ""sales"": 10010249000.0, ""sales_prior"": 8269466000.0, ""op"": 1545848000.0, ""op_prior"": 1128910000.0}, {""name"": ""foufou"", ""sales"": 382732000.0, ""sales_prior"": 227832000.0, ""op"": -14849000.0, ""op_prior"": -37913000.0}], ""total"": null}"
140120260910534391,6387,2026-09-14T15:30,4,2026-07-31,none,
140120260909533757,3804,2026-09-14T15:30,3,2026-07-31,ok,"{""segments"": [{""name"": ""ソフトウエア事業"", ""sales"": 4048035000.0, ""sales_prior"": 3602551000.0, ""op"": 1045907000.0, ""op_prior"": 1004841000.0}, {""name"": ""その他"", ""sales"": 145729000.0, ""sales_prior"": 154954000.0, ""op"": 12284000.0, ""op_prior"": 24048000.0}], ""total"": null}"
140120260909533384,556A,2026-09-14T15:30,1,2026-07-31,none,
140120260908533240,2301,2026-09-14T15:30,3,2026-07-31,none,
140120260827527053,7901,2026-09-14T15:30,1,2026-07-31,none,
140120260825525742,6037,2026-09-14T15:30,4,2026-07-31,none,
140120260911534673,7810,2026-09-14T15:04,4,2026-07-31,none,
140120260914535683,3195,2026-09-14T15:00,3,2026-07-31,ok,"{""segments"": [{""name"": ""ECマーケティング事業"", ""sales"": 11364696000.0, ""sales_prior"": 10267992000.0, ""op"": 150275000.0, ""op_prior"": 202209000.0}, {""name"": ""商品企画関連事業"", ""sales"": 4600196000.0, ""sales_prior"": 2208699000.0, ""op"": 248077000.0, ""op_prior"": 137027000.0}, {""name"": ""その他"", ""sales"": 115856000.0, ""sales_prior"": 81114000.0, ""op"": 30579000.0, ""op_prior"": 9763000.0}], ""total"": {""name"": ""合計"", ""sales"": 15852406000.0, ""sales_prior"": 12497792000.0, ""op"": 170944000.0, ""op_prior"": 107399000.0}}"
140120260914535638,3419,2026-09-14T15:00,3,2026-07-31,none,
140120260914535614,5248,2026-09-14T15:00,2,2026-07-31,ok,"{""segments"": [{""name"": ""再エネソリューション事業"", ""sales"": 4730134000.0, ""sales_prior"": 3577533000.0, ""op"": 651669000.0, ""op_prior"": 969451000.0}, {""name"": ""ＩＴソリューション事業"", ""sales"": 338456000.0, ""sales_prior"": 450429000.0, ""op"": -100683000.0, ""op_prior"": -14121000.0}, {""name"": ""SaaS事業"", ""sales"": 154407000.0, ""sales_prior"": 99967000.0, ""op"": -17504000.0, ""op_prior"": -36182000.0}, {""name"": ""スポーツDX事業"", ""sales"": 114169000.0, ""sales_prior"": null, ""op"": 265000.0, ""op_prior"": -5750000.0}], ""total"": null}"
140120260911535364,3665,2026-09-14T15:00,2,2026-07-31,ok,"{""segments"": [{""name"": ""FashionPlatform事業"", ""sales"": 2230432000.0, ""sales_prior"": 2532649000.0, ""op"": 188788000.0, ""op_prior"": 503569000.0}, {""name"": ""TravelPlatform事業"", ""sales"": 516815000.0, ""sales_prior"": 365465000.0, ""op"": -238746000.0, ""op_prior"": -173466000.0}, {""name"": ""その他"", ""sales"": 11617000.0, ""sales_prior"": null, ""op"": -27792000.0, ""op_prior"": null}], ""total"": null}"
140120260910534509,2776,2026-09-14T15:00,2,2026-07-31,ok,"{""segments"": [{""name"": ""金属リサイクル事業"", ""sales"": 29544630000.0, ""sales_prior"": 9020365000.0, ""op"": 625000000.0, ""op_prior"": 140505000.0}, {""name"": ""プラスチックリサイクル事業"", ""sales"": 833517000.0, ""sales_prior"": 801098000.0, ""op"": 31985000.0, ""op_prior"": 32856000.0}, {""name"": ""不動産関連サービス事業"", ""sales"": 201816000.0, ""sales_prior"": 146450000.0, ""op"": 127460000.0, ""op_prior"": 62180000.0}, {""name"": ""その他"", ""sales"": 743837000.0, ""sales_prior"": 2824000.0, ""op"": 18404000.0, ""op_prior"": -21925000.0}], ""total"": null}"
140120260910534039,3418,2026-09-14T15:00,4,2026-07-31,ok,"{""segments"": [{""name"": ""レストラン事業"", ""sales"": 13870351000.0, ""sales_prior"": 13032361000.0, ""op"": 357595000.0, ""op_prior"": 545885000.0}, {""name"": ""エステートビルドアップ事業"", ""sales"": 1606749000.0, ""sales_prior"": 1613508000.0, ""op"": 30425000.0, ""op_prior"": 92785000.0}], ""total"": null}"
140120260907532274,3988,2026-09-14T15:00,4,2026-07-31,none,
140120260812518510,6497,2026-09-14T14:00,2,2026-06-30,ok,"{""segments"": [{""name"": ""バルブ事業"", ""sales"": 7344557000.0, ""sales_prior"": 6202314000.0, ""op"": 200593000.0, ""op_prior"": 187202000.0}, {""name"": ""不動産賃貸事業"", ""sales"": 289504000.0, ""sales_prior"": 289030000.0, ""op"": 190000000.0, ""op_prior"": 188614000.0}], ""total"": null}"
140120260914535674,7604,2026-09-14T13:00,1,2026-07-31,ok,"{""segments"": [{""name"": ""外食事業"", ""sales"": 4077180000.0, ""sales_prior"": 3950856000.0, ""op"": 210148000.0, ""op_prior"": 152375000.0}, {""name"": ""テイクアウト事業"", ""sales"": 2576648000.0, ""sales_prior"": 2506203000.0, ""op"": 111487000.0, ""op_prior"": 99023000.0}, {""name"": ""外販事業"", ""sales"": 342648000.0, ""sales_prior"": 555803000.0, ""op"": -7779000.0, ""op_prior"": -23537000.0}, {""name"": ""その他"", ""sales"": 11986000.0, ""sales_prior"": 12516000.0, ""op"": 777000.0, ""op_prior"": 1370000.0}], ""total"": null}"
140120260908533058,460A,2026-09-11T17:00,3,2026-07-31,none,
140120260909533773,3161,2026-09-11T16:30,1,2026-07-31,ok,"{""segments"": [{""name"": ""防護服・環境資機材"", ""sales"": 1254180000.0, ""sales_prior"": 985298000.0, ""op"": 158385000.0, ""op_prior"": 89410000.0}, {""name"": ""ヘルスケア製品"", ""sales"": 86418000.0, ""sales_prior"": 66759000.0, ""op"": -18374000.0, ""op_prior"": -18259000.0}, {""name"": ""ライフマテリアル"", ""sales"": 826761000.0, ""sales_prior"": 724182000.0, ""op"": 67576000.0, ""op_prior"": 42581000.0}, {""name"": ""その他"", ""sales"": 63102000.0, ""sales_prior"": 71619000.0, ""op"": -19690000.0, ""op_prior"": -4523000.0}], ""total"": {""name"": ""合計"", ""sales"": 2213649000.0, ""sales_prior"": 1842962000.0, ""op"": 69329000.0, ""op_prior"": -14607000.0}}"
140120260911535119,186A,2026-09-11T16:00,1,2026-07-31,none,
140120260911535098,3121,2026-09-11T16:00,3,2026-07-31,none,
140120260911535038,3361,2026-09-11T16:00,1,2026-07-31,ok,"{""segments"": [{""name"": ""エネルギー事業"", ""sales"": 5205892000.0, ""sales_prior"": 4305441000.0, ""op"": 519505000.0, ""op_prior"": 247945000.0}, {""name"": ""ウォーター事業"", ""sales"": 1753848000.0, ""sales_prior"": 1776355000.0, ""op"": 414692000.0, ""op_prior"": 342584000.0}], ""total"": {""name"": ""合計"", ""sales"": 6959741000.0, ""sales_prior"": 6081797000.0, ""op"": 564414000.0, ""op_prior"": 244637000.0}}"
140120260911534937,4378,2026-09-11T16:00,3,2026-07-31,ok,"{""segments"": [{""name"": ""ソリューション事業"", ""sales"": 510950000.0, ""sales_prior"": 599862000.0, ""op"": 72101000.0, ""op_prior"": 123772000.0}, {""name"": ""アナリティクス事業"", ""sales"": 739732000.0, ""sales_prior"": 801765000.0, ""op"": -15176000.0, ""op_prior"": -39176000.0}, {""name"": ""M＆A仲介事業"", ""sales"": 28659000.0, ""sales_prior"": null, ""op"": -23344000.0, ""op_prior"": -170268000.0}], ""total"": {""name"": ""合計"", ""sales"": 1264115000.0, ""sales_prior"": 1381075000.0, ""op"": 33580000.0, ""op_prior"": -85672000.0}}"
140120260911534917,3539,2026-09-11T16:00,4,2026-07-31,ok,"{""segments"": [{""name"": ""スーパーマーケット事業"", ""sales"": 193632000000.0, ""sales_prior"": 181497000000.0, ""op"": 8542000000.0, ""op_prior"": 9568000000.0}, {""name"": ""その他"", ""sales"": 7880000000.0, ""sales_prior"": 7480000000.0, ""op"": 569000000.0, ""op_prior"": 596000000.0}], ""total"": null}"
140120260911534873,6898,2026-09-11T16:00,2,2026-07-31,ok,"{""segments"": [{""name"": ""電子部品材料事業"", ""sales"": 939240000.0, ""sales_prior"": 697336000.0, ""op"": 23636000.0, ""op_prior"": -71713000.0}, {""name"": ""不動産賃貸事業"", ""sales"": 32977000.0, ""sales_prior"": 33317000.0, ""op"": 25162000.0, ""op_prior"": 23787000.0}], ""total"": null}"
140120260911534864,5131,2026-09-11T16:00,4,2026-07-31,ok,"{""segments"": [{""name"": ""ビジネスマッチング事業"", ""sales"": 930108000.0, ""sales_prior"": 1047585000.0, ""op"": -710574000.0, ""op_prior"": -407169000.0}, {""name"": ""リサーチ事業"", ""sales"": 423254000.0, ""sales_prior"": 313149000.0, ""op"": 43337000.0, ""op_prior"": -50819000.0}], ""total"": null}"
140120260911534857,3399,2026-09-11T16:00,2,2026-07-31,none,
140120260911534851,1766,2026-09-11T16:00,1,2026-07-31,ok,"{""segments"": [{""name"": ""建設事業"", ""sales"": 37608000000.0, ""sales_prior"": 38263000000.0, ""op"": 2541000000.0, ""op_prior"": 3614000000.0}, {""name"": ""不動産賃貸事業"", ""sales"": 56824000000.0, ""sales_prior"": 54863000000.0, ""op"": 3968000000.0, ""op_prior"": 3889000000.0}, {""name"": ""その他"", ""sales"": 706000000.0, ""sales_prior"": 656000000.0, ""op"": 17000000.0, ""op_prior"": -57000000.0}], ""total"": {""name"": ""合計"", ""sales"": 94809000000.0, ""sales_prior"": 93477000000.0, ""op"": 4574000000.0, ""op_prior"": 5614000000.0}}"
140120260911534804,7674,2026-09-11T16:00,2,2026-07-31,none,
140120260911534701,5079,2026-09-11T16:00,1,2026-07-31,ok,"{""segments"": [{""name"": ""土木工事事業"", ""sales"": 2599717000.0, ""sales_prior"": 2244459000.0, ""op"": 93949000.0, ""op_prior"": 33592000.0}, {""name"": ""建築工事事業"", ""sales"": 5489406000.0, ""sales_prior"": 6525192000.0, ""op"": -6614000.0, ""op_prior"": 183470000.0}, {""name"": ""その他"", ""sales"": 2879000.0, ""sales_prior"": 4410000.0, ""op"": 1029000.0, ""op_prior"": 2082000.0}], ""total"": null}"
140120260910534599,456A,2026-09-11T16:00,2,2026-07-31,none,
140120260910534570,5572,2026-09-11T16:00,4,2026-07-31,ok,"{""segments"": [{""name"": ""カスタムAIソリューション事業"", ""sales"": 1811723000.0, ""sales_prior"": 1280324000.0, ""op"": 506743000.0, ""op_prior"": 161725000.0}, {""name"": ""デジタルマーケティング事業"", ""sales"": 1182095000.0, ""sales_prior"": 1312998000.0, ""op"": 40420000.0, ""op_prior"": 121412000.0}], ""total"": null}"
140120260910534357,9262,2026-09-11T16:00,4,2026-07-31,none,
140120260910534126,7850,2026-09-11T16:00,4,2026-07-31,none,
140120260902530581,1844,2026-09-11T16:00,4,2026-07-31,ok,"{""segments"": [{""name"": ""建設事業"", ""sales"": 5891338000.0, ""sales_prior"": 4814967000.0, ""op"": 423546000.0, ""op_prior"": 503577000.0}, {""name"": ""不動産事業"", ""sales"": 986414000.0, ""sales_prior"": 600425000.0, ""op"": 111228000.0, ""op_prior"": 116737000.0}, {""name"": ""ＯＬＹ事業"", ""sales"": 740843000.0, ""sales_prior"": 594237000.0, ""op"": 207113000.0, ""op_prior"": 89581000.0}, {""name"": ""通信関連事業"", ""sales"": 483915000.0, ""sales_prior"": 449345000.0, ""op"": 59160000.0, ""op_prior"": 75177000.0}], ""total"": null}"
140120260831529125,3524,2026-09-11T16:00,1,2026-07-31,ok,"{""segments"": [{""name"": ""漁業関連事業"", ""sales"": 4233029000.0, ""sales_prior"": 4077535000.0, ""op"": 184542000.0, ""op_prior"": 70764000.0}, {""name"": ""陸上関連事業"", ""sales"": 926304000.0, ""sales_prior"": 958768000.0, ""op"": 11342000.0, ""op_prior"": 58977000.0}, {""name"": ""その他"", ""sales"": 652000.0, ""sales_prior"": 134000.0, ""op"": 65000.0, ""op_prior"": -51000.0}], ""total"": {""name"": ""合計"", ""sales"": 5159985000.0, ""sales_prior"": 5036438000.0, ""op"": 195950000.0, ""op_prior"": 129690000.0}}"
140120260727599785,6091,2026-09-11T16:00,4,2026-07-31,ok,"{""segments"": [{""name"": ""総合建設コンサルタント事業"", ""sales"": 14207916000.0, ""sales_prior"": 13835965000.0, ""op"": 1113887000.0, ""op_prior"": 1092897000.0}, {""name"": ""スポーツ施設運営事業"", ""sales"": 777594000.0, ""sales_prior"": 762734000.0, ""op"": 20046000.0, ""op_prior"": 7659000.0}, {""name"": ""水族館運営事業"", ""sales"": 1759566000.0, ""sales_prior"": 1250125000.0, ""op"": 97262000.0, ""op_prior"": 86265000.0}, {""name"": ""その他"", ""sales"": 501096000.0, ""sales_prior"": 503277000.0, ""op"": 12993000.0, ""op_prior"": 26533000.0}], ""total"": null}"
140120260911534987,6040,2026-09-11T15:45,4,2026-07-31,none,
140120260909533707,3733,2026-09-11T15:45,3,2026-07-31,none,
140120260908532700,3974,2026-09-11T15:35,3,2026-07-31,ok,"{""segments"": [{""name"": ""美容ICT事業"", ""sales"": 1085392000.0, ""sales_prior"": 1140734000.0, ""op"": 24633000.0, ""op_prior"": 83354000.0}, {""name"": ""ビジネスサービス事業"", ""sales"": 256531000.0, ""sales_prior"": 249955000.0, ""op"": 40599000.0, ""op_prior"": 31532000.0}, {""name"": ""介護サービス事業"", ""sales"": 573659000.0, ""sales_prior"": 548266000.0, ""op"": 53921000.0, ""op_prior"": 24210000.0}, {""name"": ""その他"", ""sales"": 13127000.0, ""sales_prior"": 13127000.0, ""op"": 8316000.0, ""op_prior"": 8092000.0}], ""total"": null}"
140120260911535131,3193,2026-09-11T15:30,4,2026-07-31,none,
140120260911535129,9166,2026-09-11T15:30,2,2026-07-31,ok,"{""segments"": [{""name"": ""エンタメ・プラットフォーム"", ""sales"": 95690000000.0, ""sales_prior"": 67621000000.0, ""op"": 10381000000.0, ""op_prior"": 7778000000.0}, {""name"": ""エンタメ・コンテンツ"", ""sales"": 12455000000.0, ""sales_prior"": 8763000000.0, ""op"": 263000000.0, ""op_prior"": 225000000.0}], ""total"": null}"
140120260911535070,4813,2026-09-11T15:30,2,2026-07-31,ok,"{""segments"": [{""name"": ""IoT事業"", ""sales"": 3871630000.0, ""sales_prior"": 5277349000.0, ""op"": -113171000.0, ""op_prior"": 384275000.0}, {""name"": ""Webプラットフォーム事業"", ""sales"": 973513000.0, ""sales_prior"": 1120772000.0, ""op"": -90566000.0, ""op_prior"": 96839000.0}, {""name"": ""ネットワーク事業"", ""sales"": 5897059000.0, ""sales_prior"": 2659048000.0, ""op"": -589958000.0, ""op_prior"": -2594039000.0}], ""total"": null}"
140120260911535058,6656,2026-09-11T15:30,1,2026-07-31,none,
140120260911535057,3159,2026-09-11T15:30,2,2026-07-31,none,
140120260911535034,3421,2026-09-11T15:30,4,2026-07-31,ok,"{""segments"": [{""name"": ""鋼製物置"", ""sales"": 27923652000.0, ""sales_prior"": 29218305000.0, ""op"": 1939332000.0, ""op_prior"": 2468111000.0}, {""name"": ""オフィス家具"", ""sales"": 13545316000.0, ""sales_prior"": 12687402000.0, ""op"": 641483000.0, ""op_prior"": 318929000.0}], ""total"": null}"
140120260911535032,446A,2026-09-11T15:30,2,2026-07-31,none,
140120260911535031,3653,2026-09-11T15:30,3,2026-07-31,none,
140120260911534980,4175,2026-09-11T15:30,2,2026-07-31,none,
140120260911534968,4075,2026-09-11T15:30,4,2026-07-31,none,
140120260911534959,7058,2026-09-11T15:30,4,2026-07-31,none,
140120260911534916,3444,2026-09-11T15:30,1,2026-07-31,none,
140120260911534909,4382,2026-09-11T15:30,1,2026-07-31,ok,"{""segments"": [{""name"": ""AIX事業"", ""sales"": 936864000.0, ""sales_prior"": 810065000.0, ""op"": 234363000.0, ""op_prior"": 149898000.0}, {""name"": ""AI Security事業"", ""sales"": 708713000.0, ""sales_prior"": 706303000.0, ""op"": 272385000.0, ""op_prior"": 233757000.0}], ""total"": null}"
140120260911534862,5218,2026-09-11T15:30,3,2026-07-31,ok,"{""segments"": [{""name"": ""光事業"", ""sales"": 13123361000.0, ""sales_prior"": 11083859000.0, ""op"": -178332000.0, ""op_prior"": -415485000.0}, {""name"": ""エレクトロニクス事業"", ""sales"": 11106912000.0, ""sales_prior"": 9983664000.0, ""op"": 1574306000.0, ""op_prior"": 1987187000.0}], ""total"": {""name"": ""合計"", ""sales"": 24230273000.0, ""sales_prior"": 21067523000.0, ""op"": 1395974000.0, ""op_prior"": 1571701000.0}}"
140120260911534855,8142,2026-09-11T15:30,2,2026-07-31,ok,"{""segments"": [{""name"": ""ディストリビューター事業"", ""sales"": 116628000000.0, ""sales_prior"": 102834000000.0, ""op"": 3025000000.0, ""op_prior"": 2528000000.0}, {""name"": ""キャッシュアンドキャリー事業"", ""sales"": 22452000000.0, ""sales_prior"": 22133000000.0, ""op"": 534000000.0, ""op_prior"": 657000000.0}, {""name"": ""フードソリューション事業"", ""sales"": 8313000000.0, ""sales_prior"": 8115000000.0, ""op"": 133000000.0, ""op_prior"": 269000000.0}], ""total"": null}"
140120260911534845,6225,2026-09-11T15:30,4,2026-07-31,ok,"{""segments"": [{""name"": ""産業システム事業"", ""sales"": 1605822000.0, ""sales_prior"": 1612764000.0, ""op"": 416393000.0, ""op_prior"": 288193000.0}, {""name"": ""保守サービス事業"", ""sales"": 1058207000.0, ""sales_prior"": 1027187000.0, ""op"": 280755000.0, ""op_prior"": 259496000.0}], ""total"": null}"
140120260911534824,9603,2026-09-11T15:30,3,2026-07-31,ok,"{""segments"": [{""name"": ""旅行事業"", ""sales"": 228496000000.0, ""sales_prior"": 219158000000.0, ""op"": 2835000000.0, ""op_prior"": 4731000000.0}, {""name"": ""ホテル事業"", ""sales"": 20632000000.0, ""sales_prior"": 18835000000.0, ""op"": 3413000000.0, ""op_prior"": 2977000000.0}, {""name"": ""九州産交グループ"", ""sales"": 20108000000.0, ""sales_prior"": 18901000000.0, ""op"": 732000000.0, ""op_prior"": 619000000.0}, {""name"": ""その他"", ""sales"": 13129000000.0, ""sales_prior"": 12608000000.0, ""op"": 242000000.0, ""op_prior"": 189000000.0}], ""total"": null}"
140120260911534797,7831,2026-09-11T15:30,3,2026-07-31,ok,"{""segments"": [{""name"": ""情報・印刷事業"", ""sales"": 6285000000.0, ""sales_prior"": 5810000000.0, ""op"": -13000000.0, ""op_prior"": -53000000.0}, {""name"": ""知育事業"", ""sales"": 585000000.0, ""sales_prior"": 561000000.0, ""op"": -10000000.0, ""op_prior"": -43000000.0}, {""name"": ""通信販売事業"", ""sales"": 24000000.0, ""sales_prior"": 31000000.0, ""op"": -19000000.0, ""op_prior"": -13000000.0}], ""total"": null}"
140120260911534760,462A,2026-09-11T15:30,3,2026-07-31,none,
140120260911534757,7378,2026-09-11T15:30,3,2026-07-31,ok,"{""segments"": [{""name"": ""リーガルメディア事業"", ""sales"": 2469710000.0, ""sales_prior"": 2821217000.0, ""op"": 1028094000.0, ""op_prior"": 1172328000.0}, {""name"": ""リーガルアライアンス事業"", ""sales"": 2513267000.0, ""sales_prior"": 1935189000.0, ""op"": 437446000.0, ""op_prior"": 413341000.0}, {""name"": ""リーガルプロテクト事業"", ""sales"": 58539000.0, ""sales_prior"": 52368000.0, ""op"": -135498000.0, ""op_prior"": -100807000.0}, {""name"": ""HR事業"", ""sales"": 273134000.0, ""sales_prior"": 240160000.0, ""op"": 53226000.0, ""op_prior"": 50135000.0}], ""total"": {""name"": ""合計"", ""sales"": 5311852000.0, ""sales_prior"": 5046305000.0, ""op"": 964091000.0, ""op_prior"": 1179490000.0}}"
140120260911534751,4287,2026-09-11T15:30,2,2026-07-31,ok,"{""segments"": [{""name"": ""ASP事業"", ""sales"": 636058000.0, ""sales_prior"": 609706000.0, ""op"": 474157000.0, ""op_prior"": 449190000.0}, {""name"": ""システムソリューション事業"", ""sales"": 44347000.0, ""sales_prior"": 41377000.0, ""op"": 15133000.0, ""op_prior"": 9345000.0}, {""name"": ""物流ソリューション事業"", ""sales"": 506931000.0, ""sales_prior"": 500298000.0, ""op"": 75024000.0, ""op_prior"": 73937000.0}, {""name"": ""太陽光発電事業"", ""sales"": 56526000.0, ""sales_prior"": 57473000.0, ""op"": 35479000.0, ""op_prior"": 37575000.0}, {""name"": ""その他"", ""sales"": 66131000.0, ""sales_prior"": 66089000.0, ""op"": 50198000.0, ""op_prior"": 50160000.0}], ""total"": null}"
140120260911534724,7131,2026-09-11T15:30,3,2026-07-31,ok,"{""segments"": [{""name"": ""包装関連事業"", ""sales"": 5331105000.0, ""sales_prior"": 4442938000.0, ""op"": 756258000.0, ""op_prior"": 500420000.0}, {""name"": ""物流梱包事業"", ""sales"": 709609000.0, ""sales_prior"": 688249000.0, ""op"": 77790000.0, ""op_prior"": 53687000.0}], ""total"": null}"
140120260911534723,7878,2026-09-11T15:30,2,2026-07-31,none,
140120260911534635,9163,2026-09-11T15:30,3,2026-07-31,ok,"{""segments"": [{""name"": ""建設ソリューション"", ""sales"": 17350431000.0, ""sales_prior"": 16044078000.0, ""op"": 1737238000.0, ""op_prior"": 1818102000.0}, {""name"": ""ＩＴソリューション"", ""sales"": 1881171000.0, ""sales_prior"": 1904945000.0, ""op"": 153440000.0, ""op_prior"": 112022000.0}], ""total"": {""name"": ""合計"", ""sales"": 19229338000.0, ""sales_prior"": 17926756000.0, ""op"": 2203548000.0, ""op_prior"": 2261518000.0}}"
140120260910534583,6267,2026-09-11T15:30,4,2026-07-31,ok,"{""segments"": [{""name"": ""包装機械事業"", ""sales"": 10036184000.0, ""sales_prior"": 9107457000.0, ""op"": 1227015000.0, ""op_prior"": 1051837000.0}, {""name"": ""生産機械事業"", ""sales"": 1162687000.0, ""sales_prior"": 1001003000.0, ""op"": 71767000.0, ""op_prior"": 21439000.0}], ""total"": null}"
140120260910534569,2353,2026-09-11T15:30,4,2026-07-31,ok,"{""segments"": [{""name"": ""駐車場事業"", ""sales"": 19238999000.0, ""sales_prior"": 17847988000.0, ""op"": 4934205000.0, ""op_prior"": 4490603000.0}, {""name"": ""スキー場事業"", ""sales"": 11498024000.0, ""sales_prior"": 10461767000.0, ""op"": 2373084000.0, ""op_prior"": 2246086000.0}, {""name"": ""テーマパーク事業"", ""sales"": 8993003000.0, ""sales_prior"": 7690737000.0, ""op"": 1707584000.0, ""op_prior"": 1342881000.0}, {""name"": ""その他"", ""sales"": 1108563000.0, ""sales_prior"": 955342000.0, ""op"": 196296000.0, ""op_prior"": 211443000.0}], ""total"": null}"
140120260910534523,5889,2026-09-11T15:30,2,2026-07-31,ok,"{""segments"": [{""name"": ""金子眼鏡"", ""sales"": 7061000000.0, ""sales_prior"": 5876000000.0, ""op"": 2794000000.0, ""op_prior"": 2224000000.0}, {""name"": ""フォーナインズ"", ""sales"": 3196000000.0, ""sales_prior"": 3060000000.0, ""op"": 970000000.0, ""op_prior"": 945000000.0}], ""total"": null}"
140120260910534399,9236,2026-09-11T15:30,3,2026-07-31,none,
140120260910534371,2695,2026-09-11T15:30,3,2026-07-31,ok,"{""segments"": [{""name"": ""日本"", ""sales"": 130930000000.0, ""sales_prior"": 132490000000.0, ""op"": 3394000000.0, ""op_prior"": 5735000000.0}, {""name"": ""北米"", ""sales"": 37204000000.0, ""sales_prior"": 30448000000.0, ""op"": -645000000.0, ""op_prior"": -596000000.0}, {""name"": ""アジア"", ""sales"": 21845000000.0, ""sales_prior"": 18973000000.0, ""op"": 792000000.0, ""op_prior"": 558000000.0}], ""total"": null}"
140120260910534293,7983,2026-09-11T15:30,3,2026-07-31,ok,"{""segments"": [{""name"": ""猟銃事業"", ""sales"": 7724710000.0, ""sales_prior"": 8095703000.0, ""op"": 152912000.0, ""op_prior"": 267405000.0}, {""name"": ""工作機械事業"", ""sales"": 1794819000.0, ""sales_prior"": 1508501000.0, ""op"": 251977000.0, ""op_prior"": 120200000.0}, {""name"": ""クラウドソリューション事業"", ""sales"": 22439000.0, ""sales_prior"": 11938000.0, ""op"": -16550000.0, ""op_prior"": -37023000.0}, {""name"": ""その他"", ""sales"": 33730000.0, ""sales_prior"": 35163000.0, ""op"": 12521000.0, ""op_prior"": 21039000.0}], ""total"": null}"
140120260910534227,8077,2026-09-11T15:30,3,2026-07-31,none,
140120260910534185,7097,2026-09-11T15:30,4,2026-07-31,none,
140120260910534088,3038,2026-09-11T15:30,3,2026-07-31,ok,"{""segments"": [{""name"": ""業務スーパー事業"", ""sales"": 421957000000.0, ""sales_prior"": 401178000000.0, ""op"": 34285000000.0, ""op_prior"": 32782000000.0}, {""name"": ""外食・中食事業"", ""sales"": 14326000000.0, ""sales_prior"": 12673000000.0, ""op"": 947000000.0, ""op_prior"": 842000000.0}, {""name"": ""エコ再生エネルギー事業"", ""sales"": 3331000000.0, ""sales_prior"": 3474000000.0, ""op"": 919000000.0, ""op_prior"": 750000000.0}, {""name"": ""その他"", ""sales"": 35000000.0, ""sales_prior"": 31000000.0, ""op"": -26000000.0, ""op_prior"": -13000000.0}], ""total"": null}"
140120260910533962,9743,2026-09-11T15:30,2,2026-07-31,none,
140120260910533928,2217,2026-09-11T15:30,2,2026-07-31,none,
140120260909533817,5134,2026-09-11T15:30,3,2026-07-31,none,
140120260909533466,9242,2026-09-11T15:30,4,2026-07-31,ok,"{""segments"": [{""name"": ""キャリア支援事業"", ""sales"": 1373221000.0, ""sales_prior"": 1289732000.0, ""op"": 634658000.0, ""op_prior"": 603477000.0}, {""name"": ""WEBコンテンツサービス事業"", ""sales"": 260483000.0, ""sales_prior"": 247384000.0, ""op"": -22477000.0, ""op_prior"": -17353000.0}], ""total"": null}"
140120260909533393,6049,2026-09-11T15:30,3,2026-07-31,none,
140120260909533357,6757,2026-09-11T15:30,2,2026-07-31,ok,"{""segments"": [{""name"": ""水関連機器事業"", ""sales"": 1164155000.0, ""sales_prior"": 1152048000.0, ""op"": 33593000.0, ""op_prior"": -17464000.0}, {""name"": ""メンテナンス事業"", ""sales"": 1040045000.0, ""sales_prior"": 1026715000.0, ""op"": 167270000.0, ""op_prior"": 197605000.0}, {""name"": ""ＨＯＤ（水宅配）事業"", ""sales"": 682074000.0, ""sales_prior"": 721371000.0, ""op"": 20067000.0, ""op_prior"": 41685000.0}, {""name"": ""FOOD事業"", ""sales"": 1217198000.0, ""sales_prior"": 1290828000.0, ""op"": -94794000.0, ""op_prior"": -50986000.0}], ""total"": null}"
140120260907532764,7126,2026-09-11T15:30,4,2026-07-31,none,
140120260828528101,8013,2026-09-11T15:30,2,2026-07-31,ok,"{""segments"": [{""name"": ""ＢtoＢ事業"", ""sales"": 4989000000.0, ""sales_prior"": 4233000000.0, ""op"": -221000000.0, ""op_prior"": -268000000.0}, {""name"": ""ＢtoＣ事業"", ""sales"": 2082000000.0, ""sales_prior"": 1749000000.0, ""op"": -90000000.0, ""op_prior"": -57000000.0}], ""total"": null}"
140120260828528001,2373,2026-09-11T15:30,3,2026-07-31,ok,"{""segments"": [{""name"": ""在宅系介護事業"", ""sales"": 11599053000.0, ""sales_prior"": 11217434000.0, ""op"": 2433427000.0, ""op_prior"": 2277765000.0}, {""name"": ""施設系介護事業"", ""sales"": 20528180000.0, ""sales_prior"": 18933604000.0, ""op"": 1946883000.0, ""op_prior"": 1092941000.0}, {""name"": ""その他"", ""sales"": 8365582000.0, ""sales_prior"": 8601200000.0, ""op"": 479667000.0, ""op_prior"": 625520000.0}], ""total"": null}"
140120260817522012,3320,2026-09-11T15:30,2,2026-07-31,none,
140120260910534591,8079,2026-09-11T15:00,3,2026-07-31,ok,"{""segments"": [{""name"": ""日本"", ""sales"": 86487852000.0, ""sales_prior"": 82222900000.0, ""op"": 3952478000.0, ""op_prior"": 3866820000.0}, {""name"": ""米国"", ""sales"": 10551700000.0, ""sales_prior"": 8366473000.0, ""op"": 921371000.0, ""op_prior"": 529606000.0}, {""name"": ""中国"", ""sales"": 9685570000.0, ""sales_prior"": 8475924000.0, ""op"": 268599000.0, ""op_prior"": 203041000.0}], ""total"": {""name"": ""合計"", ""sales"": 101320611000.0, ""sales_prior"": 94526009000.0, ""op"": 4793294000.0, ""op_prior"": 4218701000.0}}"
140120260910534566,3903,2026-09-11T15:00,1,2026-07-31,ok,"{""segments"": [{""name"": ""モバイルオンラインゲーム事業"", ""sales"": 1111887000.0, ""sales_prior"": 841333000.0, ""op"": -498048000.0, ""op_prior"": -190058000.0}, {""name"": ""ブロックチェーン等事業"", ""sales"": 516124000.0, ""sales_prior"": 512995000.0, ""op"": 311627000.0, ""op_prior"": 262613000.0}], ""total"": null}"
140120260910534370,4996,2026-09-11T15:00,3,2026-07-31,ok,"{""segments"": [{""name"": ""農薬及び農業関連"", ""sales"": 111895000000.0, ""sales_prior"": 108143000000.0, ""op"": 6782000000.0, ""op_prior"": 9976000000.0}, {""name"": ""化成品"", ""sales"": 22566000000.0, ""sales_prior"": 18882000000.0, ""op"": 1873000000.0, ""op_prior"": 1430000000.0}, {""name"": ""その他"", ""sales"": 9847000000.0, ""sales_prior"": 10346000000.0, ""op"": 648000000.0, ""op_prior"": 570000000.0}], ""total"": {""name"": ""合計"", ""sales"": 141406000000.0, ""sales_prior"": 134485000000.0, ""op"": 7628000000.0, ""op_prior"": 10411000000.0}}"
140120260911534965,2991,2026-09-11T14:00,4,2026-07-31,ok,"{""segments"": [{""name"": ""不動産売買事業"", ""sales"": 108513000000.0, ""sales_prior"": 94713000000.0, ""op"": 8415000000.0, ""op_prior"": 7661000000.0}, {""name"": ""不動産賃貸管理事業"", ""sales"": 1544000000.0, ""sales_prior"": 1389000000.0, ""op"": 66000000.0, ""op_prior"": 153000000.0}], ""total"": null}"
140120260911534744,6336,2026-09-11T14:00,2,2026-07-31,ok,"{""segments"": [{""name"": ""電子機器部品製造装置"", ""sales"": 2316000000.0, ""sales_prior"": 2232000000.0, ""op"": 369000000.0, ""op_prior"": 282000000.0}, {""name"": ""ディスプレイ及び電子部品"", ""sales"": 5770000000.0, ""sales_prior"": 5234000000.0, ""op"": 211000000.0, ""op_prior"": 182000000.0}, {""name"": ""その他"", ""sales"": 5000000.0, ""sales_prior"": 4000000.0, ""op"": 0.0, ""op_prior"": 0.0}], ""total"": null}"
140120260910534027,211A,2026-09-11T14:00,4,2026-07-31,ok,"{""segments"": [{""name"": ""建設事業"", ""sales"": 4600168000.0, ""sales_prior"": 5883958000.0, ""op"": 167449000.0, ""op_prior"": 497646000.0}, {""name"": ""不動産事業"", ""sales"": 1283477000.0, ""sales_prior"": 1703949000.0, ""op"": 290276000.0, ""op_prior"": 439644000.0}], ""total"": null}"
140120260909533854,2929,2026-09-11T13:30,4,2026-07-31,ok,"{""segments"": [{""name"": ""BtoB事業"", ""sales"": 7471000000.0, ""sales_prior"": 8182000000.0, ""op"": 1112000000.0, ""op_prior"": 1248000000.0}, {""name"": ""BtoC事業"", ""sales"": 55368000000.0, ""sales_prior"": 56730000000.0, ""op"": 4481000000.0, ""op_prior"": 3703000000.0}, {""name"": ""バイオメディカル事業"", ""sales"": 350000000.0, ""sales_prior"": 331000000.0, ""op"": -838000000.0, ""op_prior"": -378000000.0}, {""name"": ""その他"", ""sales"": 33000000.0, ""sales_prior"": 15000000.0, ""op"": -13000000.0, ""op_prior"": -10000000.0}], ""total"": null}"
140120260910534614,7692,2026-09-11T12:00,4,2026-07-31,ok,"{""segments"": [{""name"": ""エネルギー事業"", ""sales"": 7617549000.0, ""sales_prior"": 6637649000.0, ""op"": 1276730000.0, ""op_prior"": 1104123000.0}, {""name"": ""電子機器事業"", ""sales"": 116277000.0, ""sales_prior"": 87376000.0, ""op"": 33362000.0, ""op_prior"": 30677000.0}], ""total"": null}"
140120260910534559,3930,2026-09-11T12:00,4,2026-07-31,none,
140120260910534360,3921,2026-09-11T12:00,2,2026-07-31,ok,"{""segments"": [{""name"": ""ソフトウエア事業"", ""sales"": 3220302000.0, ""sales_prior"": 2980889000.0, ""op"": 1367255000.0, ""op_prior"": 1262457000.0}, {""name"": ""システム開発サービス事業"", ""sales"": 996686000.0, ""sales_prior"": 963052000.0, ""op"": 29449000.0, ""op_prior"": 29120000.0}, {""name"": ""海外事業"", ""sales"": 45533000.0, ""sales_prior"": 36428000.0, ""op"": -48621000.0, ""op_prior"": -41420000.0}], ""total"": null}"
140120260911534621,9556,2026-09-11T11:30,4,2026-07-31,none,
140120260904531787,3070,2026-09-10T17:30,2,2026-07-31,ok,"{""segments"": [{""name"": ""ライフスタイル"", ""sales"": 2167713000.0, ""sales_prior"": 863290000.0, ""op"": -349950000.0, ""op_prior"": -4620000.0}, {""name"": ""その他"", ""sales"": 94110000.0, ""sales_prior"": null, ""op"": 13141000.0, ""op_prior"": -522000.0}], ""total"": null}"
140120260910534044,7777,2026-09-10T16:00,1,2026-07-31,none,
140120260902530831,4334,2026-09-10T15:45,2,2026-07-31,none,
140120260907532528,5971,2026-09-10T15:40,1,2026-07-31,none,
140120260910534161,4014,2026-09-10T15:30,4,2026-07-31,none,
140120260910534136,6184,2026-09-10T15:30,2,2026-07-31,none,
140120260910534106,5031,2026-09-10T15:30,2,2026-07-31,none,
140120260910534061,215A,2026-09-10T15:30,1,2026-07-31,ok,"{""segments"": [{""name"": ""タイミー事業"", ""sales"": 9976811000.0, ""sales_prior"": 10571132000.0, ""op"": 1981624000.0, ""op_prior"": 2165994000.0}, {""name"": ""その他"", ""sales"": 533627000.0, ""sales_prior"": 316486000.0, ""op"": -44089000.0, ""op_prior"": -57471000.0}], ""total"": {""name"": ""合計"", ""sales"": 10443623000.0, ""sales_prior"": 10856010000.0, ""op"": 1937534000.0, ""op_prior"": 2108522000.0}}"
140120260910534030,7095,2026-09-10T15:30,1,2026-07-31,ok,"{""segments"": [{""name"": ""ＬＴＶマーケティング事業"", ""sales"": 12032000000.0, ""sales_prior"": 12499000000.0, ""op"": 1440000000.0, ""op_prior"": 1473000000.0}, {""name"": ""その他"", ""sales"": 258000000.0, ""sales_prior"": 280000000.0, ""op"": 75000000.0, ""op_prior"": 93000000.0}], ""total"": {""name"": ""合計"", ""sales"": 12290000000.0, ""sales_prior"": 12780000000.0, ""op"": 764000000.0, ""op_prior"": 754000000.0}}"
140120260910534019,4194,2026-09-10T15:30,4,2026-07-31,ok,"{""segments"": [{""name"": ""HR Tech"", ""sales"": 94094000000.0, ""sales_prior"": 77097000000.0, ""op"": 28673000000.0, ""op_prior"": 24739000000.0}, {""name"": ""Incubation"", ""sales"": 5520000000.0, ""sales_prior"": 3139000000.0, ""op"": -2434000000.0, ""op_prior"": -1691000000.0}], ""total"": null}"
140120260910534008,6778,2026-09-10T15:30,4,2026-07-31,none,
140120260910533996,4422,2026-09-10T15:30,4,2026-07-31,none,
140120260910533935,350A,2026-09-10T15:30,4,2026-07-31,ok,"{""segments"": [{""name"": ""電力PF事業"", ""sales"": 5884409000.0, ""sales_prior"": 5420486000.0, ""op"": 3499582000.0, ""op_prior"": 3529801000.0}, {""name"": ""再エネPF事業"", ""sales"": 711496000.0, ""sales_prior"": 448973000.0, ""op"": 370161000.0, ""op_prior"": 120431000.0}, {""name"": ""その他"", ""sales"": 518010000.0, ""sales_prior"": 284146000.0, ""op"": 136445000.0, ""op_prior"": -245731000.0}], ""total"": null}"
140120260910533907,1758,2026-09-10T15:30,2,2026-07-31,ok,"{""segments"": [{""name"": ""特殊土木工事等事業"", ""sales"": 3923781000.0, ""sales_prior"": 3541620000.0, ""op"": 254373000.0, ""op_prior"": 283828000.0}, {""name"": ""住宅関連工事事業"", ""sales"": 2131525000.0, ""sales_prior"": 2271983000.0, ""op"": 80494000.0, ""op_prior"": 71215000.0}, {""name"": ""環境関連工事事業"", ""sales"": 371910000.0, ""sales_prior"": 242339000.0, ""op"": 39389000.0, ""op_prior"": 34029000.0}, {""name"": ""建築事業"", ""sales"": 878636000.0, ""sales_prior"": 1414011000.0, ""op"": 34205000.0, ""op_prior"": -61492000.0}, {""name"": ""機械製造販売等事業"", ""sales"": 16606000.0, ""sales_prior"": 7348000.0, ""op"": 2103000.0, ""op_prior"": 2770000.0}, {""name"": ""再生可能エネルギー等事業"", ""sales"": 23549000.0, ""sales_prior"": 23387000.0, ""op"": 15390000.0, ""op_prior"": 14966000.0}], ""total"": null}"
140120260910533902,6619,2026-09-10T15:30,2,2026-07-31,ok,"{""segments"": [{""name"": ""セパレータ"", ""sales"": 1131000000.0, ""sales_prior"": 847000000.0, ""op"": null, ""op_prior"": null}, {""name"": ""イオン交換膜"", ""sales"": 796000000.0, ""sales_prior"": 603000000.0, ""op"": null, ""op_prior"": null}], ""total"": null}"
140120260909533860,7640,2026-09-10T15:30,3,2026-07-31,ok,"{""segments"": [{""name"": ""蔦屋書店事業"", ""sales"": 13107245000.0, ""sales_prior"": 11861663000.0, ""op"": -28351000.0, ""op_prior"": -344521000.0}, {""name"": ""ゲーム・トレーディングカード事業"", ""sales"": 471362000.0, ""sales_prior"": 373486000.0, ""op"": 62886000.0, ""op_prior"": 29863000.0}, {""name"": ""スポーツ関連事業"", ""sales"": 202457000.0, ""sales_prior"": 201516000.0, ""op"": 5433000.0, ""op_prior"": 18363000.0}, {""name"": ""訪問看護事業"", ""sales"": 167753000.0, ""sales_prior"": 153433000.0, ""op"": 16370000.0, ""op_prior"": 16012000.0}, {""name"": ""飲食事業"", ""sales"": 886166000.0, ""sales_prior"": 883190000.0, ""op"": 47272000.0, ""op_prior"": 30617000.0}], ""total"": {""name"": ""合計"", ""sales"": 14617554000.0, ""sales_prior"": 13250899000.0, ""op"": 133731000.0, ""op_prior"": -221390000.0}}"
140120260909533778,9692,2026-09-10T15:30,2,2026-07-31,ok,"{""segments"": [{""name"": ""インテグレーションセグメント"", ""sales"": 23816000000.0, ""sales_prior"": 19733000000.0, ""op"": 4976000000.0, ""op_prior"": 4167000000.0}, {""name"": ""コネクティッドセグメント"", ""sales"": 6224000000.0, ""sales_prior"": 6105000000.0, ""op"": 1228000000.0, ""op_prior"": 1167000000.0}, {""name"": ""ソリューションセグメント"", ""sales"": 5409000000.0, ""sales_prior"": 5241000000.0, ""op"": 1321000000.0, ""op_prior"": 901000000.0}], ""total"": null}"
140120260909533754,2375,2026-09-10T15:30,3,2026-07-31,ok,"{""segments"": [{""name"": ""オンデマンドエコノミー事業"", ""sales"": 9048669000.0, ""sales_prior"": 7676334000.0, ""op"": 661720000.0, ""op_prior"": 423578000.0}, {""name"": ""Web3サービス事業"", ""sales"": 347755000.0, ""sales_prior"": 52989000.0, ""op"": -25511000.0, ""op_prior"": -527634000.0}, {""name"": ""システムソリューション事業"", ""sales"": 4155751000.0, ""sales_prior"": 3541797000.0, ""op"": 552672000.0, ""op_prior"": 607580000.0}, {""name"": ""シェアリングエコノミー事業"", ""sales"": 4315611000.0, ""sales_prior"": 4673930000.0, ""op"": 292004000.0, ""op_prior"": 571459000.0}], ""total"": {""name"": ""合計"", ""sales"": 17326788000.0, ""sales_prior"": 16712315000.0, ""op"": 370936000.0, ""op_prior"": -193558000.0}}"
140120260909533554,7682,2026-09-10T15:30,4,2026-07-31,none,
140120260909533539,2983,2026-09-10T15:30,2,2026-07-31,ok,"{""segments"": [{""name"": ""戸建住宅"", ""sales"": 27139015000.0, ""sales_prior"": 22620440000.0, ""op"": 3150601000.0, ""op_prior"": 2221128000.0}, {""name"": ""中古再生・収益不動産"", ""sales"": 220482000.0, ""sales_prior"": 229941000.0, ""op"": 8813000.0, ""op_prior"": 16423000.0}, {""name"": ""その他"", ""sales"": 18326000.0, ""sales_prior"": 22034000.0, ""op"": 18316000.0, ""op_prior"": 22020000.0}], ""total"": null}"
140120260909533499,2923,2026-09-10T15:30,1,2026-07-31,none,
140120260909533433,3248,2026-09-10T15:30,3,2026-07-31,ok,"{""segments"": [{""name"": ""運営管理事業"", ""sales"": 2110372000.0, ""sales_prior"": 2157374000.0, ""op"": 417804000.0, ""op_prior"": 428151000.0}, {""name"": ""開発販売事業"", ""sales"": 260546000.0, ""sales_prior"": 409440000.0, ""op"": 82104000.0, ""op_prior"": 105104000.0}], ""total"": null}"
140120260908533193,7196,2026-09-10T15:30,2,2026-07-31,none,
140120260824524929,3246,2026-09-10T15:30,2,2026-07-31,ok,"{""segments"": [{""name"": ""ファミリーマンション販売事業"", ""sales"": 1628870000.0, ""sales_prior"": 1838735000.0, ""op"": 33650000.0, ""op_prior"": 70270000.0}, {""name"": ""資産運用型マンション販売事業"", ""sales"": 804101000.0, ""sales_prior"": 700401000.0, ""op"": -9906000.0, ""op_prior"": -40608000.0}, {""name"": ""不動産賃貸管理事業"", ""sales"": 147878000.0, ""sales_prior"": 179438000.0, ""op"": -3613000.0, ""op_prior"": 49419000.0}, {""name"": ""ビルメンテナンス事業"", ""sales"": 204477000.0, ""sales_prior"": 189550000.0, ""op"": 36200000.0, ""op_prior"": 38244000.0}, {""name"": ""その他"", ""sales"": 33729000.0, ""sales_prior"": 30387000.0, ""op"": 19780000.0, ""op_prior"": 7271000.0}], ""total"": null}"
140120260907532675,272A,2026-09-10T15:00,1,2026-07-31,none,
140120260826526490,2198,2026-09-10T15:00,3,2026-07-31,ok,"{""segments"": [{""name"": ""婚礼事業"", ""sales"": 15417811000.0, ""sales_prior"": 14620009000.0, ""op"": 1282450000.0, ""op_prior"": 1070303000.0}, {""name"": ""介護事業"", ""sales"": 495851000.0, ""sales_prior"": 493551000.0, ""op"": 24448000.0, ""op_prior"": 24050000.0}, {""name"": ""食品事業"", ""sales"": 791970000.0, ""sales_prior"": 324973000.0, ""op"": 94837000.0, ""op_prior"": -23878000.0}, {""name"": ""フォト事業"", ""sales"": 925269000.0, ""sales_prior"": 664918000.0, ""op"": 111357000.0, ""op_prior"": 164287000.0}, {""name"": ""その他"", ""sales"": null, ""sales_prior"": null, ""op"": -46561000.0, ""op_prior"": null}], ""total"": null}"
140120260907532354,4026,2026-09-10T14:30,1,2026-07-31,ok,"{""segments"": [{""name"": ""建材事業"", ""sales"": 3936000000.0, ""sales_prior"": 3771000000.0, ""op"": 385000000.0, ""op_prior"": 284000000.0}, {""name"": ""化成品事業"", ""sales"": 3302000000.0, ""sales_prior"": 3171000000.0, ""op"": 557000000.0, ""op_prior"": 468000000.0}], ""total"": {""name"": ""合計"", ""sales"": 7239000000.0, ""sales_prior"": 6943000000.0, ""op"": 687000000.0, ""op_prior"": 528000000.0}}"
140120260904532167,6577,2026-09-10T14:30,4,2026-07-31,none,
140120260820523664,2163,2026-09-10T14:00,2,2026-07-31,none,
140120260909533811,6535,2026-09-10T12:10,4,2026-07-31,ok,"{""segments"": [{""name"": ""コンシューマ事業"", ""sales"": 19538000000.0, ""sales_prior"": 19059000000.0, ""op"": 4101000000.0, ""op_prior"": 4021000000.0}, {""name"": ""インターネット広告事業"", ""sales"": 2316000000.0, ""sales_prior"": 2411000000.0, ""op"": 74000000.0, ""op_prior"": 153000000.0}], ""total"": null}"
140120260910534004,6696,2026-09-10T12:00,2,2026-07-31,ok,"{""segments"": [{""name"": ""TRaaS事業"", ""sales"": 53151000.0, ""sales_prior"": null, ""op"": null, ""op_prior"": null}, {""name"": ""受注型Product事業"", ""sales"": 79776000.0, ""sales_prior"": null, ""op"": null, ""op_prior"": null}, {""name"": ""テクニカルサービス事業"", ""sales"": 36413000.0, ""sales_prior"": null, ""op"": null, ""op_prior"": null}], ""total"": null}"
140120260909533772,1928,2026-09-10T12:00,2,2026-07-31,none,
140120260909533319,4441,2026-09-10T12:00,3,2026-07-31,ok,"{""segments"": [{""name"": ""セキュリティ事業"", ""sales"": 1497157000.0, ""sales_prior"": 1438463000.0, ""op"": 1024788000.0, ""op_prior"": 1041752000.0}, {""name"": ""ソリューション事業"", ""sales"": 1139114000.0, ""sales_prior"": 636199000.0, ""op"": 321142000.0, ""op_prior"": 133095000.0}], ""total"": {""name"": ""合計"", ""sales"": 2636272000.0, ""sales_prior"": 2074662000.0, ""op"": 755212000.0, ""op_prior"": 759529000.0}}"
140120260908533265,7678,2026-09-09T16:03,2,2026-07-31,none,
140120260909533521,5132,2026-09-09T16:00,3,2026-07-31,none,
140120260909533366,4599,2026-09-09T16:00,4,2026-07-31,none,
140120260908533128,2751,2026-09-09T16:00,1,2026-07-31,ok,"{""segments"": [{""name"": ""物販事業"", ""sales"": 7328000000.0, ""sales_prior"": 7245000000.0, ""op"": 495000000.0, ""op_prior"": 617000000.0}, {""name"": ""情報・サービス事業"", ""sales"": 1130000000.0, ""sales_prior"": 1022000000.0, ""op"": -50000000.0, ""op_prior"": -22000000.0}, {""name"": ""飲食事業"", ""sales"": 6037000000.0, ""sales_prior"": 4145000000.0, ""op"": 12000000.0, ""op_prior"": 155000000.0}], ""total"": {""name"": ""合計"", ""sales"": 14092000000.0, ""sales_prior"": 11978000000.0, ""op"": 427000000.0, ""op_prior"": 715000000.0}}"
140120260909533607,1433,2026-09-09T15:30,2,2026-07-31,ok,"{""segments"": [{""name"": ""解体・メンテナンス事業"", ""sales"": 5859616000.0, ""sales_prior"": 4936275000.0, ""op"": 1282361000.0, ""op_prior"": 882090000.0}, {""name"": ""その他"", ""sales"": 35838000.0, ""sales_prior"": 164443000.0, ""op"": 2979000.0, ""op_prior"": 43715000.0}], ""total"": null}"
140120260909533582,3180,2026-09-09T15:30,1,2026-07-31,ok,"{""segments"": [{""name"": ""物販事業"", ""sales"": 8667802000.0, ""sales_prior"": 7576346000.0, ""op"": 449831000.0, ""op_prior"": 233978000.0}, {""name"": ""店舗設計事業"", ""sales"": 751034000.0, ""sales_prior"": 770730000.0, ""op"": -10055000.0, ""op_prior"": -5458000.0}, {""name"": ""ソリューション事業"", ""sales"": 844255000.0, ""sales_prior"": 675009000.0, ""op"": 93925000.0, ""op_prior"": 57508000.0}], ""total"": {""name"": ""合計"", ""sales"": 10250842000.0, ""sales_prior"": 9012333000.0, ""op"": 475774000.0, ""op_prior"": 239825000.0}}"
140120260909533416,5032,2026-09-09T15:30,1,2026-07-31,none,
140120260909533302,6966,2026-09-09T15:30,2,2026-07-31,ok,"{""segments"": [{""name"": ""金型・工作機械"", ""sales"": 6359000000.0, ""sales_prior"": 5186000000.0, ""op"": 341000000.0, ""op_prior"": 51000000.0}, {""name"": ""電子部品"", ""sales"": 38749000000.0, ""sales_prior"": 28753000000.0, ""op"": 3683000000.0, ""op_prior"": 1578000000.0}, {""name"": ""電機部品"", ""sales"": 89889000000.0, ""sales_prior"": 77406000000.0, ""op"": 8992000000.0, ""op_prior"": 5325000000.0}], ""total"": null}"
140120260908533045,7804,2026-09-09T15:30,3,2026-07-31,none,
140120260908532911,2294,2026-09-09T15:30,1,2026-07-31,ok,"{""segments"": [{""name"": ""精肉事業"", ""sales"": 3587000000.0, ""sales_prior"": 3695000000.0, ""op"": 129000000.0, ""op_prior"": 166000000.0}, {""name"": ""惣菜事業"", ""sales"": 3047000000.0, ""sales_prior"": 3108000000.0, ""op"": 123000000.0, ""op_prior"": 229000000.0}, {""name"": ""和菓子事業"", ""sales"": 1609000000.0, ""sales_prior"": 1543000000.0, ""op"": 25000000.0, ""op_prior"": 25000000.0}, {""name"": ""レストラン事業"", ""sales"": 255000000.0, ""sales_prior"": 349000000.0, ""op"": -21000000.0, ""op_prior"": 0.0}, {""name"": ""食品事業"", ""sales"": 666000000.0, ""sales_prior"": 708000000.0, ""op"": 38000000.0, ""op_prior"": 49000000.0}], ""total"": null}"
140120260907532701,7064,2026-09-09T15:30,2,2026-07-31,none,
140120260908532897,9632,2026-09-08T16:00,2,2026-07-31,ok,"{""segments"": [{""name"": ""道路関連事業"", ""sales"": 13905171000.0, ""sales_prior"": 13522035000.0, ""op"": 2507679000.0, ""op_prior"": 2821286000.0}, {""name"": ""レジャー事業"", ""sales"": 838575000.0, ""sales_prior"": 742725000.0, ""op"": 47610000.0, ""op_prior"": 26845000.0}, {""name"": ""不動産事業"", ""sales"": 584490000.0, ""sales_prior"": 558604000.0, ""op"": 391928000.0, ""op_prior"": 356025000.0}], ""total"": null}"
140120260828527776,7435,2026-09-08T15:40,1,2026-07-31,ok,"{""segments"": [{""name"": ""日本"", ""sales"": 5647733000.0, ""sales_prior"": 6395282000.0, ""op"": -34580000.0, ""op_prior"": -15426000.0}, {""name"": ""北米"", ""sales"": 2503064000.0, ""sales_prior"": 794079000.0, ""op"": 53650000.0, ""op_prior"": -69054000.0}, {""name"": ""中国"", ""sales"": 390112000.0, ""sales_prior"": 253109000.0, ""op"": -15349000.0, ""op_prior"": -29335000.0}, {""name"": ""東南アジア"", ""sales"": 1268796000.0, ""sales_prior"": 671116000.0, ""op"": 86874000.0, ""op_prior"": 7173000.0}], ""total"": null}"
140120260908533095,1436,2026-09-08T15:30,1,2026-07-31,none,
140120260907532703,4880,2026-09-08T15:30,3,2026-07-31,none,
140120260907532355,2438,2026-09-08T15:30,1,2026-07-31,ok,"{""segments"": [{""name"": ""フューネラル事業"", ""sales"": 764379000.0, ""sales_prior"": 760846000.0, ""op"": 55730000.0, ""op_prior"": 99549000.0}, {""name"": ""フォトブック事業"", ""sales"": 863110000.0, ""sales_prior"": 803110000.0, ""op"": 111761000.0, ""op_prior"": 140245000.0}, {""name"": ""空中ディスプレイ事業"", ""sales"": 101075000.0, ""sales_prior"": 85204000.0, ""op"": -72026000.0, ""op_prior"": -93762000.0}], ""total"": {""name"": ""合計"", ""sales"": 1726064000.0, ""sales_prior"": 1646971000.0, ""op"": -65490000.0, ""op_prior"": -17821000.0}}"
140120260904531677,9636,2026-09-08T15:30,2,2026-07-31,ok,"{""segments"": [{""name"": ""シネマ・アミューズメント事業"", ""sales"": 783942000.0, ""sales_prior"": 841407000.0, ""op"": 103276000.0, ""op_prior"": 113962000.0}, {""name"": ""不動産事業"", ""sales"": 1021966000.0, ""sales_prior"": 1036613000.0, ""op"": 204291000.0, ""op_prior"": 239739000.0}], ""total"": null}"
140120260904532061,3071,2026-09-08T15:00,2,2026-07-31,ok,"{""segments"": [{""name"": ""インターネット通販事業"", ""sales"": 16473000000.0, ""sales_prior"": 15728702000.0, ""op"": 410928000.0, ""op_prior"": 307077000.0}, {""name"": ""ビューティー＆ヘルスケア事業"", ""sales"": 304003000.0, ""sales_prior"": 391658000.0, ""op"": -36467000.0, ""op_prior"": -14918000.0}, {""name"": ""その他"", ""sales"": 168683000.0, ""sales_prior"": 196103000.0, ""op"": -2863000.0, ""op_prior"": 3690000.0}], ""total"": null}"
140120260908532943,4238,2026-09-08T14:46,2,2026-07-31,ok,"{""segments"": [{""name"": ""プラスチック成形事業"", ""sales"": 7359513000.0, ""sales_prior"": 5675237000.0, ""op"": 967610000.0, ""op_prior"": 602324000.0}, {""name"": ""成形機事業"", ""sales"": 774811000.0, ""sales_prior"": 763164000.0, ""op"": 85910000.0, ""op_prior"": 72732000.0}], ""total"": null}"
