code,name,market,sector33,avg_turnover_20d,updated_at
1301,極洋,プライム,水産・農林業,155176875.0,2026-10-09T15:00
1332,ニッスイ,プライム,水産・農林業,2128681162.0,2026-10-09T15:00
1333,Ｕｍｉｏｓ,プライム,水産・農林業,624575620.0,2026-10-09T15:00
1375,ユキグニファクトリー,プライム,水産・農林業,46258215.0,2026-10-09T15:00
1376,カネコ種苗,スタンダード,水産・農林業,26293635.0,2026-10-09T15:00
1377,サカタのタネ,プライム,水産・農林業,532528925.0,2026-10-09T15:00
1379,ホクト,プライム,水産・農林業,147418510.0,2026-10-09T15:00
1380,秋川牧園,スタンダード,水産・農林業,928570.0,2026-10-09T15:00
1381,アクシーズ,スタンダード,水産・農林業,12213500.0,2026-10-09T15:00
1382,ホーブ,スタンダード,水産・農林業,4104440.0,2026-10-09T15:00
1383,ベルグアース,スタンダード,水産・農林業,4240700.0,2026-10-09T15:00
1384,ホクリヨウ,スタンダード,水産・農林業,22625670.0,2026-10-09T15:00
1407,ウエストホールディングス,スタンダード,建設業,830495510.0,2026-10-09T15:00
1414,ショーボンドホールディングス,プライム,建設業,1452241630.0,2026-10-09T15:00
1417,ミライト・ワン,プライム,建設業,806705770.0,2026-10-09T15:00
1418,インターライフホールディングス,スタンダード,建設業,30135465.0,2026-10-09T15:00
1419,タマホーム,プライム,建設業,212330835.0,2026-10-09T15:00
1420,サンヨーホームズ,スタンダード,建設業,6875450.0,2026-10-09T15:00
1429,日本アクア,プライム,建設業,53538570.0,2026-10-09T15:00
1430,ファーストコーポレーション,スタンダード,建設業,23311760.0,2026-10-09T15:00
1433,ベステラ,プライム,建設業,90718895.0,2026-10-09T15:00
1434,ＪＥＳＣＯホールディングス,スタンダード,建設業,39805355.0,2026-10-09T15:00
1435,ｒｏｂｏｔ　ｈｏｍｅ,スタンダード,不動産業,51069770.0,2026-10-09T15:00
1438,岐阜造園,スタンダード,建設業,5134090.0,2026-10-09T15:00
1443,技研ホールディングス,スタンダード,建設業,10314210.0,2026-10-09T15:00
1446,キャンディル,スタンダード,建設業,2878260.0,2026-10-09T15:00
1450,ＴＡＮＡＫＥＮ,スタンダード,建設業,5194925.0,2026-10-09T15:00
146A,コロンビア・ワークス,スタンダード,不動産業,142999600.0,2026-10-09T15:00
1491,中外鉱業,スタンダード,非鉄金属,20782135.0,2026-10-09T15:00
1514,住石ホールディングス,スタンダード,鉱業,139161455.0,2026-10-09T15:00
1515,日鉄鉱業,プライム,鉱業,1660040525.0,2026-10-09T15:00
1518,三井松島ホールディングス,プライム,その他製品,776111105.0,2026-10-09T15:00
1605,ＩＮＰＥＸ,プライム,鉱業,20473703335.0,2026-10-09T15:00
160A,アズパートナーズ,スタンダード,サービス業,16362065.0,2026-10-09T15:00
1662,石油資源開発,プライム,鉱業,2403694870.0,2026-10-09T15:00
1663,Ｋ＆Ｏエナジーグループ,プライム,鉱業,368627305.0,2026-10-09T15:00
166A,タスキホールディングス,プライム,不動産業,396174300.0,2026-10-09T15:00
167A,リョーサン菱洋ホールディングス,プライム,卸売業,441067050.0,2026-10-09T15:00
1711,ＳＤＳホールディングス,スタンダード,建設業,5774820.0,2026-10-09T15:00
1716,第一カッター興業,スタンダード,建設業,34445300.0,2026-10-09T15:00
1717,明豊ファシリティワークス,スタンダード,サービス業,12017220.0,2026-10-09T15:00
1718,美樹工業,スタンダード,建設業,6530835.0,2026-10-09T15:00
1719,安藤・間,プライム,建設業,1409768530.0,2026-10-09T15:00
1720,東急建設,プライム,建設業,405613935.0,2026-10-09T15:00
1721,コムシスホールディングス,プライム,建設業,3522601205.0,2026-10-09T15:00
1723,日本電技,スタンダード,建設業,961260290.0,2026-10-09T15:00
1724,シンクレイヤ,スタンダード,建設業,2579935.0,2026-10-09T15:00
1736,オーテック,スタンダード,建設業,10214975.0,2026-10-09T15:00
1758,太洋基礎工業,スタンダード,建設業,5550880.0,2026-10-09T15:00
1762,高松コンストラクショングループ,プライム,建設業,169752375.0,2026-10-09T15:00
1764,工藤建設,スタンダード,建設業,1223685.0,2026-10-09T15:00
1766,東建コーポレーション,プライム,建設業,306867300.0,2026-10-09T15:00
1768,ソネック,スタンダード,建設業,3694275.0,2026-10-09T15:00
1770,藤田エンジニアリング,スタンダード,建設業,18730990.0,2026-10-09T15:00
1780,ヤマウラ,プライム,建設業,43839620.0,2026-10-09T15:00
1783,ｆａｎｔａｓｉｓｔａ,スタンダード,不動産業,302443780.0,2026-10-09T15:00
1786,オリエンタル白石,プライム,建設業,155966410.0,2026-10-09T15:00
1787,ナカボーテック,スタンダード,建設業,2211500.0,2026-10-09T15:00
1788,三東工業社,スタンダード,建設業,2061475.0,2026-10-09T15:00
1793,大本組,スタンダード,建設業,5454910.0,2026-10-09T15:00
1795,マサル,スタンダード,建設業,2992950.0,2026-10-09T15:00
1798,守谷商会,スタンダード,建設業,3836535.0,2026-10-09T15:00
1799,第一建設工業,スタンダード,建設業,51858075.0,2026-10-09T15:00
1801,大成建設,プライム,建設業,9946323375.0,2026-10-09T15:00
1802,大林組,プライム,建設業,8020428058.0,2026-10-09T15:00
1803,清水建設,プライム,建設業,10506870948.0,2026-10-09T15:00
1807,佐藤渡辺,スタンダード,建設業,1927100.0,2026-10-09T15:00
1808,長谷工コーポレーション,プライム,建設業,2292605598.0,2026-10-09T15:00
1810,松井建設,スタンダード,建設業,54397930.0,2026-10-09T15:00
1811,錢高組,スタンダード,建設業,16506300.0,2026-10-09T15:00
1812,鹿島建設,プライム,建設業,10965338785.0,2026-10-09T15:00
1813,不動テトラ,プライム,建設業,230301665.0,2026-10-09T15:00
1814,大末建設,プライム,建設業,250159725.0,2026-10-09T15:00
1815,鉄建建設,プライム,建設業,348585030.0,2026-10-09T15:00
1820,西松建設,プライム,建設業,771374640.0,2026-10-09T15:00
1822,大豊建設,スタンダード,建設業,196836705.0,2026-10-09T15:00
1826,佐田建設,スタンダード,建設業,9980580.0,2026-10-09T15:00
1827,ナカノフドー建設,スタンダード,建設業,29476215.0,2026-10-09T15:00
1828,田辺工業,スタンダード,建設業,33553445.0,2026-10-09T15:00
1833,奥村組,プライム,建設業,946357950.0,2026-10-09T15:00
1835,東鉄工業,プライム,建設業,299041425.0,2026-10-09T15:00
1840,土屋ホールディングス,スタンダード,建設業,6277085.0,2026-10-09T15:00
1844,大盛工業,スタンダード,建設業,82742905.0,2026-10-09T15:00
1847,イチケン,スタンダード,建設業,86416600.0,2026-10-09T15:00
1848,富士ピー・エス,スタンダード,建設業,35316900.0,2026-10-09T15:00
1850,南海辰村建設,スタンダード,建設業,8043100.0,2026-10-09T15:00
1852,淺沼組,プライム,建設業,334205790.0,2026-10-09T15:00
1853,森組,スタンダード,建設業,6414975.0,2026-10-09T15:00
1860,戸田建設,プライム,建設業,1031848312.0,2026-10-09T15:00
1861,熊谷組,プライム,建設業,1106969375.0,2026-10-09T15:00
1866,北野建設,スタンダード,建設業,21270210.0,2026-10-09T15:00
1867,植木組,スタンダード,建設業,17671565.0,2026-10-09T15:00
1870,矢作建設工業,プライム,建設業,235424250.0,2026-10-09T15:00
1871,ピーエス・コンストラクション,プライム,建設業,237866450.0,2026-10-09T15:00
1873,日本ハウスホールディングス,プライム,建設業,26994005.0,2026-10-09T15:00
1878,大東建託,プライム,不動産業,5321885395.0,2026-10-09T15:00
1879,新日本建設,プライム,建設業,545714480.0,2026-10-09T15:00
1882,東亜道路工業,プライム,建設業,577277725.0,2026-10-09T15:00
1885,東亜建設工業,プライム,建設業,834808435.0,2026-10-09T15:00
1887,日本国土開発,プライム,建設業,130962090.0,2026-10-09T15:00
1888,若築建設,プライム,建設業,58218575.0,2026-10-09T15:00
1893,五洋建設,プライム,建設業,3104585732.0,2026-10-09T15:00
1897,金下建設,スタンダード,建設業,3697300.0,2026-10-09T15:00
1898,世紀東急工業,プライム,建設業,252086750.0,2026-10-09T15:00
1899,福田組,プライム,建設業,191973300.0,2026-10-09T15:00
1904,大成温調,スタンダード,建設業,68926255.0,2026-10-09T15:00
1905,テノックス,スタンダード,建設業,7771545.0,2026-10-09T15:00
1911,住友林業,プライム,建設業,5889235782.0,2026-10-09T15:00
1914,日本基礎技術,スタンダード,建設業,15985580.0,2026-10-09T15:00
1921,巴コーポレーション,スタンダード,建設業,26271015.0,2026-10-09T15:00
1925,大和ハウス工業,プライム,建設業,9430732448.0,2026-10-09T15:00
1926,ライト工業,プライム,建設業,554482505.0,2026-10-09T15:00
1928,積水ハウス,プライム,建設業,8310294620.0,2026-10-09T15:00
1929,日特建設,プライム,建設業,111850220.0,2026-10-09T15:00
1930,北陸電気工事,プライム,建設業,77405650.0,2026-10-09T15:00
1934,ユアテック,プライム,建設業,304391080.0,2026-10-09T15:00
1938,日本リーテック,プライム,建設業,176367675.0,2026-10-09T15:00
1939,四電工,プライム,建設業,203439185.0,2026-10-09T15:00
1941,中電工,プライム,建設業,414046700.0,2026-10-09T15:00
1942,関電工,プライム,建設業,5390365020.0,2026-10-09T15:00
1944,きんでん,プライム,建設業,3788943295.0,2026-10-09T15:00
1945,東京エネシス,プライム,建設業,288472155.0,2026-10-09T15:00
1946,トーエネック,プライム,建設業,328187580.0,2026-10-09T15:00
1950,日本電設工業,プライム,建設業,417358725.0,2026-10-09T15:00
1951,エクシオグループ,プライム,建設業,1195377568.0,2026-10-09T15:00
1952,新日本空調,プライム,建設業,373939100.0,2026-10-09T15:00
1959,クラフティア,プライム,建設業,1311185285.0,2026-10-09T15:00
1960,サンテック,スタンダード,建設業,22927720.0,2026-10-09T15:00
1961,三機工業,プライム,建設業,1284679435.0,2026-10-09T15:00
1963,日揮ホールディングス,プライム,建設業,3130274618.0,2026-10-09T15:00
1964,中外炉工業,プライム,建設業,78589450.0,2026-10-09T15:00
1965,テクノ菱和,スタンダード,建設業,511802175.0,2026-10-09T15:00
1966,高田工業所,スタンダード,建設業,3082490.0,2026-10-09T15:00
1967,ヤマト,スタンダード,建設業,35009905.0,2026-10-09T15:00
1968,太平電業,プライム,建設業,273650870.0,2026-10-09T15:00
1969,高砂熱学工業,プライム,建設業,2464475350.0,2026-10-09T15:00
1972,三晃金属工業,スタンダード,建設業,39031355.0,2026-10-09T15:00
1975,朝日工業社,プライム,建設業,233702175.0,2026-10-09T15:00
1976,明星工業,プライム,建設業,127972440.0,2026-10-09T15:00
1979,大氣社,プライム,建設業,682352000.0,2026-10-09T15:00
197A,タウンズ,スタンダード,医薬品,94731600.0,2026-10-09T15:00
1980,ダイダン,プライム,建設業,1548069250.0,2026-10-09T15:00
1981,協和日成,スタンダード,建設業,2455560.0,2026-10-09T15:00
1982,日比谷総合設備,プライム,建設業,241167750.0,2026-10-09T15:00
1992,神田通信機,スタンダード,建設業,1081090.0,2026-10-09T15:00
1994,高橋カーテンウォール工業,スタンダード,建設業,5567220.0,2026-10-09T15:00
1997,暁飯島工業,スタンダード,建設業,5658125.0,2026-10-09T15:00
2001,ニップン,プライム,食料品,475582230.0,2026-10-09T15:00
2002,日清製粉グループ本社,プライム,食料品,1827951262.0,2026-10-09T15:00
2003,日東富士製粉,スタンダード,食料品,42798530.0,2026-10-09T15:00
2004,昭和産業,プライム,食料品,213183850.0,2026-10-09T15:00
2009,鳥越製粉,スタンダード,食料品,19458075.0,2026-10-09T15:00
2053,中部飼料,プライム,食料品,218860915.0,2026-10-09T15:00
2055,日和産業,スタンダード,食料品,2159215.0,2026-10-09T15:00
2060,フィード・ワン,プライム,食料品,136222150.0,2026-10-09T15:00
208A,構造計画研究所ホールディングス,スタンダード,情報・通信業,14089090.0,2026-10-09T15:00
2108,日本甜菜製糖,プライム,食料品,205369506.0,2026-10-09T15:00
2109,ＤＭ三井製糖,プライム,食料品,222382800.0,2026-10-09T15:00
2112,塩水港精糖,スタンダード,食料品,15381445.0,2026-10-09T15:00
2114,フジ日本,スタンダード,食料品,19037465.0,2026-10-09T15:00
2117,ウェルネオシュガー,プライム,食料品,85787550.0,2026-10-09T15:00
211A,カドス・コーポレーション,スタンダード,建設業,17847300.0,2026-10-09T15:00
2120,ＬＩＦＵＬＬ,プライム,サービス業,224654340.0,2026-10-09T15:00
2121,ＭＩＸＩ,プライム,情報・通信業,1118110125.0,2026-10-09T15:00
2122,インタースペース,スタンダード,サービス業,14414340.0,2026-10-09T15:00
2124,ジェイエイシーリクルートメント,プライム,サービス業,449187845.0,2026-10-09T15:00
2127,日本Ｍ＆Ａセンターホールディングス,プライム,サービス業,1868002238.0,2026-10-09T15:00
212A,フィットイージー,プライム,サービス業,650265895.0,2026-10-09T15:00
2130,メンバーズ,プライム,サービス業,108363910.0,2026-10-09T15:00
2134,北浜キャピタルパートナーズ,スタンダード,サービス業,44114425.0,2026-10-09T15:00
2136,ヒップ,スタンダード,サービス業,2279455.0,2026-10-09T15:00
2138,クルーズ,スタンダード,情報・通信業,17083525.0,2026-10-09T15:00
2139,中広,スタンダード,サービス業,3097435.0,2026-10-09T15:00
2146,ＵＴグループ,プライム,サービス業,894100840.0,2026-10-09T15:00
2148,アイティメディア,プライム,サービス業,49379260.0,2026-10-09T15:00
2152,幼児活動研究会,スタンダード,サービス業,1280805.0,2026-10-09T15:00
2153,Ｅ・Ｊホールディングス,プライム,サービス業,107734625.0,2026-10-09T15:00
2154,オープンアップグループ,プライム,サービス業,313070075.0,2026-10-09T15:00
2156,セーラー広告,スタンダード,サービス業,30914710.0,2026-10-09T15:00
2157,コシダカホールディングス,プライム,サービス業,582741495.0,2026-10-09T15:00
2163,アルトナー,プライム,サービス業,39197950.0,2026-10-09T15:00
2164,地域新聞社,スタンダード,サービス業,5162805.0,2026-10-09T15:00
2168,パソナグループ,プライム,サービス業,203973885.0,2026-10-09T15:00
2169,ＣＤＳ,スタンダード,サービス業,4739615.0,2026-10-09T15:00
2170,リンクアンドモチベーション,プライム,サービス業,179989065.0,2026-10-09T15:00
2175,エス・エム・エス,プライム,サービス業,873103235.0,2026-10-09T15:00
2179,成学社,スタンダード,サービス業,1334420.0,2026-10-09T15:00
2181,パーソルホールディングス,プライム,サービス業,2554620755.0,2026-10-09T15:00
2183,リニカル,スタンダード,サービス業,13853760.0,2026-10-09T15:00
2185,シイエム・シイ,スタンダード,サービス業,4071665.0,2026-10-09T15:00
2186,ソーバル,スタンダード,サービス業,2974475.0,2026-10-09T15:00
2193,クックパッド,スタンダード,サービス業,31627865.0,2026-10-09T15:00
2198,アイ・ケイ・ケイホールディングス,プライム,サービス業,22852195.0,2026-10-09T15:00
2201,森永製菓,プライム,食料品,850971188.0,2026-10-09T15:00
2204,中村屋,スタンダード,食料品,38633450.0,2026-10-09T15:00
2206,江崎グリコ,プライム,食料品,985342645.0,2026-10-09T15:00
2207,ｍｅｉｔｏ,プライム,食料品,188213400.0,2026-10-09T15:00
2208,ブルボン,スタンダード,食料品,14028850.0,2026-10-09T15:00
2209,井村屋グループ,プライム,食料品,75951730.0,2026-10-09T15:00
220A,Ｆａｂｅｒ　Ｃｏｍｐａｎｙ,スタンダード,情報・通信業,1760790.0,2026-10-09T15:00
2211,不二家,プライム,食料品,70772700.0,2026-10-09T15:00
2212,山崎製パン,プライム,食料品,2258287460.0,2026-10-09T15:00
2215,第一屋製パン,スタンダード,食料品,4190355.0,2026-10-09T15:00
2216,カンロ,スタンダード,食料品,56910425.0,2026-10-09T15:00
2217,モロゾフ,プライム,食料品,53819375.0,2026-10-09T15:00
2220,亀田製菓,プライム,食料品,305496450.0,2026-10-09T15:00
2221,岩塚製菓,スタンダード,食料品,9838375.0,2026-10-09T15:00
2222,寿スピリッツ,プライム,食料品,1988127670.0,2026-10-09T15:00
2224,コモ,スタンダード,食料品,7019775.0,2026-10-09T15:00
2226,湖池屋,スタンダード,食料品,39788375.0,2026-10-09T15:00
2229,カルビー,プライム,食料品,811056030.0,2026-10-09T15:00
2264,森永乳業,プライム,食料品,2204751185.0,2026-10-09T15:00
2266,六甲バター,プライム,食料品,82792280.0,2026-10-09T15:00
2267,ヤクルト本社,プライム,食料品,3096812185.0,2026-10-09T15:00
2268,Ｂ－Ｒ　サーティワン　アイスクリーム,スタンダード,食料品,13408300.0,2026-10-09T15:00
2269,明治ホールディングス,プライム,食料品,4391155575.0,2026-10-09T15:00
2270,雪印メグミルク,プライム,食料品,563543750.0,2026-10-09T15:00
2281,プリマハム,プライム,食料品,568504155.0,2026-10-09T15:00
2282,日本ハム,プライム,食料品,3390265284.0,2026-10-09T15:00
2286,林兼産業,スタンダード,食料品,13417565.0,2026-10-09T15:00
2288,丸大食品,プライム,食料品,417410575.0,2026-10-09T15:00
2291,福留ハム,スタンダード,食料品,1061740.0,2026-10-09T15:00
2292,Ｓ　Ｆｏｏｄｓ,プライム,食料品,345719785.0,2026-10-09T15:00
2293,滝沢ハム,スタンダード,食料品,3321490.0,2026-10-09T15:00
2294,柿安本店,プライム,食料品,58928005.0,2026-10-09T15:00
2296,伊藤ハム米久ホールディングス,プライム,食料品,633360875.0,2026-10-09T15:00
2300,きょくとう,スタンダード,サービス業,2474885.0,2026-10-09T15:00
2301,学情,プライム,サービス業,222740220.0,2026-10-09T15:00
2303,ドーン,スタンダード,情報・通信業,21860435.0,2026-10-09T15:00
2304,ＣＳＳホールディングス,スタンダード,サービス業,3595655.0,2026-10-09T15:00
2305,スタジオアリス,スタンダード,サービス業,39859945.0,2026-10-09T15:00
2307,クロスキャット,プライム,情報・通信業,55417530.0,2026-10-09T15:00
2311,エプコ,スタンダード,サービス業,6467930.0,2026-10-09T15:00
2315,ＣＡＩＣＡ　ＤＩＧＩＴＡＬ,スタンダード,情報・通信業,343167050.0,2026-10-09T15:00
2317,システナ,プライム,情報・通信業,324032550.0,2026-10-09T15:00
2323,ｆｏｎｆｕｎ,スタンダード,情報・通信業,15120490.0,2026-10-09T15:00
2325,ＮＪＳ,プライム,サービス業,97095150.0,2026-10-09T15:00
2326,デジタルアーツ,プライム,情報・通信業,916161900.0,2026-10-09T15:00
2327,日鉄ソリューションズ,プライム,情報・通信業,1248091650.0,2026-10-09T15:00
2329,東北新社,スタンダード,情報・通信業,49907105.0,2026-10-09T15:00
2330,フォーサイド,スタンダード,情報・通信業,180145280.0,2026-10-09T15:00
2331,ＡＬＳＯＫ,プライム,サービス業,1520029332.0,2026-10-09T15:00
2332,クエスト,スタンダード,情報・通信業,20474520.0,2026-10-09T15:00
2335,キューブシステム,プライム,情報・通信業,44062810.0,2026-10-09T15:00
2337,いちご,プライム,不動産業,378635465.0,2026-10-09T15:00
2338,クオンタムソリューションズ,スタンダード,情報・通信業,20942675.0,2026-10-09T15:00
2340,極楽湯ホールディングス,スタンダード,サービス業,26359280.0,2026-10-09T15:00
2341,アルバイトタイムス,スタンダード,サービス業,6507385.0,2026-10-09T15:00
2342,トランスジェニックグループ,スタンダード,サービス業,7699155.0,2026-10-09T15:00
2345,ＨＯＤＬ１,スタンダード,情報・通信業,8949255.0,2026-10-09T15:00
2349,エヌアイデイ,スタンダード,情報・通信業,7622380.0,2026-10-09T15:00
2351,ＡＳＪ,スタンダード,情報・通信業,1709325.0,2026-10-09T15:00
2353,日本駐車場開発,プライム,不動産業,564500295.0,2026-10-09T15:00
2354,ＹＥ　ＤＩＧＩＴＡＬ,スタンダード,情報・通信業,529338285.0,2026-10-09T15:00
2359,コア,プライム,情報・通信業,34039620.0,2026-10-09T15:00
2371,カカクコム,プライム,サービス業,1152569890.0,2026-10-09T15:00
2373,ケア２１,スタンダード,サービス業,9227465.0,2026-10-09T15:00
2375,ギグワークス,スタンダード,サービス業,20409475.0,2026-10-09T15:00
2376,サイネックス,スタンダード,サービス業,2142105.0,2026-10-09T15:00
2378,ルネサンス,プライム,サービス業,63398720.0,2026-10-09T15:00
2379,ディップ,プライム,サービス業,386224445.0,2026-10-09T15:00
2384,ＳＢＳホールディングス,プライム,陸運業,495990900.0,2026-10-09T15:00
2391,プラネット,スタンダード,サービス業,4442290.0,2026-10-09T15:00
2393,日本ケアサプライ,スタンダード,サービス業,22545675.0,2026-10-09T15:00
2395,新日本科学,プライム,サービス業,290091210.0,2026-10-09T15:00
2404,鉄人化ホールディングス,スタンダード,サービス業,3869010.0,2026-10-09T15:00
2408,ＫＧ情報,スタンダード,サービス業,4040160.0,2026-10-09T15:00
2410,キャリアデザインセンター,プライム,サービス業,181697190.0,2026-10-09T15:00
2411,ゲンダイエージェンシー,スタンダード,情報・通信業,14693280.0,2026-10-09T15:00
2413,エムスリー,プライム,サービス業,5505156882.0,2026-10-09T15:00
2415,ヒューマンホールディングス,スタンダード,サービス業,9964480.0,2026-10-09T15:00
2418,ツカダ・グローバルホールディング,スタンダード,サービス業,57350870.0,2026-10-09T15:00
2424,ブラス,スタンダード,サービス業,4789295.0,2026-10-09T15:00
2425,ケアサービス,スタンダード,サービス業,1192105.0,2026-10-09T15:00
2428,ウェルネット,スタンダード,サービス業,25512220.0,2026-10-09T15:00
2429,ワールドホールディングス,プライム,サービス業,120265865.0,2026-10-09T15:00
2432,ディー・エヌ・エー,プライム,情報・通信業,2533291498.0,2026-10-09T15:00
2433,博報堂ＤＹホールディングス,プライム,サービス業,1064100215.0,2026-10-09T15:00
2435,シダー,スタンダード,サービス業,2320885.0,2026-10-09T15:00
2436,共同ピーアール,スタンダード,サービス業,16678130.0,2026-10-09T15:00
2437,Ｓｈｉｎｗａ　Ｗｉｓｅ　Ｈｏｌｄｉｎｇｓ,スタンダード,サービス業,25799835.0,2026-10-09T15:00
2440,ぐるなび,スタンダード,サービス業,18694600.0,2026-10-09T15:00
2445,タカミヤ,スタンダード,サービス業,27436860.0,2026-10-09T15:00
2449,プラップジャパン,スタンダード,サービス業,57165840.0,2026-10-09T15:00
2454,オールアバウト,スタンダード,サービス業,4512445.0,2026-10-09T15:00
2459,アウンコンサルティング,スタンダード,サービス業,6804495.0,2026-10-09T15:00
2461,ファンコミュニケーションズ,プライム,サービス業,62758065.0,2026-10-09T15:00
2462,ライク,プライム,サービス業,36436730.0,2026-10-09T15:00
2464,Ａｏｂａ‐ＢＢＴ,スタンダード,サービス業,2774755.0,2026-10-09T15:00
2469,ヒビノ,スタンダード,サービス業,37082580.0,2026-10-09T15:00
2471,エスプール,プライム,サービス業,85595630.0,2026-10-09T15:00
2475,ＷＤＢホールディングス,プライム,サービス業,26371990.0,2026-10-09T15:00
2477,手間いらず,スタンダード,情報・通信業,43779050.0,2026-10-09T15:00
2479,ジェイテック,スタンダード,サービス業,22912445.0,2026-10-09T15:00
2480,システム・ロケーション,スタンダード,情報・通信業,4395195.0,2026-10-09T15:00
2481,タウンニュース社,スタンダード,サービス業,1472350.0,2026-10-09T15:00
2483,翻訳センター,スタンダード,サービス業,11820920.0,2026-10-09T15:00
2484,出前館,スタンダード,情報・通信業,60444850.0,2026-10-09T15:00
2485,ティア,スタンダード,サービス業,22802135.0,2026-10-09T15:00
2488,ＪＴＰ,スタンダード,サービス業,28780950.0,2026-10-09T15:00
2489,アドウェイズ,スタンダード,サービス業,58319415.0,2026-10-09T15:00
2491,バリューコマース,プライム,サービス業,47845240.0,2026-10-09T15:00
2492,インフォマート,プライム,サービス業,2225305605.0,2026-10-09T15:00
2493,イーサポートリンク,スタンダード,サービス業,8111670.0,2026-10-09T15:00
2498,オリエンタルコンサルタンツホールディングス,スタンダード,サービス業,36699380.0,2026-10-09T15:00
2499,日本和装ホールディングス,スタンダード,サービス業,2575200.0,2026-10-09T15:00
2501,サッポロビール,プライム,食料品,2245900252.0,2026-10-09T15:00
2502,アサヒグループホールディングス,プライム,食料品,9807032800.0,2026-10-09T15:00
2503,キリンホールディングス,プライム,食料品,9110388158.0,2026-10-09T15:00
250A,シマダヤ,スタンダード,食料品,65797055.0,2026-10-09T15:00
2531,宝ホールディングス,プライム,食料品,2073699145.0,2026-10-09T15:00
2533,オエノンホールディングス,プライム,食料品,59553385.0,2026-10-09T15:00
253A,ＥＴＳグループ,スタンダード,建設業,14895615.0,2026-10-09T15:00
254A,ＡＩフュージョンキャピタルグループ,スタンダード,証券、商品先物取引業,25893945.0,2026-10-09T15:00
255A,ジーエルテクノホールディングス,スタンダード,精密機器,210088150.0,2026-10-09T15:00
256A,飛島ホールディングス,プライム,建設業,525634665.0,2026-10-09T15:00
2573,北海道コカ・コーラボトリング,スタンダード,食料品,13353950.0,2026-10-09T15:00
2579,コカ・コーラ　ボトラーズジャパンホールディングス,プライム,食料品,2763640945.0,2026-10-09T15:00
2585,ライフドリンク　カンパニー,プライム,食料品,752468690.0,2026-10-09T15:00
2587,サントリービバレッジ＆フード,プライム,食料品,3997687735.0,2026-10-09T15:00
2588,プレミアムウォーターホールディングス,スタンダード,食料品,15791800.0,2026-10-09T15:00
2590,ダイドーグループホールディングス,プライム,食料品,199639430.0,2026-10-09T15:00
2593,伊藤園,プライム,食料品,1130707620.0,2026-10-09T15:00
2594,キーコーヒー,プライム,食料品,212881055.0,2026-10-09T15:00
2597,ユニカフェ,スタンダード,食料品,10607410.0,2026-10-09T15:00
2602,日清オイリオグループ,プライム,食料品,552162750.0,2026-10-09T15:00
2607,不二製油,プライム,食料品,1178664660.0,2026-10-09T15:00
2612,かどや製油,スタンダード,食料品,681217865.0,2026-10-09T15:00
2613,Ｊ－オイルミルズ,プライム,食料品,140791770.0,2026-10-09T15:00
261A,日水コン,スタンダード,サービス業,39010155.0,2026-10-09T15:00
262A,インターメスティック,プライム,小売業,285601865.0,2026-10-09T15:00
2652,まんだらけ,スタンダード,小売業,64832935.0,2026-10-09T15:00
2653,イオン九州,スタンダード,小売業,40951955.0,2026-10-09T15:00
2654,アスモ,スタンダード,小売業,9784020.0,2026-10-09T15:00
2656,ベクターホールディングス,スタンダード,小売業,41786735.0,2026-10-09T15:00
2659,サンエー,プライム,小売業,795457375.0,2026-10-09T15:00
2664,カワチ薬品,プライム,小売業,215727025.0,2026-10-09T15:00
2666,オートウェーブ,スタンダード,小売業,9353405.0,2026-10-09T15:00
2667,イメージ　ワン,スタンダード,卸売業,35501970.0,2026-10-09T15:00
2668,タビオ,スタンダード,卸売業,871955.0,2026-10-09T15:00
2669,カネ美食品,スタンダード,小売業,12992050.0,2026-10-09T15:00
2670,エービーシー・マート,プライム,小売業,1815224680.0,2026-10-09T15:00
2673,夢みつけ隊,スタンダード,小売業,8309475.0,2026-10-09T15:00
2674,ハードオフコーポレーション,プライム,小売業,121540525.0,2026-10-09T15:00
2676,高千穂交易,プライム,卸売業,49603025.0,2026-10-09T15:00
2678,アスクル,プライム,小売業,493936250.0,2026-10-09T15:00
2681,ゲオホールディングス,プライム,小売業,374429240.0,2026-10-09T15:00
2683,ＵＯＧｒｏｕｐ,スタンダード,小売業,1161755.0,2026-10-09T15:00
2685,アンドエスティＨＤ,プライム,小売業,692137705.0,2026-10-09T15:00
2687,シー・ヴイ・エス・ベイエリア,スタンダード,サービス業,4218120.0,2026-10-09T15:00
2689,オルバディーブイエックスヘルスケア,スタンダード,卸売業,4869485.0,2026-10-09T15:00
268A,リガク・ホールディングス,プライム,精密機器,3626377100.0,2026-10-09T15:00
2693,ＹＫＴ,スタンダード,卸売業,10410000.0,2026-10-09T15:00
2694,焼肉坂井ホールディングス,スタンダード,小売業,15937525.0,2026-10-09T15:00
2695,くら寿司,プライム,小売業,633923785.0,2026-10-09T15:00
2698,キャンドゥ,スタンダード,小売業,39760525.0,2026-10-09T15:00
2700,木徳神糧,スタンダード,卸売業,16702435.0,2026-10-09T15:00
2702,日本マクドナルドホールディングス,スタンダード,小売業,4863617200.0,2026-10-09T15:00
2705,大戸屋ホールディングス,スタンダード,小売業,171051150.0,2026-10-09T15:00
2708,久世,スタンダード,卸売業,2373720.0,2026-10-09T15:00
2721,ジェイホールディングス,スタンダード,卸売業,4237815.0,2026-10-09T15:00
2722,ＩＫホールディングス,スタンダード,小売業,1967940.0,2026-10-09T15:00
2726,パルグループホールディングス,プライム,小売業,1213715395.0,2026-10-09T15:00
2730,エディオン,プライム,小売業,773731595.0,2026-10-09T15:00
2733,あらた,プライム,卸売業,392077790.0,2026-10-09T15:00
2734,サーラコーポレーション,プライム,小売業,191515635.0,2026-10-09T15:00
2735,ワッツ,スタンダード,小売業,31477370.0,2026-10-09T15:00
2736,フェスタリアホールディングス,スタンダード,小売業,1904435.0,2026-10-09T15:00
2737,トーメンデバイス,プライム,卸売業,6811945500.0,2026-10-09T15:00
2742,ハローズ,プライム,小売業,142133525.0,2026-10-09T15:00
2747,北雄ラッキー,スタンダード,小売業,1379075.0,2026-10-09T15:00
2749,ＪＰホールディングス,プライム,サービス業,236765710.0,2026-10-09T15:00
274A,ガーデン,スタンダード,小売業,12899900.0,2026-10-09T15:00
2750,石光商事,スタンダード,卸売業,10270090.0,2026-10-09T15:00
2751,テンポスホールディングス,スタンダード,卸売業,39629500.0,2026-10-09T15:00
2752,フジオフードグループ本社,プライム,小売業,78616770.0,2026-10-09T15:00
2753,あみやき亭,プライム,小売業,74930140.0,2026-10-09T15:00
2760,東京エレクトロン　デバイス,プライム,卸売業,618977375.0,2026-10-09T15:00
2762,ＳＡＮＫＯ　ＭＡＲＫＥＴＩＮＧ　ＦＯＯＤＳ,スタンダード,小売業,12799915.0,2026-10-09T15:00
2764,ひらまつ,スタンダード,小売業,26823695.0,2026-10-09T15:00
2767,円谷フィールズホールディングス,プライム,卸売業,1045807395.0,2026-10-09T15:00
2768,双日,プライム,卸売業,6594536010.0,2026-10-09T15:00
2769,ヴィレッジヴァンガードコーポレーション,スタンダード,小売業,3571775.0,2026-10-09T15:00
2776,新都ホールディングス,スタンダード,卸売業,24118675.0,2026-10-09T15:00
2778,パレモ・ホールディングス,スタンダード,小売業,8132240.0,2026-10-09T15:00
277A,グロービング,プライム,サービス業,183653960.0,2026-10-09T15:00
2780,コメ兵ホールディングス,スタンダード,小売業,345343575.0,2026-10-09T15:00
2782,セリア,スタンダード,小売業,1727809225.0,2026-10-09T15:00
2784,アルフレッサ　ホールディングス,プライム,卸売業,1015102812.0,2026-10-09T15:00
2788,アップルインターナショナル,スタンダード,卸売業,33365975.0,2026-10-09T15:00
2789,カルラ,スタンダード,小売業,1802795.0,2026-10-09T15:00
2790,ナフコ,スタンダード,小売業,19745620.0,2026-10-09T15:00
2791,大黒天物産,プライム,小売業,178252225.0,2026-10-09T15:00
2792,ハニーズホールディングス,プライム,小売業,93221045.0,2026-10-09T15:00
2795,日本プリメックス,スタンダード,卸売業,895805.0,2026-10-09T15:00
2796,ファーマライズホールディングス,スタンダード,小売業,5214095.0,2026-10-09T15:00
2798,ワイズテーブルコーポレーション,スタンダード,小売業,3459555.0,2026-10-09T15:00
2801,キッコーマン,プライム,食料品,6410284588.0,2026-10-09T15:00
2802,味の素,プライム,食料品,14920355470.0,2026-10-09T15:00
2804,ブルドックソース,プライム,食料品,33803335.0,2026-10-09T15:00
2805,ヱスビー食品,スタンダード,食料品,660472300.0,2026-10-09T15:00
2806,ユタカフーズ,スタンダード,食料品,2438530.0,2026-10-09T15:00
2809,キユーピー,プライム,食料品,2198717805.0,2026-10-09T15:00
2810,ハウス食品グループ本社,プライム,食料品,1087260415.0,2026-10-09T15:00
2811,カゴメ,プライム,食料品,916521478.0,2026-10-09T15:00
2813,和弘食品,スタンダード,食料品,4318850.0,2026-10-09T15:00
2814,佐藤食品工業,スタンダード,食料品,10119960.0,2026-10-09T15:00
2815,アリアケジャパン,プライム,食料品,565770450.0,2026-10-09T15:00
2816,ダイショー,スタンダード,食料品,8381355.0,2026-10-09T15:00
2818,ピエトロ,スタンダード,食料品,5310720.0,2026-10-09T15:00
2819,エバラ食品工業,スタンダード,食料品,25968780.0,2026-10-09T15:00
2820,やまみ,スタンダード,食料品,103633200.0,2026-10-09T15:00
2831,はごろもフーズ,スタンダード,食料品,6052650.0,2026-10-09T15:00
285A,キオクシアホールディングス,プライム,電気機器,1128537050918.0,2026-10-09T15:00
2871,ニチレイ,プライム,食料品,2701851992.0,2026-10-09T15:00
2872,セイヒョー,スタンダード,食料品,3004725.0,2026-10-09T15:00
2874,横浜冷凍,プライム,卸売業,450840840.0,2026-10-09T15:00
2875,東洋水産,プライム,食料品,5078265505.0,2026-10-09T15:00
2876,デルソーレ,スタンダード,食料品,1061700.0,2026-10-09T15:00
2877,日東ベスト,スタンダード,食料品,1395070.0,2026-10-09T15:00
287A,黒田グループ,スタンダード,卸売業,449295210.0,2026-10-09T15:00
2882,イートアンドホールディングス,プライム,食料品,34807520.0,2026-10-09T15:00
2883,大冷,スタンダード,食料品,10032545.0,2026-10-09T15:00
2884,ヨシムラ・フード・ホールディングス,プライム,食料品,57144220.0,2026-10-09T15:00
2892,日本食品化工,スタンダード,食料品,26269125.0,2026-10-09T15:00
2894,石井食品,スタンダード,食料品,2006470.0,2026-10-09T15:00
2897,日清食品ホールディングス,プライム,食料品,3233436472.0,2026-10-09T15:00
2901,ウェルディッシュ,スタンダード,食料品,16473110.0,2026-10-09T15:00
2903,シノブフーズ,スタンダード,食料品,4020095.0,2026-10-09T15:00
2904,一正蒲鉾,スタンダード,食料品,2623330.0,2026-10-09T15:00
2907,あじかん,スタンダード,食料品,4849870.0,2026-10-09T15:00
2908,フジッコ,プライム,食料品,76471875.0,2026-10-09T15:00
2910,ロック・フィールド,プライム,食料品,78829175.0,2026-10-09T15:00
2911,旭松食品,スタンダード,食料品,2087840.0,2026-10-09T15:00
2914,日本たばこ産業,プライム,食料品,26993386320.0,2026-10-09T15:00
2915,ケンコーマヨネーズ,プライム,食料品,65115940.0,2026-10-09T15:00
2916,仙波糖化工業,スタンダード,食料品,1613570.0,2026-10-09T15:00
2917,大森屋,スタンダード,食料品,4009305.0,2026-10-09T15:00
2918,わらべや日洋ホールディングス,プライム,食料品,295860305.0,2026-10-09T15:00
2922,なとり,プライム,食料品,31195370.0,2026-10-09T15:00
2923,サトウ食品,スタンダード,食料品,24499800.0,2026-10-09T15:00
2924,イフジ産業,スタンダード,食料品,3313725.0,2026-10-09T15:00
2926,篠崎屋,スタンダード,食料品,16227025.0,2026-10-09T15:00
2927,ＡＦＣ－ＨＤアムスライフサイエンス,スタンダード,食料品,12555840.0,2026-10-09T15:00
2929,ファーマフーズ,プライム,食料品,281932335.0,2026-10-09T15:00
2930,北の達人コーポレーション,プライム,化学,43893215.0,2026-10-09T15:00
2931,ユーグレナ,プライム,食料品,200359735.0,2026-10-09T15:00
2932,ＳＴＩフードホールディングス,スタンダード,食料品,10878730.0,2026-10-09T15:00
2933,紀文食品,プライム,食料品,93231270.0,2026-10-09T15:00
2935,ピックルスホールディングス,プライム,食料品,29130265.0,2026-10-09T15:00
2938,オカムラ食品工業,スタンダード,食料品,67230415.0,2026-10-09T15:00
2961,日本調理機,スタンダード,金属製品,1326370.0,2026-10-09T15:00
2962,テクニスコ,スタンダード,金属製品,1341690145.0,2026-10-09T15:00
2970,ＧＬＣ　ＧＲＯＵＰ,スタンダード,不動産業,7014860.0,2026-10-09T15:00
2975,スター・マイカ・ホールディングス,プライム,不動産業,515307755.0,2026-10-09T15:00
297A,アルピコホールディングス,スタンダード,小売業,5383700.0,2026-10-09T15:00
2980,ＳＲＥホールディングス,プライム,不動産業,443719390.0,2026-10-09T15:00
2982,ＡＤワークスグループ,プライム,不動産業,91067865.0,2026-10-09T15:00
2984,ヤマイチエステート,スタンダード,不動産業,7257620.0,2026-10-09T15:00
2991,ランドネット,スタンダード,不動産業,13917505.0,2026-10-09T15:00
2993,長栄,スタンダード,不動産業,2065350.0,2026-10-09T15:00
2999,ホームポジション,スタンダード,不動産業,6623995.0,2026-10-09T15:00
3001,片倉工業,スタンダード,繊維製品,87853265.0,2026-10-09T15:00
3002,グンゼ,プライム,繊維製品,711236050.0,2026-10-09T15:00
3003,ヒューリック,プライム,不動産業,3552936502.0,2026-10-09T15:00
3004,神栄,スタンダード,卸売業,14030660.0,2026-10-09T15:00
300A,ＭＩＣ,スタンダード,サービス業,65670315.0,2026-10-09T15:00
3010,ポラリス・ホールディングス,スタンダード,サービス業,20831765.0,2026-10-09T15:00
3011,バナーズ,スタンダード,小売業,1169005.0,2026-10-09T15:00
3020,アプライド,スタンダード,小売業,14325900.0,2026-10-09T15:00
3021,パシフィックネット,スタンダード,サービス業,15685325.0,2026-10-09T15:00
3023,ラサ商事,スタンダード,卸売業,54251695.0,2026-10-09T15:00
3024,クリエイト,スタンダード,卸売業,2787070.0,2026-10-09T15:00
3028,アルペン,プライム,小売業,177281980.0,2026-10-09T15:00
3030,ハブ,スタンダード,小売業,8923240.0,2026-10-09T15:00
3031,ラクーンホールディングス,プライム,情報・通信業,62330995.0,2026-10-09T15:00
3034,クオールホールディングス,プライム,小売業,289235390.0,2026-10-09T15:00
3035,ケイティケイ,スタンダード,卸売業,19838385.0,2026-10-09T15:00
3036,アルコニックス,プライム,卸売業,381635350.0,2026-10-09T15:00
3038,神戸物産,プライム,卸売業,6840911012.0,2026-10-09T15:00
3040,ソリトンシステムズ,プライム,情報・通信業,648139675.0,2026-10-09T15:00
3041,ビューティカダンホールディングス,スタンダード,卸売業,1845730.0,2026-10-09T15:00
3042,セキュアヴェイル,スタンダード,情報・通信業,1112941270.0,2026-10-09T15:00
3045,カワサキ,スタンダード,卸売業,1048370.0,2026-10-09T15:00
3046,ジンズホールディングス,プライム,小売業,1108696850.0,2026-10-09T15:00
3048,ビックカメラ,プライム,小売業,1084646252.0,2026-10-09T15:00
3050,ＤＣＭホールディングス,プライム,小売業,538756435.0,2026-10-09T15:00
3053,ペッパーフードサービス,スタンダード,小売業,38416950.0,2026-10-09T15:00
3054,ハイパー,スタンダード,卸売業,9545410.0,2026-10-09T15:00
3058,三洋堂ホールディングス,スタンダード,小売業,1138005.0,2026-10-09T15:00
3059,ヒラキ,スタンダード,小売業,1284540.0,2026-10-09T15:00
3064,ＭｏｎｏｔａＲＯ,プライム,小売業,4005827705.0,2026-10-09T15:00
3065,ライフフーズ,スタンダード,小売業,2103385.0,2026-10-09T15:00
3067,東京一番フーズ,スタンダード,小売業,11802530.0,2026-10-09T15:00
3068,ＷＤＩ,スタンダード,小売業,5952725.0,2026-10-09T15:00
3069,ＪＦＬＡホールディングス,スタンダード,食料品,16314325.0,2026-10-09T15:00
3071,ストリーム,スタンダード,小売業,5183420.0,2026-10-09T15:00
3075,銚子丸,スタンダード,小売業,22667495.0,2026-10-09T15:00
3076,あい　ホールディングス,プライム,卸売業,307512280.0,2026-10-09T15:00
3077,ホリイフードサービス,スタンダード,小売業,34067670.0,2026-10-09T15:00
3080,ジェーソン,スタンダード,小売業,3047915.0,2026-10-09T15:00
3082,きちりホールディングス,スタンダード,小売業,5309650.0,2026-10-09T15:00
3083,スターシーズ,スタンダード,小売業,390599425.0,2026-10-09T15:00
3086,Ｊ．フロント　リテイリング,プライム,小売業,3073016655.0,2026-10-09T15:00
3087,ドトール・日レスホールディングス,プライム,小売業,346140000.0,2026-10-09T15:00
3088,マツキヨココカラ＆カンパニー,プライム,小売業,4148416180.0,2026-10-09T15:00
3089,テクノアルファ,スタンダード,卸売業,11588685.0,2026-10-09T15:00
3091,ブロンコビリー,プライム,小売業,185771005.0,2026-10-09T15:00
3092,ＺＯＺＯ,プライム,小売業,3046171848.0,2026-10-09T15:00
3093,トレジャー・ファクトリー,プライム,小売業,251243180.0,2026-10-09T15:00
3096,オーシャンシステム,スタンダード,小売業,7459105.0,2026-10-09T15:00
3097,物語コーポレーション,プライム,小売業,1081877250.0,2026-10-09T15:00
3099,三越伊勢丹ホールディングス,プライム,小売業,6414630658.0,2026-10-09T15:00
3101,東洋紡,プライム,化学,667065680.0,2026-10-09T15:00
3103,ユニチカ,スタンダード,繊維製品,7414369575.0,2026-10-09T15:00
3104,富士紡ホールディングス,プライム,繊維製品,529351725.0,2026-10-09T15:00
3105,日清紡ホールディングス,プライム,電気機器,2244522575.0,2026-10-09T15:00
3106,倉敷紡績,プライム,繊維製品,462189635.0,2026-10-09T15:00
3107,ダイワボウホールディングス,プライム,卸売業,1309130785.0,2026-10-09T15:00
3109,シキボウ,プライム,繊維製品,45408665.0,2026-10-09T15:00
3110,日東紡績,プライム,ガラス・土石製品,14959279680.0,2026-10-09T15:00
3111,オーミケンシ,スタンダード,繊維製品,1438710.0,2026-10-09T15:00
3113,ＵＮＩＶＡ・Ｏａｋホールディングス,スタンダード,証券、商品先物取引業,11585815.0,2026-10-09T15:00
3116,トヨタ紡織,プライム,輸送用機器,1126116585.0,2026-10-09T15:00
3121,マーチャント・バンカーズ,スタンダード,サービス業,12953210.0,2026-10-09T15:00
3123,サイボー,スタンダード,繊維製品,1752510.0,2026-10-09T15:00
3131,シンデン・ハイテックス,スタンダード,卸売業,300771750.0,2026-10-09T15:00
3132,マクニカホールディングス,プライム,卸売業,4496834465.0,2026-10-09T15:00
3134,Ｈａｍｅｅ,スタンダード,小売業,16058640.0,2026-10-09T15:00
3135,マーケットエンタープライズ,スタンダード,小売業,12786030.0,2026-10-09T15:00
3137,ファンデリー,スタンダード,小売業,5511935.0,2026-10-09T15:00
3138,富士山マガジンサービス,スタンダード,小売業,2988250.0,2026-10-09T15:00
3139,ラクト・ジャパン,プライム,卸売業,78937975.0,2026-10-09T15:00
3143,オーウイル,スタンダード,卸売業,50960665.0,2026-10-09T15:00
3148,クリエイトＳＤホールディングス,プライム,小売業,330412625.0,2026-10-09T15:00
3150,グリムス,プライム,電気・ガス業,103954650.0,2026-10-09T15:00
3151,バイタルケーエスケー・ホールディングス,プライム,卸売業,124876320.0,2026-10-09T15:00
3153,八洲電機,プライム,卸売業,307952960.0,2026-10-09T15:00
3154,メディアスホールディングス,プライム,卸売業,16941645.0,2026-10-09T15:00
3156,レスター,プライム,卸売業,606264950.0,2026-10-09T15:00
3157,ジオリーブグループ,スタンダード,卸売業,3823875.0,2026-10-09T15:00
3159,丸善ＣＨＩホールディングス,スタンダード,小売業,30648820.0,2026-10-09T15:00
3160,大光,スタンダード,卸売業,8132125.0,2026-10-09T15:00
3161,アゼアス,スタンダード,卸売業,11029985.0,2026-10-09T15:00
3166,ＯＣＨＩホールディングス,スタンダード,卸売業,3674970.0,2026-10-09T15:00
3167,ＴＯＫＡＩホールディングス,プライム,卸売業,854716410.0,2026-10-09T15:00
3168,ＭＥＲＦ,スタンダード,卸売業,75266050.0,2026-10-09T15:00
3169,ミサワ,スタンダード,小売業,4670095.0,2026-10-09T15:00
3172,ティーライフ,スタンダード,小売業,2600105.0,2026-10-09T15:00
3173,Ｃｏｍｉｎｉｘ,スタンダード,卸売業,9120915.0,2026-10-09T15:00
3174,ハピネス・アンド・ディ,スタンダード,小売業,9843355.0,2026-10-09T15:00
3175,エー・ピーホールディングス,スタンダード,小売業,16202265.0,2026-10-09T15:00
3176,三洋貿易,プライム,卸売業,415448970.0,2026-10-09T15:00
3177,ありがとうサービス,スタンダード,小売業,12082675.0,2026-10-09T15:00
3178,チムニー,スタンダード,小売業,20130610.0,2026-10-09T15:00
3179,シュッピン,プライム,小売業,222533005.0,2026-10-09T15:00
3180,ビューティガレージ,プライム,卸売業,83671255.0,2026-10-09T15:00
3181,買取王国,スタンダード,小売業,3352255.0,2026-10-09T15:00
3182,オイシックス,プライム,小売業,145947695.0,2026-10-09T15:00
3183,ウイン・パートナーズ,プライム,卸売業,26438885.0,2026-10-09T15:00
3184,ＩＣＤＡホールディングス,スタンダード,小売業,1792775.0,2026-10-09T15:00
3186,ネクステージ,プライム,小売業,2457370585.0,2026-10-09T15:00
3189,ＡＮＡＰホールディングス,スタンダード,小売業,27376140.0,2026-10-09T15:00
3190,ホットマン,スタンダード,小売業,883860.0,2026-10-09T15:00
3191,ジョイフル本田,プライム,小売業,319874115.0,2026-10-09T15:00
3192,白鳩,スタンダード,小売業,18479340.0,2026-10-09T15:00
3193,エターナルホスピタリティグループ,プライム,小売業,230270845.0,2026-10-09T15:00
3195,ジェネレーションパス,スタンダード,小売業,32109045.0,2026-10-09T15:00
3196,ホットランドホールディングス,プライム,小売業,123678705.0,2026-10-09T15:00
3197,すかいらーくホールディングス,プライム,小売業,2861153855.0,2026-10-09T15:00
3199,綿半ホールディングス,プライム,小売業,67209890.0,2026-10-09T15:00
3201,日本毛織,プライム,繊維製品,136950525.0,2026-10-09T15:00
3202,ダイトウボウ,スタンダード,繊維製品,3854675.0,2026-10-09T15:00
3204,トーア紡コーポレーション,スタンダード,繊維製品,2706820.0,2026-10-09T15:00
3205,ダイドーリミテッド,スタンダード,繊維製品,51084275.0,2026-10-09T15:00
3221,ヨシックスホールディングス,プライム,小売業,163444790.0,2026-10-09T15:00
3222,ユナイテッド・スーパーマーケット・ホールディングス,スタンダード,小売業,318267770.0,2026-10-09T15:00
3223,エスエルディー,スタンダード,小売業,2389615.0,2026-10-09T15:00
3231,野村不動産ホールディングス,プライム,不動産業,4426716902.0,2026-10-09T15:00
3232,三重交通グループホールディングス,プライム,不動産業,134004305.0,2026-10-09T15:00
3236,プロパスト,スタンダード,不動産業,23030420.0,2026-10-09T15:00
3238,セントラル総合開発,スタンダード,不動産業,6529645.0,2026-10-09T15:00
3241,ウィル,スタンダード,不動産業,2607445.0,2026-10-09T15:00
3242,アーバネットコーポレーション,スタンダード,不動産業,24751415.0,2026-10-09T15:00
3245,ディア・ライフ,プライム,不動産業,571653945.0,2026-10-09T15:00
3246,コーセーアールイー,スタンダード,不動産業,4149355.0,2026-10-09T15:00
3248,アールエイジ,スタンダード,不動産業,2659140.0,2026-10-09T15:00
3252,地主,プライム,不動産業,434777390.0,2026-10-09T15:00
3266,ファンドクリエーショングループ,スタンダード,不動産業,2439825.0,2026-10-09T15:00
3267,フィル・カンパニー,スタンダード,建設業,11608495.0,2026-10-09T15:00
3276,ＪＰＭＣ,プライム,不動産業,200868165.0,2026-10-09T15:00
3277,サンセイランディック,スタンダード,不動産業,12499530.0,2026-10-09T15:00
3280,エストラスト,スタンダード,不動産業,3925600.0,2026-10-09T15:00
3284,フージャースホールディングス,プライム,不動産業,363062195.0,2026-10-09T15:00
3286,トラストホールディングス,スタンダード,不動産業,3069520.0,2026-10-09T15:00
3288,オープンハウスグループ,プライム,不動産業,2042783875.0,2026-10-09T15:00
3289,東急不動産ホールディングス,プライム,不動産業,3354525360.0,2026-10-09T15:00
3291,飯田グループホールディングス,プライム,不動産業,1191982165.0,2026-10-09T15:00
3293,アズマハウス,スタンダード,不動産業,3576900.0,2026-10-09T15:00
3297,東武住販,スタンダード,不動産業,2932510.0,2026-10-09T15:00
3299,ムゲンエステート,スタンダード,不動産業,178383400.0,2026-10-09T15:00
3302,帝国繊維,プライム,繊維製品,152017265.0,2026-10-09T15:00
3306,日本製麻,スタンダード,卸売業,53653825.0,2026-10-09T15:00
3315,日本コークス工業,プライム,石油・石炭製品,756280435.0,2026-10-09T15:00
3317,フライングガーデン,スタンダード,小売業,1573755.0,2026-10-09T15:00
331A,メディックス,スタンダード,サービス業,2175010.0,2026-10-09T15:00
3320,クロスプラス,スタンダード,卸売業,6863060.0,2026-10-09T15:00
3321,ミタチ産業,スタンダード,卸売業,114719185.0,2026-10-09T15:00
3323,レカム,スタンダード,卸売業,23905080.0,2026-10-09T15:00
3326,ランシステム,スタンダード,サービス業,3174600.0,2026-10-09T15:00
3329,東和フードサービス,スタンダード,小売業,10040600.0,2026-10-09T15:00
3333,あさひ,プライム,小売業,196922765.0,2026-10-09T15:00
3349,コスモス薬品,プライム,小売業,2626895465.0,2026-10-09T15:00
3350,メタプラネット,スタンダード,卸売業,5891432065.0,2026-10-09T15:00
3352,バッファロー,スタンダード,小売業,1829595.0,2026-10-09T15:00
3353,メディカル一光グループ,スタンダード,小売業,5355870.0,2026-10-09T15:00
3355,クリヤマホールディングス,スタンダード,卸売業,38209730.0,2026-10-09T15:00
3358,Ｔｒａｉｌｈｅａｄ　Ｇｌｏｂａｌ　Ｈｏｌｄｉｎｇｓ,スタンダード,小売業,5655365.0,2026-10-09T15:00
3360,シップヘルスケアホールディングス,プライム,卸売業,543489070.0,2026-10-09T15:00
3361,トーエル,スタンダード,小売業,4444100.0,2026-10-09T15:00
3370,フジタコーポレーション,スタンダード,小売業,5187250.0,2026-10-09T15:00
3371,ソフトクリエイトホールディングス,プライム,情報・通信業,142406730.0,2026-10-09T15:00
3372,関門海,スタンダード,小売業,4005880.0,2026-10-09T15:00
3374,内外テック,スタンダード,卸売業,199633775.0,2026-10-09T15:00
3375,ＺＯＡ,スタンダード,小売業,1115270.0,2026-10-09T15:00
3377,バイク王＆カンパニー,スタンダード,卸売業,16465325.0,2026-10-09T15:00
3382,セブン＆アイ・ホールディングス,プライム,小売業,15704887518.0,2026-10-09T15:00
3386,コスモ・バイオ,スタンダード,卸売業,3874365.0,2026-10-09T15:00
3387,クリエイト・レストランツ・ホールディングス,プライム,小売業,717786110.0,2026-10-09T15:00
3388,明治電機工業,プライム,卸売業,61203320.0,2026-10-09T15:00
3391,ツルハホールディングス,プライム,小売業,4299146375.0,2026-10-09T15:00
3392,デリカフーズホールディングス,スタンダード,卸売業,25242975.0,2026-10-09T15:00
3393,スターティアホールディングス,プライム,卸売業,119751050.0,2026-10-09T15:00
3395,サンマルクホールディングス,プライム,小売業,287933435.0,2026-10-09T15:00
3396,フェリシモ,スタンダード,小売業,4743910.0,2026-10-09T15:00
3397,トリドールホールディングス,プライム,小売業,1634402305.0,2026-10-09T15:00
3399,丸千代山岡家,スタンダード,小売業,470104800.0,2026-10-09T15:00
3401,帝人,プライム,繊維製品,1023705152.0,2026-10-09T15:00
3402,東レ,プライム,繊維製品,5287695120.0,2026-10-09T15:00
3405,クラレ,プライム,化学,2662034262.0,2026-10-09T15:00
3407,旭化成,プライム,化学,7101149972.0,2026-10-09T15:00
3409,北紡,スタンダード,繊維製品,4968765.0,2026-10-09T15:00
3415,ＴＯＫＹＯ　ＢＡＳＥ,プライム,小売業,132246515.0,2026-10-09T15:00
3416,ピクスタ,スタンダード,小売業,1296695.0,2026-10-09T15:00
3417,大木ヘルスケアホールディングス,スタンダード,卸売業,7527860.0,2026-10-09T15:00
3420,ケー・エフ・シー,スタンダード,金属製品,4295015.0,2026-10-09T15:00
3421,稲葉製作所,スタンダード,金属製品,46643245.0,2026-10-09T15:00
3422,Ｊ－ＭＡＸ,スタンダード,金属製品,25836695.0,2026-10-09T15:00
3423,エスイー,スタンダード,金属製品,4732935.0,2026-10-09T15:00
3426,アトムリビンテック,スタンダード,金属製品,1398970.0,2026-10-09T15:00
3431,宮地エンジニアリンググループ,プライム,金属製品,148535205.0,2026-10-09T15:00
3433,トーカロ,プライム,金属製品,618578205.0,2026-10-09T15:00
3434,アルファＣｏ,スタンダード,金属製品,5753835.0,2026-10-09T15:00
3435,サンコーテクノ,スタンダード,金属製品,3491895.0,2026-10-09T15:00
3436,ＳＵＭＣＯ,プライム,金属製品,34033903070.0,2026-10-09T15:00
3437,特殊電極,スタンダード,金属製品,1177910.0,2026-10-09T15:00
3439,三ツ知,スタンダード,金属製品,1028550.0,2026-10-09T15:00
343A,ＩＡＣＥトラベル,スタンダード,サービス業,9125350.0,2026-10-09T15:00
3440,日創グループ,スタンダード,金属製品,11025730.0,2026-10-09T15:00
3441,山王,スタンダード,金属製品,225434775.0,2026-10-09T15:00
3443,川田テクノロジーズ,プライム,金属製品,266822240.0,2026-10-09T15:00
3444,菊池製作所,スタンダード,金属製品,904396445.0,2026-10-09T15:00
3445,ＲＳ　Ｔｅｃｈｎｏｌｏｇｉｅｓ,プライム,金属製品,1151764250.0,2026-10-09T15:00
3446,ジェイテックコーポレーション,スタンダード,金属製品,24241180.0,2026-10-09T15:00
3447,信和,スタンダード,金属製品,32513990.0,2026-10-09T15:00
3449,テクノフレックス,スタンダード,金属製品,543178000.0,2026-10-09T15:00
3452,ビーロット,スタンダード,不動産業,91077995.0,2026-10-09T15:00
3454,ファーストブラザーズ,スタンダード,不動産業,5134895.0,2026-10-09T15:00
3457,Ａｎｄ　Ｄｏホールディングス,プライム,不動産業,164191740.0,2026-10-09T15:00
3461,パルマ,スタンダード,不動産業,5885840.0,2026-10-09T15:00
3465,ケイアイスター不動産,プライム,不動産業,410697600.0,2026-10-09T15:00
3467,アグレ都市デザイン,スタンダード,不動産業,16472565.0,2026-10-09T15:00
3469,デュアルタップ,スタンダード,不動産業,5063005.0,2026-10-09T15:00
3475,グッドコムアセット,プライム,不動産業,211598045.0,2026-10-09T15:00
3477,フォーライフ,スタンダード,不動産業,4027265.0,2026-10-09T15:00
3482,ロードスターキャピタル,プライム,不動産業,235616525.0,2026-10-09T15:00
3484,イノベーションホールディングス,スタンダード,不動産業,9489550.0,2026-10-09T15:00
3486,グローバル・リンク・マネジメント,プライム,不動産業,174961230.0,2026-10-09T15:00
3489,フェイスネットワーク,スタンダード,不動産業,35228225.0,2026-10-09T15:00
3490,アズ企画設計,スタンダード,不動産業,4640850.0,2026-10-09T15:00
3494,マリオン,スタンダード,不動産業,3887935.0,2026-10-09T15:00
3495,香陵住販,スタンダード,不動産業,2835030.0,2026-10-09T15:00
3496,アズーム,プライム,不動産業,228447925.0,2026-10-09T15:00
3498,霞ヶ関キャピタル,プライム,不動産業,3248868150.0,2026-10-09T15:00
3501,ＳＵＭＩＮＯＥ,プライム,繊維製品,17782190.0,2026-10-09T15:00
3512,日本フエルト,スタンダード,繊維製品,21502570.0,2026-10-09T15:00
3513,イチカワ,スタンダード,繊維製品,11345525.0,2026-10-09T15:00
3521,テルマー湯ホールディングス,スタンダード,サービス業,2280740.0,2026-10-09T15:00
3524,日東製網,スタンダード,繊維製品,3064645.0,2026-10-09T15:00
3529,アツギ,スタンダード,繊維製品,58899935.0,2026-10-09T15:00
3536,アクサスホールディングス,スタンダード,小売業,1008405.0,2026-10-09T15:00
3537,昭栄薬品,スタンダード,卸売業,11999545.0,2026-10-09T15:00
3538,ウイルプラスホールディングス,スタンダード,小売業,11588130.0,2026-10-09T15:00
3539,ＪＭホールディングス,プライム,小売業,222117045.0,2026-10-09T15:00
3543,コメダホールディングス,プライム,卸売業,506399005.0,2026-10-09T15:00
3544,サツドラホールディングス,スタンダード,小売業,19022050.0,2026-10-09T15:00
3547,ユニシアホールディングス,スタンダード,小売業,52455435.0,2026-10-09T15:00
3548,バロックジャパンリミテッド,プライム,小売業,97493395.0,2026-10-09T15:00
3549,クスリのアオキホールディングス,スタンダード,小売業,1693971160.0,2026-10-09T15:00
3551,ダイニック,スタンダード,繊維製品,25531960.0,2026-10-09T15:00
3553,共和レザー,スタンダード,化学,28409075.0,2026-10-09T15:00
3559,ピーバンドットコム,スタンダード,卸売業,2680180.0,2026-10-09T15:00
3560,ほぼ日,スタンダード,小売業,21879400.0,2026-10-09T15:00
3561,力の源ホールディングス,プライム,小売業,187618205.0,2026-10-09T15:00
3562,Ｎｏ．１,スタンダード,卸売業,297705095.0,2026-10-09T15:00
3563,ＦＯＯＤ　＆　ＬＩＦＥ　ＣＯＭＰＡＮＩＥＳ,プライム,小売業,14229356650.0,2026-10-09T15:00
3565,アセンテック,スタンダード,卸売業,156159660.0,2026-10-09T15:00
3569,セーレン,プライム,繊維製品,521951050.0,2026-10-09T15:00
3571,ソトー,スタンダード,繊維製品,3413440.0,2026-10-09T15:00
3577,東海染工,スタンダード,繊維製品,1342415.0,2026-10-09T15:00
3580,小松マテーレ,プライム,繊維製品,62174205.0,2026-10-09T15:00
3583,オーベクス,スタンダード,繊維製品,1101555.0,2026-10-09T15:00
3591,ワコールホールディングス,プライム,繊維製品,588162650.0,2026-10-09T15:00
3597,自重堂,スタンダード,繊維製品,21414550.0,2026-10-09T15:00
3598,山喜,スタンダード,繊維製品,2666485.0,2026-10-09T15:00
3600,フジックス,スタンダード,繊維製品,592130.0,2026-10-09T15:00
3607,クラウディアホールディングス,スタンダード,繊維製品,16070500.0,2026-10-09T15:00
3608,ＴＳＩホールディングス,プライム,繊維製品,290984575.0,2026-10-09T15:00
3611,マツオカコーポレーション,スタンダード,繊維製品,52159070.0,2026-10-09T15:00
3612,ワールド,プライム,繊維製品,444918195.0,2026-10-09T15:00
3622,ネットイヤーグループ,スタンダード,情報・通信業,1998320.0,2026-10-09T15:00
3626,ＴＩＳＩ,プライム,情報・通信業,3551027360.0,2026-10-09T15:00
3627,テクミラホールディングス,スタンダード,情報・通信業,5658120.0,2026-10-09T15:00
3632,グリーホールディングス,プライム,情報・通信業,214105035.0,2026-10-09T15:00
3633,ＧＭＯペパボ,スタンダード,情報・通信業,52861810.0,2026-10-09T15:00
3634,ソケッツ,スタンダード,情報・通信業,29437270.0,2026-10-09T15:00
3635,コーエーテクモホールディングス,プライム,情報・通信業,1405506305.0,2026-10-09T15:00
3636,三菱総合研究所,プライム,情報・通信業,186658425.0,2026-10-09T15:00
3639,ボルテージ,スタンダード,情報・通信業,1129850.0,2026-10-09T15:00
3640,電算,スタンダード,情報・通信業,28471525.0,2026-10-09T15:00
3641,パピレス,スタンダード,情報・通信業,3562370.0,2026-10-09T15:00
3645,メディカルネット,スタンダード,情報・通信業,6831280.0,2026-10-09T15:00
3646,駅探,スタンダード,情報・通信業,1765195.0,2026-10-09T15:00
3647,アスリナ,スタンダード,情報・通信業,7454580.0,2026-10-09T15:00
3648,ＡＧＳ,スタンダード,情報・通信業,7950110.0,2026-10-09T15:00
3649,ファインデックス,プライム,情報・通信業,55806445.0,2026-10-09T15:00
3656,ＫＬａｂ,プライム,情報・通信業,294926425.0,2026-10-09T15:00
3657,ポールトゥウィンホールディングス,プライム,情報・通信業,128587155.0,2026-10-09T15:00
3659,ネクソン,プライム,情報・通信業,10744031488.0,2026-10-09T15:00
365A,伊澤タオル,スタンダード,繊維製品,23034030.0,2026-10-09T15:00
3660,アイスタイル,プライム,情報・通信業,433228115.0,2026-10-09T15:00
3661,エムアップホールディングス,プライム,情報・通信業,318103465.0,2026-10-09T15:00
3662,エイチームホールディングス,プライム,情報・通信業,61917090.0,2026-10-09T15:00
3663,セルシス,プライム,情報・通信業,322468655.0,2026-10-09T15:00
3665,エニグモ,プライム,情報・通信業,69870280.0,2026-10-09T15:00
3667,ｅｎｉｓｈ,スタンダード,情報・通信業,5368705.0,2026-10-09T15:00
3668,コロプラ,プライム,情報・通信業,228565555.0,2026-10-09T15:00
3670,協立情報通信,スタンダード,情報・通信業,,2026-10-09T15:00
3671,ソフトマックス,スタンダード,情報・通信業,7365225.0,2026-10-09T15:00
3672,オルトプラス,スタンダード,情報・通信業,3392190.0,2026-10-09T15:00
3673,ブロードリーフ,プライム,情報・通信業,325762880.0,2026-10-09T15:00
3675,クロス・マーケティンググループ,スタンダード,情報・通信業,15149860.0,2026-10-09T15:00
3676,デジタルハーツホールディングス,プライム,情報・通信業,197112685.0,2026-10-09T15:00
3678,メディアドゥ,プライム,情報・通信業,51935600.0,2026-10-09T15:00
3679,じげん,プライム,情報・通信業,181576600.0,2026-10-09T15:00
367A,プリモグローバルホールディングス,スタンダード,小売業,91175330.0,2026-10-09T15:00
3682,エンカレッジ・テクノロジ,スタンダード,情報・通信業,9948105.0,2026-10-09T15:00
3683,サイバーリンクス,スタンダード,情報・通信業,24495275.0,2026-10-09T15:00
3686,ディー・エル・イー,スタンダード,情報・通信業,32151115.0,2026-10-09T15:00
3687,フィックスターズ,プライム,情報・通信業,1170936160.0,2026-10-09T15:00
368A,北里,プライム,精密機器,127022335.0,2026-10-09T15:00
3690,イルグルム,スタンダード,情報・通信業,5664895.0,2026-10-09T15:00
3694,オプティム,プライム,情報・通信業,90379405.0,2026-10-09T15:00
3696,セレス,プライム,情報・通信業,273647945.0,2026-10-09T15:00
3697,ＳＨＩＦＴ,プライム,情報・通信業,3341162791.0,2026-10-09T15:00
3698,ＣＲＩ・ミドルウェア,スタンダード,情報・通信業,5037925.0,2026-10-09T15:00
3708,特種東海製紙,プライム,パルプ・紙,139788620.0,2026-10-09T15:00
3710,ジョルダン,スタンダード,情報・通信業,1937440.0,2026-10-09T15:00
3712,情報企画,スタンダード,情報・通信業,5104355.0,2026-10-09T15:00
3719,ＡＩストーム,スタンダード,情報・通信業,35896890.0,2026-10-09T15:00
3726,フォーシーズＨＤ,スタンダード,小売業,9986825.0,2026-10-09T15:00
372A,レント,スタンダード,サービス業,23098500.0,2026-10-09T15:00
3733,ソフトウェア・サービス,スタンダード,情報・通信業,36250100.0,2026-10-09T15:00
3741,セック,プライム,情報・通信業,170037275.0,2026-10-09T15:00
3744,サイオス,スタンダード,情報・通信業,4730280.0,2026-10-09T15:00
3747,インタートレード,スタンダード,情報・通信業,14616530.0,2026-10-09T15:00
3750,ＡＤＲバイオメディカルホールディングス,スタンダード,情報・通信業,5526655.0,2026-10-09T15:00
3753,フライトソリューションズ,スタンダード,情報・通信業,101144585.0,2026-10-09T15:00
3758,アエリア,スタンダード,情報・通信業,3216860.0,2026-10-09T15:00
3760,ケイブ,スタンダード,情報・通信業,6958830.0,2026-10-09T15:00
3762,テクマトリックス,プライム,情報・通信業,1026662410.0,2026-10-09T15:00
3763,プロシップ,プライム,情報・通信業,130545550.0,2026-10-09T15:00
3765,ガンホー・オンライン・エンターテイメント,プライム,情報・通信業,492683155.0,2026-10-09T15:00
3766,システムズ・デザイン,スタンダード,情報・通信業,5684720.0,2026-10-09T15:00
3768,リスクモンスター,スタンダード,情報・通信業,2256150.0,2026-10-09T15:00
3769,ＧＭＯペイメントゲートウェイ,プライム,情報・通信業,2481380005.0,2026-10-09T15:00
3771,システムリサーチ,プライム,情報・通信業,175869620.0,2026-10-09T15:00
3772,ウェルス・マネジメント,スタンダード,不動産業,24291805.0,2026-10-09T15:00
3774,インターネットイニシアティブ,プライム,情報・通信業,1617335670.0,2026-10-09T15:00
3776,ブロードバンドタワー,スタンダード,情報・通信業,109253275.0,2026-10-09T15:00
3778,さくらインターネット,プライム,情報・通信業,2749122200.0,2026-10-09T15:00
3779,ジェイ・エスコムホールディングス,スタンダード,情報・通信業,3245755.0,2026-10-09T15:00
3787,テクノマセマティカル,スタンダード,情報・通信業,40330005.0,2026-10-09T15:00
3788,ＧＭＯグローバルサイン・ホールディングス,プライム,情報・通信業,119971890.0,2026-10-09T15:00
3791,ＩＧポート,スタンダード,情報・通信業,58539575.0,2026-10-09T15:00
3796,いい生活,スタンダード,情報・通信業,9387830.0,2026-10-09T15:00
3798,ＵＬＳグループ,スタンダード,情報・通信業,120481495.0,2026-10-09T15:00
3799,キーウェアソリューションズ,スタンダード,情報・通信業,7978080.0,2026-10-09T15:00
3800,ユニリタ,スタンダード,情報・通信業,3833440.0,2026-10-09T15:00
3802,エコミック,スタンダード,情報・通信業,1221720.0,2026-10-09T15:00
3804,システム　ディ,スタンダード,情報・通信業,2378930.0,2026-10-09T15:00
3810,サイバーステップホールディングス,スタンダード,情報・通信業,82183840.0,2026-10-09T15:00
3816,大和コンピューター,スタンダード,情報・通信業,878700.0,2026-10-09T15:00
3817,ＳＲＡホールディングス,プライム,情報・通信業,164822575.0,2026-10-09T15:00
3823,ＴＨＥ　ＷＨＹ　ＨＯＷ　ＤＯ　ＣＯＭＰＡＮＹ,スタンダード,情報・通信業,298638110.0,2026-10-09T15:00
3825,リミックスポイント,スタンダード,小売業,247475635.0,2026-10-09T15:00
3826,システムインテグレータ,スタンダード,情報・通信業,4265875.0,2026-10-09T15:00
3834,朝日ネット,プライム,情報・通信業,35711745.0,2026-10-09T15:00
3835,ｅＢＡＳＥ,プライム,情報・通信業,26543730.0,2026-10-09T15:00
3836,アバントグループ,プライム,情報・通信業,90582375.0,2026-10-09T15:00
3837,アドソル日進,プライム,情報・通信業,123853105.0,2026-10-09T15:00
3839,ＯＤＫソリューションズ,スタンダード,情報・通信業,3160060.0,2026-10-09T15:00
3840,ヴィクトン,スタンダード,情報・通信業,8367800.0,2026-10-09T15:00
3841,ジーダット,スタンダード,情報・通信業,1222230.0,2026-10-09T15:00
3842,ネクストジェン,スタンダード,情報・通信業,11807515.0,2026-10-09T15:00
3843,フリービット,プライム,情報・通信業,67462805.0,2026-10-09T15:00
3844,コムチュア,プライム,情報・通信業,404356735.0,2026-10-09T15:00
3845,アイフリークモバイル,スタンダード,情報・通信業,37060170.0,2026-10-09T15:00
3848,データ・アプリケーション,スタンダード,情報・通信業,1929265.0,2026-10-09T15:00
3850,エヌ・ティ・ティ・データ・イントラマート,スタンダード,情報・通信業,117533700.0,2026-10-09T15:00
3851,日本一ソフトウェア,スタンダード,情報・通信業,102085960.0,2026-10-09T15:00
3853,アステリア,プライム,情報・通信業,170037190.0,2026-10-09T15:00
3854,アイル,プライム,情報・通信業,240270105.0,2026-10-09T15:00
3858,ユビキタスＡＩ,スタンダード,情報・通信業,28002885.0,2026-10-09T15:00
3861,王子ホールディングス,プライム,パルプ・紙,2988827452.0,2026-10-09T15:00
3863,日本製紙,プライム,パルプ・紙,656756840.0,2026-10-09T15:00
3864,三菱製紙,プライム,パルプ・紙,148002925.0,2026-10-09T15:00
3865,北越コーポレーション,プライム,パルプ・紙,194730855.0,2026-10-09T15:00
386A,みのや,スタンダード,小売業,2842795.0,2026-10-09T15:00
3877,中越パルプ工業,プライム,パルプ・紙,86551415.0,2026-10-09T15:00
3878,巴川コーポレーション,スタンダード,化学,53039190.0,2026-10-09T15:00
3880,大王製紙,プライム,パルプ・紙,322228915.0,2026-10-09T15:00
3891,ニッポン高度紙工業,スタンダード,パルプ・紙,782057150.0,2026-10-09T15:00
3892,岡山製紙,スタンダード,パルプ・紙,3833615.0,2026-10-09T15:00
3895,ハビックス,スタンダード,パルプ・紙,9093860.0,2026-10-09T15:00
3896,阿波製紙,スタンダード,パルプ・紙,3939130.0,2026-10-09T15:00
3901,マークラインズ,プライム,情報・通信業,90790030.0,2026-10-09T15:00
3903,ｇｕｍｉ,プライム,情報・通信業,170831360.0,2026-10-09T15:00
3907,シリコンスタジオ,スタンダード,情報・通信業,592653270.0,2026-10-09T15:00
3908,コラボス,スタンダード,情報・通信業,2202560.0,2026-10-09T15:00
3909,ショーケース,スタンダード,情報・通信業,314451705.0,2026-10-09T15:00
3910,エムケイシステム,スタンダード,情報・通信業,1369240.0,2026-10-09T15:00
3912,モバイルファクトリー,スタンダード,情報・通信業,26025735.0,2026-10-09T15:00
3913,ＧｒｅｅｎＢｅｅ,スタンダード,情報・通信業,7420425.0,2026-10-09T15:00
3915,テラスカイ,プライム,情報・通信業,170128470.0,2026-10-09T15:00
3916,デジタル・インフォメーション・テクノロジー,プライム,情報・通信業,108247755.0,2026-10-09T15:00
3918,ＰＣＩホールディングス,スタンダード,情報・通信業,10083755.0,2026-10-09T15:00
3920,アイビーシー,スタンダード,情報・通信業,1978795.0,2026-10-09T15:00
3921,ネオジャパン,プライム,情報・通信業,27985380.0,2026-10-09T15:00
3922,ＰＲ　ＴＩＭＥＳ,プライム,情報・通信業,74055365.0,2026-10-09T15:00
3923,ラクス,プライム,情報・通信業,1693184978.0,2026-10-09T15:00
3925,ダブルスタンダード,プライム,情報・通信業,52032165.0,2026-10-09T15:00
3926,オープンドア,スタンダード,情報・通信業,18332680.0,2026-10-09T15:00
3927,フーバーブレイン,スタンダード,情報・通信業,618668325.0,2026-10-09T15:00
3928,マイネット,スタンダード,情報・通信業,2693415.0,2026-10-09T15:00
3932,アカツキ,プライム,情報・通信業,320258352.0,2026-10-09T15:00
3933,チエル,スタンダード,情報・通信業,1638040.0,2026-10-09T15:00
3934,ベネフィットジャパン,スタンダード,情報・通信業,3609495.0,2026-10-09T15:00
3935,エディア,スタンダード,情報・通信業,18337585.0,2026-10-09T15:00
3937,Ｕｂｉｃｏｍホールディングス,スタンダード,情報・通信業,57671850.0,2026-10-09T15:00
3939,カナミックネットワーク,プライム,情報・通信業,74552610.0,2026-10-09T15:00
3940,ノムラシステムコーポレーション,スタンダード,情報・通信業,25457540.0,2026-10-09T15:00
3941,レンゴー,プライム,パルプ・紙,1411178580.0,2026-10-09T15:00
3943,大石産業,スタンダード,パルプ・紙,2838250.0,2026-10-09T15:00
3944,古林紙工,スタンダード,パルプ・紙,1958950.0,2026-10-09T15:00
3945,スーパーバッグ,スタンダード,パルプ・紙,3669090.0,2026-10-09T15:00
3946,トーモク,プライム,パルプ・紙,241234600.0,2026-10-09T15:00
3947,ダイナパック,スタンダード,パルプ・紙,8080725.0,2026-10-09T15:00
3948,光ビジネスフォーム,スタンダード,パルプ・紙,1984395.0,2026-10-09T15:00
3950,ザ・パック,プライム,パルプ・紙,116151425.0,2026-10-09T15:00
3951,朝日印刷,スタンダード,パルプ・紙,12197210.0,2026-10-09T15:00
3953,大村紙業,スタンダード,パルプ・紙,1296185.0,2026-10-09T15:00
3954,昭和パックス,スタンダード,パルプ・紙,1432735.0,2026-10-09T15:00
3955,イムラ,スタンダード,パルプ・紙,2989775.0,2026-10-09T15:00
3958,笹徳印刷,スタンダード,パルプ・紙,5673025.0,2026-10-09T15:00
3962,チェンジホールディングス,プライム,情報・通信業,155147060.0,2026-10-09T15:00
3963,シンクロ・フード,プライム,情報・通信業,22377515.0,2026-10-09T15:00
3964,オークネット,プライム,情報・通信業,516228390.0,2026-10-09T15:00
3965,キャピタル・アセット・プランニング,スタンダード,情報・通信業,7680835.0,2026-10-09T15:00
3968,セグエグループ,プライム,情報・通信業,450088910.0,2026-10-09T15:00
3969,エイトレッド,スタンダード,情報・通信業,6234935.0,2026-10-09T15:00
3970,イノベーション,スタンダード,情報・通信業,2812765.0,2026-10-09T15:00
3974,ＳＣＡＴ,スタンダード,情報・通信業,6513985.0,2026-10-09T15:00
3981,ビーグリー,スタンダード,情報・通信業,3915385.0,2026-10-09T15:00
3983,オロ,プライム,情報・通信業,72714610.0,2026-10-09T15:00
3984,ユーザーローカル,プライム,情報・通信業,113324990.0,2026-10-09T15:00
3985,テモナ,スタンダード,情報・通信業,2093210.0,2026-10-09T15:00
3986,ビーブレイクシステムズ,スタンダード,情報・通信業,1944590.0,2026-10-09T15:00
3988,ＳＹＳホールディングス,スタンダード,情報・通信業,5065065.0,2026-10-09T15:00
3992,ニーズウェル,プライム,情報・通信業,23274125.0,2026-10-09T15:00
3993,ＰＫＳＨＡ　Ｔｅｃｈｎｏｌｏｇｙ,プライム,情報・通信業,610101800.0,2026-10-09T15:00
3994,マネーフォワード,プライム,情報・通信業,3237521005.0,2026-10-09T15:00
3996,サインポスト,スタンダード,情報・通信業,8194440.0,2026-10-09T15:00
3997,トレードワークス,スタンダード,情報・通信業,94475485.0,2026-10-09T15:00
4004,レゾナック・ホールディングス,プライム,化学,38561474246.0,2026-10-09T15:00
4005,住友化学,プライム,化学,5386425933.0,2026-10-09T15:00
4008,住友精化,プライム,化学,233339925.0,2026-10-09T15:00
4012,アクシス,スタンダード,情報・通信業,16191550.0,2026-10-09T15:00
4016,ＭＩＴホールディングス,スタンダード,情報・通信業,5245705.0,2026-10-09T15:00
4021,日産化学,プライム,化学,4725749510.0,2026-10-09T15:00
4022,ラサ工業,プライム,化学,1239780550.0,2026-10-09T15:00
4023,クレハ,プライム,化学,1341402825.0,2026-10-09T15:00
4025,多木化学,プライム,化学,119235950.0,2026-10-09T15:00
4026,神島化学工業,スタンダード,ガラス・土石製品,112075100.0,2026-10-09T15:00
4027,テイカ,プライム,化学,103129715.0,2026-10-09T15:00
4028,石原産業,プライム,化学,558620755.0,2026-10-09T15:00
4031,片倉コープアグリ,スタンダード,化学,13636345.0,2026-10-09T15:00
4040,南海化学,スタンダード,化学,22532150.0,2026-10-09T15:00
4041,日本曹達,プライム,化学,517880275.0,2026-10-09T15:00
4042,東ソー,プライム,化学,2974025600.0,2026-10-09T15:00
4043,トクヤマ,プライム,化学,1860500265.0,2026-10-09T15:00
4044,セントラル硝子,プライム,化学,460679100.0,2026-10-09T15:00
4045,東亞合成,プライム,化学,443163620.0,2026-10-09T15:00
4046,大阪ソーダ,プライム,化学,780412985.0,2026-10-09T15:00
4047,関東電化工業,プライム,化学,1413861060.0,2026-10-09T15:00
4051,ＧＭＯフィナンシャルゲート,プライム,情報・通信業,171631450.0,2026-10-09T15:00
4053,Ｓｕｎ　Ａｓｔｅｒｉｓｋ,プライム,情報・通信業,77954615.0,2026-10-09T15:00
4059,まぐまぐ,スタンダード,情報・通信業,815700.0,2026-10-09T15:00
4061,デンカ,プライム,化学,2030081650.0,2026-10-09T15:00
4062,イビデン,プライム,電気機器,158553391250.0,2026-10-09T15:00
4063,信越化学工業,プライム,化学,38794597510.0,2026-10-09T15:00
4064,日本カーバイド工業,プライム,化学,321006250.0,2026-10-09T15:00
4071,プラスアルファ・コンサルティング,プライム,情報・通信業,411576250.0,2026-10-09T15:00
4072,電算システムホールディングス,プライム,情報・通信業,91551650.0,2026-10-09T15:00
4078,堺化学工業,プライム,化学,506798650.0,2026-10-09T15:00
407A,ＵＮＩＣＯＮホールディングス,スタンダード,建設業,10438895.0,2026-10-09T15:00
4082,第一稀元素化学工業,プライム,化学,686830825.0,2026-10-09T15:00
4088,エア・ウォーター,プライム,化学,2927511890.0,2026-10-09T15:00
4091,日本酸素ホールディングス,プライム,化学,4109299005.0,2026-10-09T15:00
4092,日本化学工業,プライム,化学,667508200.0,2026-10-09T15:00
4093,東邦アセチレン,スタンダード,化学,4940765.0,2026-10-09T15:00
4094,日本化学産業,スタンダード,化学,30090300.0,2026-10-09T15:00
4095,日本パーカライジング,プライム,化学,379676900.0,2026-10-09T15:00
4097,高圧ガス工業,プライム,化学,57730235.0,2026-10-09T15:00
4098,チタン工業,スタンダード,化学,4588570.0,2026-10-09T15:00
4099,四国化成ホールディングス,プライム,化学,2141299770.0,2026-10-09T15:00
409A,オリオンビール,プライム,食料品,282311640.0,2026-10-09T15:00
4100,戸田工業,スタンダード,化学,133910230.0,2026-10-09T15:00
4102,丸尾カルシウム,スタンダード,化学,773855.0,2026-10-09T15:00
4107,伊勢化学工業,スタンダード,化学,692987475.0,2026-10-09T15:00
4109,ステラ　ケミファ,プライム,化学,228099950.0,2026-10-09T15:00
4112,保土谷化学工業,プライム,化学,95920950.0,2026-10-09T15:00
4113,田岡化学工業,スタンダード,化学,17351605.0,2026-10-09T15:00
4114,日本触媒,プライム,化学,2243491900.0,2026-10-09T15:00
4116,大日精化工業,プライム,化学,180799005.0,2026-10-09T15:00
4118,カネカ,プライム,化学,1119932080.0,2026-10-09T15:00
4119,日本ピグメントホールディングス,スタンダード,化学,7467250.0,2026-10-09T15:00
4120,スガイ化学工業,スタンダード,化学,2235825.0,2026-10-09T15:00
4124,大阪油化工業,スタンダード,化学,3522545.0,2026-10-09T15:00
4125,三和油化工業,スタンダード,化学,33796325.0,2026-10-09T15:00
4151,協和キリン,プライム,医薬品,4015219415.0,2026-10-09T15:00
416A,富士ユナイトホールディングス,スタンダード,卸売業,24029525.0,2026-10-09T15:00
4172,Ｈｉクラテス,スタンダード,情報・通信業,3020250.0,2026-10-09T15:00
4174,アピリッツ,スタンダード,情報・通信業,470972380.0,2026-10-09T15:00
417A,ブルーゾーンホールディングス,プライム,小売業,419125125.0,2026-10-09T15:00
4180,Ａｐｐｉｅｒ　Ｇｒｏｕｐ,プライム,情報・通信業,1682252630.0,2026-10-09T15:00
4182,三菱瓦斯化学,プライム,化学,5144470200.0,2026-10-09T15:00
4183,三井化学,プライム,化学,5490651318.0,2026-10-09T15:00
4186,東京応化工業,プライム,化学,6976319305.0,2026-10-09T15:00
4187,大阪有機化学工業,プライム,化学,634096325.0,2026-10-09T15:00
4188,三菱ケミカルグループ,プライム,化学,7207629155.0,2026-10-09T15:00
4189,ＫＨネオケム,プライム,化学,386102025.0,2026-10-09T15:00
4193,ファブリカホールディングス,スタンダード,情報・通信業,18431175.0,2026-10-09T15:00
4194,ビジョナル,プライム,情報・通信業,2464481075.0,2026-10-09T15:00
4196,ネオマーケティング,スタンダード,情報・通信業,80659260.0,2026-10-09T15:00
4197,アスマーク,スタンダード,情報・通信業,2489735.0,2026-10-09T15:00
4198,テンダ,スタンダード,情報・通信業,2908865.0,2026-10-09T15:00
4202,ダイセル,プライム,化学,1549768170.0,2026-10-09T15:00
4203,住友ベークライト,プライム,化学,7077705160.0,2026-10-09T15:00
4204,積水化学工業,プライム,化学,3654683085.0,2026-10-09T15:00
4205,日本ゼオン,プライム,化学,2179469772.0,2026-10-09T15:00
4206,アイカ工業,プライム,化学,1009613720.0,2026-10-09T15:00
4208,ＵＢＥ,プライム,化学,2494271120.0,2026-10-09T15:00
4212,積水樹脂,プライム,化学,183617000.0,2026-10-09T15:00
4216,旭有機材,プライム,化学,671737850.0,2026-10-09T15:00
4218,ニチバン,プライム,化学,56984000.0,2026-10-09T15:00
4220,リケンテクノス,プライム,化学,401648425.0,2026-10-09T15:00
4221,大倉工業,プライム,化学,530980000.0,2026-10-09T15:00
4222,児玉化学工業,スタンダード,化学,221971365.0,2026-10-09T15:00
4224,ロンシール工業,スタンダード,化学,20343055.0,2026-10-09T15:00
4228,積水化成品工業,プライム,化学,108430290.0,2026-10-09T15:00
4229,群栄化学工業,プライム,化学,60811150.0,2026-10-09T15:00
4231,タイガースポリマー,スタンダード,化学,13704825.0,2026-10-09T15:00
4234,サンエー化研,スタンダード,化学,20519655.0,2026-10-09T15:00
4235,ウルトラファブリックス・ホールディングス,スタンダード,化学,13792925.0,2026-10-09T15:00
4237,フジプレアム,スタンダード,化学,10784300.0,2026-10-09T15:00
4238,ミライアル,スタンダード,化学,158787265.0,2026-10-09T15:00
423A,ライオン事務器,スタンダード,卸売業,7863335.0,2026-10-09T15:00
4240,クラスターテクノロジー,スタンダード,化学,1638430.0,2026-10-09T15:00
4241,アテクト,スタンダード,化学,13346465.0,2026-10-09T15:00
4242,タカギセイコー,スタンダード,化学,3532820.0,2026-10-09T15:00
4243,ニックス,スタンダード,化学,2399520.0,2026-10-09T15:00
4245,ダイキアクシス,スタンダード,化学,8027585.0,2026-10-09T15:00
4246,ダイキョーニシカワ,プライム,化学,229971920.0,2026-10-09T15:00
4247,ポバール興業,スタンダード,化学,602670.0,2026-10-09T15:00
4248,竹本容器,スタンダード,化学,3764780.0,2026-10-09T15:00
4249,森六,プライム,化学,63592895.0,2026-10-09T15:00
4251,恵和,プライム,化学,97700945.0,2026-10-09T15:00
4272,日本化薬,プライム,化学,1304584765.0,2026-10-09T15:00
4274,細谷火工,スタンダード,化学,277958520.0,2026-10-09T15:00
4275,カーリット,プライム,化学,330607045.0,2026-10-09T15:00
4284,ソルクシーズ,スタンダード,情報・通信業,8299985.0,2026-10-09T15:00
4286,ＣＬホールディングス,スタンダード,サービス業,24609450.0,2026-10-09T15:00
4287,ジャストプランニング,スタンダード,情報・通信業,16125930.0,2026-10-09T15:00
4288,アズジェント,スタンダード,情報・通信業,944114155.0,2026-10-09T15:00
428A,サイプレス・ホールディングス,スタンダード,小売業,86949390.0,2026-10-09T15:00
4290,プレステージ・インターナショナル,プライム,サービス業,474121850.0,2026-10-09T15:00
4293,セプテーニ・ホールディングス,スタンダード,サービス業,181323150.0,2026-10-09T15:00
4299,ハイマックス,スタンダード,情報・通信業,6901315.0,2026-10-09T15:00
429A,テクセンドフォトマスク,プライム,その他製品,2042040400.0,2026-10-09T15:00
4301,アミューズ,プライム,サービス業,42093560.0,2026-10-09T15:00
4307,野村総合研究所,プライム,情報・通信業,11866885985.0,2026-10-09T15:00
4310,ドリームインキュベータ,プライム,サービス業,43925350.0,2026-10-09T15:00
4317,レイ,スタンダード,サービス業,8698365.0,2026-10-09T15:00
4318,クイック,プライム,サービス業,74762680.0,2026-10-09T15:00
4320,ＣＥホールディングス,スタンダード,情報・通信業,212748425.0,2026-10-09T15:00
4323,日本システム技術,プライム,情報・通信業,86550210.0,2026-10-09T15:00
4324,電通グループ,プライム,サービス業,3133927455.0,2026-10-09T15:00
4326,インテージホールディングス,プライム,情報・通信業,54482445.0,2026-10-09T15:00
4331,テイクアンドギヴ・ニーズ,プライム,サービス業,119534630.0,2026-10-09T15:00
4334,ユークス,スタンダード,情報・通信業,4503590.0,2026-10-09T15:00
4335,ＩＰＳホールディングス,スタンダード,情報・通信業,2853050.0,2026-10-09T15:00
4337,ぴあ,プライム,サービス業,70246770.0,2026-10-09T15:00
4341,西菱電機,スタンダード,サービス業,1298260.0,2026-10-09T15:00
4343,イオンファンタジー,プライム,サービス業,157601090.0,2026-10-09T15:00
4344,ソースネクスト,プライム,情報・通信業,174653295.0,2026-10-09T15:00
4345,シーティーエス,プライム,サービス業,48417440.0,2026-10-09T15:00
4346,ＮＥＸＹＺ．Ｇｒｏｕｐ,スタンダード,その他金融業,91363230.0,2026-10-09T15:00
4347,ブロードメディア,スタンダード,サービス業,26852700.0,2026-10-09T15:00
4350,メディカルシステムネットワーク,スタンダード,小売業,53844570.0,2026-10-09T15:00
4351,山田再生系債権回収総合事務所,スタンダード,その他金融業,2097765.0,2026-10-09T15:00
4356,応用技術,スタンダード,情報・通信業,1111635.0,2026-10-09T15:00
4360,マナック・ケミカル・パートナーズ,スタンダード,化学,5634210.0,2026-10-09T15:00
4361,川口化学工業,スタンダード,化学,16395960.0,2026-10-09T15:00
4362,日本精化,プライム,化学,81395105.0,2026-10-09T15:00
4365,松本油脂製薬,スタンダード,化学,12343400.0,2026-10-09T15:00
4366,ダイトーケミックス,スタンダード,化学,53615150.0,2026-10-09T15:00
4368,扶桑化学工業,プライム,化学,2107201305.0,2026-10-09T15:00
4369,トリケミカル研究所,プライム,化学,1488268230.0,2026-10-09T15:00
4373,シンプレクス・ホールディングス,プライム,情報・通信業,1819199770.0,2026-10-09T15:00
4382,ＨＥＲＯＺ,スタンダード,情報・通信業,559925085.0,2026-10-09T15:00
4385,メルカリ,プライム,情報・通信業,7283276700.0,2026-10-09T15:00
4386,ＳＩＧグループ,スタンダード,情報・通信業,13427090.0,2026-10-09T15:00
4388,エーアイ,スタンダード,情報・通信業,3992565.0,2026-10-09T15:00
4390,ＩＰＳ,プライム,情報・通信業,390113950.0,2026-10-09T15:00
4392,ＦＩＧ,プライム,情報・通信業,828246485.0,2026-10-09T15:00
4396,システムサポートホールディングス,プライム,情報・通信業,83198425.0,2026-10-09T15:00
4398,ブロードバンドセキュリティ,スタンダード,情報・通信業,585523055.0,2026-10-09T15:00
4401,ＡＤＥＫＡ,プライム,化学,1241304180.0,2026-10-09T15:00
4403,日油,プライム,化学,2119529600.0,2026-10-09T15:00
4404,ミヨシ油脂,スタンダード,食料品,31751295.0,2026-10-09T15:00
4406,新日本理化,スタンダード,化学,60782085.0,2026-10-09T15:00
4409,東邦化学工業,スタンダード,化学,7876335.0,2026-10-09T15:00
4410,ハリマ化成グループ,プライム,化学,70967845.0,2026-10-09T15:00
4413,ボードルア,プライム,情報・通信業,836784185.0,2026-10-09T15:00
4420,イーソル,スタンダード,情報・通信業,242003080.0,2026-10-09T15:00
4421,ディ・アイ・システム,スタンダード,情報・通信業,16484310.0,2026-10-09T15:00
4430,東海ソフト,スタンダード,情報・通信業,18088720.0,2026-10-09T15:00
4432,ウイングアーク１ｓｔ,プライム,情報・通信業,316077100.0,2026-10-09T15:00
4433,ヒト・コミュニケーションズ・ホールディングス,プライム,サービス業,25837025.0,2026-10-09T15:00
4434,サーバーワークス,スタンダード,情報・通信業,79493530.0,2026-10-09T15:00
4439,東名,スタンダード,情報・通信業,5343665.0,2026-10-09T15:00
4440,ヴィッツ,スタンダード,情報・通信業,3494748085.0,2026-10-09T15:00
4441,トビラシステムズ,スタンダード,情報・通信業,31369185.0,2026-10-09T15:00
4443,Ｓａｎｓａｎ,プライム,情報・通信業,2526529760.0,2026-10-09T15:00
4446,Ｌｉｎｋ－Ｕグループ,スタンダード,情報・通信業,246294700.0,2026-10-09T15:00
4452,花王,プライム,化学,9634913105.0,2026-10-09T15:00
4461,第一工業製薬,プライム,化学,2242256950.0,2026-10-09T15:00
4462,石原ケミカル,プライム,化学,166068590.0,2026-10-09T15:00
4463,日華化学,スタンダード,化学,33149230.0,2026-10-09T15:00
4464,ソフト９９コーポレーション,スタンダード,化学,19838200.0,2026-10-09T15:00
4465,ニイタカ,スタンダード,化学,25411840.0,2026-10-09T15:00
4471,三洋化成工業,プライム,化学,661669260.0,2026-10-09T15:00
4480,メドレー,プライム,情報・通信業,558590455.0,2026-10-09T15:00
4481,ベース,プライム,情報・通信業,187313175.0,2026-10-09T15:00
4483,ＪＭＤＣ,プライム,情報・通信業,845973600.0,2026-10-09T15:00
4491,コンピューターマネージメント,スタンダード,情報・通信業,14045190.0,2026-10-09T15:00
4492,ゼネテック,スタンダード,情報・通信業,6903430.0,2026-10-09T15:00
4499,Ｓｐｅｅｅ,スタンダード,情報・通信業,202830605.0,2026-10-09T15:00
4502,武田薬品工業,プライム,医薬品,25289606060.0,2026-10-09T15:00
4503,アステラス製薬,プライム,医薬品,13335925428.0,2026-10-09T15:00
4506,住友ファーマ,プライム,医薬品,4784146322.0,2026-10-09T15:00
4507,塩野義製薬,プライム,医薬品,8890637320.0,2026-10-09T15:00
4512,わかもと製薬,スタンダード,医薬品,9412725.0,2026-10-09T15:00
4516,日本新薬,プライム,医薬品,1507566320.0,2026-10-09T15:00
4519,中外製薬,プライム,医薬品,21025065785.0,2026-10-09T15:00
4521,科研製薬,プライム,医薬品,424423725.0,2026-10-09T15:00
4523,エーザイ,プライム,医薬品,5693102955.0,2026-10-09T15:00
4524,森下仁丹,スタンダード,医薬品,3047455.0,2026-10-09T15:00
4526,理研ビタミン,プライム,食料品,336583000.0,2026-10-09T15:00
4527,ロート製薬,プライム,医薬品,3051778840.0,2026-10-09T15:00
4528,小野薬品工業,プライム,医薬品,3481800410.0,2026-10-09T15:00
4531,有機合成薬品工業,スタンダード,化学,13005760.0,2026-10-09T15:00
4534,持田製薬,プライム,医薬品,138673475.0,2026-10-09T15:00
4536,参天製薬,プライム,医薬品,2359718332.0,2026-10-09T15:00
4538,扶桑薬品工業,プライム,医薬品,38046165.0,2026-10-09T15:00
4539,日本ケミファ,スタンダード,医薬品,3103805.0,2026-10-09T15:00
4540,ツムラ,プライム,医薬品,2076585550.0,2026-10-09T15:00
4543,テルモ,プライム,精密機器,12398090710.0,2026-10-09T15:00
4544,Ｈ．Ｕ．グループホールディングス,プライム,サービス業,704951500.0,2026-10-09T15:00
4547,キッセイ薬品工業,プライム,医薬品,302466425.0,2026-10-09T15:00
4548,生化学工業,プライム,医薬品,359442385.0,2026-10-09T15:00
4549,栄研化学,プライム,医薬品,307952125.0,2026-10-09T15:00
4552,ＪＣＲファーマ,プライム,医薬品,440109185.0,2026-10-09T15:00
4553,東和薬品,プライム,医薬品,390580375.0,2026-10-09T15:00
4554,富士製薬工業,プライム,医薬品,167004080.0,2026-10-09T15:00
4558,中京医薬品,スタンダード,医薬品,1353970.0,2026-10-09T15:00
4559,ゼリア新薬工業,プライム,医薬品,317540750.0,2026-10-09T15:00
4565,ネクセラファーマ,プライム,医薬品,1220818530.0,2026-10-09T15:00
4568,第一三共,プライム,医薬品,17036314432.0,2026-10-09T15:00
4569,杏林製薬,プライム,医薬品,203514080.0,2026-10-09T15:00
4574,大幸薬品,プライム,医薬品,23617060.0,2026-10-09T15:00
4577,ダイト,プライム,医薬品,90135815.0,2026-10-09T15:00
4578,大塚ホールディングス,プライム,医薬品,15414736475.0,2026-10-09T15:00
4587,ペプチドリーム,プライム,医薬品,761458300.0,2026-10-09T15:00
4595,ミズホメディー,スタンダード,医薬品,117380140.0,2026-10-09T15:00
4611,大日本塗料,プライム,化学,91395320.0,2026-10-09T15:00
4612,日本ペイントホールディングス,プライム,化学,4140817408.0,2026-10-09T15:00
4613,関西ペイント,プライム,化学,2597240768.0,2026-10-09T15:00
4615,神東塗料,スタンダード,化学,4673945.0,2026-10-09T15:00
4616,川上塗料,スタンダード,化学,12628655.0,2026-10-09T15:00
4617,中国塗料,プライム,化学,618331100.0,2026-10-09T15:00
4619,日本特殊塗料,スタンダード,化学,72609800.0,2026-10-09T15:00
4620,藤倉化成,スタンダード,化学,121045325.0,2026-10-09T15:00
4623,アサヒペン,スタンダード,化学,2864320.0,2026-10-09T15:00
4624,イサム塗料,スタンダード,化学,3963450.0,2026-10-09T15:00
4625,アトミクス,スタンダード,化学,9178145.0,2026-10-09T15:00
4626,太陽ホールディングス,プライム,化学,1617631950.0,2026-10-09T15:00
4627,ナトコ,スタンダード,化学,15863695.0,2026-10-09T15:00
4628,エスケー化研,スタンダード,化学,133262200.0,2026-10-09T15:00
4629,大伸化学,スタンダード,化学,17371610.0,2026-10-09T15:00
4631,ＤＩＣ,プライム,化学,2380056600.0,2026-10-09T15:00
4633,サカタインクス,プライム,化学,316949920.0,2026-10-09T15:00
4634,ａｒｔｉｅｎｃｅ,プライム,化学,645921900.0,2026-10-09T15:00
4635,東京インキ,スタンダード,化学,61281055.0,2026-10-09T15:00
463A,インテリックスホールディングス,スタンダード,不動産業,14758200.0,2026-10-09T15:00
4641,アルプス技研,プライム,サービス業,76142140.0,2026-10-09T15:00
4642,オリジナル設計,スタンダード,サービス業,3103015.0,2026-10-09T15:00
4644,イマジニア,スタンダード,情報・通信業,35783770.0,2026-10-09T15:00
4645,市進ホールディングス,スタンダード,サービス業,866375.0,2026-10-09T15:00
4650,ＳＤエンターテイメント,スタンダード,サービス業,805965.0,2026-10-09T15:00
4651,サニックスホールディングス,スタンダード,サービス業,55557080.0,2026-10-09T15:00
4657,環境管理センター,スタンダード,サービス業,2050995.0,2026-10-09T15:00
4658,日本空調サービス,プライム,サービス業,292122225.0,2026-10-09T15:00
4661,オリエンタルランド,プライム,サービス業,14907243260.0,2026-10-09T15:00
4662,フォーカスシステムズ,プライム,情報・通信業,69106490.0,2026-10-09T15:00
4664,アール・エス・シー,スタンダード,サービス業,89968185.0,2026-10-09T15:00
4665,ダスキン,プライム,サービス業,574397060.0,2026-10-09T15:00
4666,パーク２４,プライム,不動産業,3377380195.0,2026-10-09T15:00
4667,アイサンテクノロジー,スタンダード,情報・通信業,1765822277.0,2026-10-09T15:00
4668,明光ネットワークジャパン,プライム,サービス業,47278030.0,2026-10-09T15:00
4671,ファルコホールディングス,スタンダード,サービス業,45022660.0,2026-10-09T15:00
4673,川崎地質,スタンダード,サービス業,7365250.0,2026-10-09T15:00
4674,クレスコ,プライム,情報・通信業,270104805.0,2026-10-09T15:00
4676,フジ・メディア・ホールディングス,プライム,情報・通信業,2568789910.0,2026-10-09T15:00
4678,秀英予備校,スタンダード,サービス業,1231115.0,2026-10-09T15:00
4679,田谷,スタンダード,サービス業,1273400.0,2026-10-09T15:00
4680,ラウンドワン,プライム,サービス業,2704621660.0,2026-10-09T15:00
4681,リゾートトラスト,プライム,サービス業,770679665.0,2026-10-09T15:00
4684,オービック,プライム,情報・通信業,7929548100.0,2026-10-09T15:00
4685,菱友システムズ,スタンダード,情報・通信業,57826585.0,2026-10-09T15:00
4686,ジャストシステム,プライム,情報・通信業,532436050.0,2026-10-09T15:00
4687,ＴＤＣソフト,プライム,情報・通信業,80368975.0,2026-10-09T15:00
4689,ＬＩＮＥヤフー,プライム,情報・通信業,9773549248.0,2026-10-09T15:00
4691,ワシントンホテル,スタンダード,サービス業,122422590.0,2026-10-09T15:00
4694,ビー・エム・エル,プライム,サービス業,225647350.0,2026-10-09T15:00
4704,トレンドマイクロ,プライム,情報・通信業,9723444805.0,2026-10-09T15:00
4705,クリップコーポレーション,スタンダード,サービス業,723835.0,2026-10-09T15:00
4707,キタック,スタンダード,サービス業,8596710.0,2026-10-09T15:00
4709,ＩＤホールディングス,プライム,情報・通信業,62436710.0,2026-10-09T15:00
4712,ＫｅｙＨｏｌｄｅｒ,スタンダード,サービス業,7718040.0,2026-10-09T15:00
4714,リソー教育グループ,プライム,サービス業,167222115.0,2026-10-09T15:00
4716,日本オラクル,スタンダード,情報・通信業,2781068245.0,2026-10-09T15:00
4718,早稲田アカデミー,プライム,サービス業,138102630.0,2026-10-09T15:00
4719,アルファシステムズ,プライム,情報・通信業,53348625.0,2026-10-09T15:00
471A,ＮＳグループ,プライム,その他金融業,304659785.0,2026-10-09T15:00
4720,城南進学研究社,スタンダード,サービス業,800125.0,2026-10-09T15:00
4722,フューチャー,プライム,情報・通信業,1477129510.0,2026-10-09T15:00
4725,ＣＡＣ　Ｈｏｌｄｉｎｇｓ,プライム,情報・通信業,81551175.0,2026-10-09T15:00
4728,トーセ,スタンダード,情報・通信業,4367890.0,2026-10-09T15:00
4732,ユー・エス・エス,プライム,サービス業,3026790620.0,2026-10-09T15:00
4733,オービックビジネスコンサルタント,プライム,情報・通信業,1402197580.0,2026-10-09T15:00
4735,京進,スタンダード,サービス業,2749295.0,2026-10-09T15:00
4736,日本ラッド,スタンダード,情報・通信業,1627695.0,2026-10-09T15:00
4743,アイティフォー,プライム,情報・通信業,132765730.0,2026-10-09T15:00
4746,東計電算,スタンダード,情報・通信業,378713980.0,2026-10-09T15:00
4750,ダイサン,スタンダード,サービス業,3033770.0,2026-10-09T15:00
4751,サイバーエージェント,プライム,サービス業,5319883740.0,2026-10-09T15:00
4752,昭和システムエンジニアリング,スタンダード,情報・通信業,2103765.0,2026-10-09T15:00
4754,トスネット,スタンダード,サービス業,1725385.0,2026-10-09T15:00
4755,楽天グループ,プライム,サービス業,13947167652.0,2026-10-09T15:00
475A,ギミック,スタンダード,サービス業,6441435.0,2026-10-09T15:00
4760,アルファ,スタンダード,サービス業,5087580.0,2026-10-09T15:00
4761,さくらケーシーエス,スタンダード,情報・通信業,11940290.0,2026-10-09T15:00
4762,エックスネット,スタンダード,情報・通信業,9530820.0,2026-10-09T15:00
4763,クリーク・アンド・リバー社,プライム,サービス業,69441685.0,2026-10-09T15:00
4765,ＳＢＩグローバルアセットマネジメント,プライム,サービス業,181058155.0,2026-10-09T15:00
4766,ピーエイ,スタンダード,サービス業,2979655.0,2026-10-09T15:00
4767,テー・オー・ダブリュー,スタンダード,サービス業,51125910.0,2026-10-09T15:00
4768,大塚商会,プライム,情報・通信業,4651273495.0,2026-10-09T15:00
4769,ＩＣ,スタンダード,情報・通信業,954340.0,2026-10-09T15:00
476A,辻・本郷ＩＴコンサルティング,スタンダード,情報・通信業,574120080.0,2026-10-09T15:00
4771,エフアンドエム,スタンダード,サービス業,35015595.0,2026-10-09T15:00
4776,サイボウズ,プライム,情報・通信業,535464515.0,2026-10-09T15:00
4777,ガーラ,スタンダード,情報・通信業,4347085.0,2026-10-09T15:00
4783,ＮＣＤ,スタンダード,情報・通信業,51342080.0,2026-10-09T15:00
4784,ＧＭＯインターネット,プライム,サービス業,827808305.0,2026-10-09T15:00
4792,山田コンサルティンググループ,プライム,サービス業,40473250.0,2026-10-09T15:00
4801,セントラルスポーツ,プライム,サービス業,72119155.0,2026-10-09T15:00
4809,パラカ,プライム,不動産業,35303690.0,2026-10-09T15:00
4812,電通総研,プライム,情報・通信業,1860249440.0,2026-10-09T15:00
4813,ＡＣＣＥＳＳ,プライム,情報・通信業,216851535.0,2026-10-09T15:00
4814,ネクストウェア,スタンダード,情報・通信業,46547205.0,2026-10-09T15:00
4816,東映アニメーション,スタンダード,情報・通信業,1406526320.0,2026-10-09T15:00
4819,デジタルガレージ,プライム,情報・通信業,711231310.0,2026-10-09T15:00
4820,イーエムシステムズ,プライム,情報・通信業,42603960.0,2026-10-09T15:00
4825,ウェザーニューズ,プライム,情報・通信業,369703815.0,2026-10-09T15:00
4826,ＣＩＪ,プライム,情報・通信業,95588255.0,2026-10-09T15:00
4828,ビジネスエンジニアリング,プライム,情報・通信業,144450765.0,2026-10-09T15:00
4829,日本エンタープライズ,スタンダード,情報・通信業,22888435.0,2026-10-09T15:00
4832,ＪＦＥシステムズ,スタンダード,情報・通信業,30036175.0,2026-10-09T15:00
4838,スペースシャワーＳＫＩＹＡＫＩホールディングス,スタンダード,情報・通信業,25427290.0,2026-10-09T15:00
4839,ＷＯＷＯＷ,プライム,情報・通信業,103805240.0,2026-10-09T15:00
483A,テラテクノロジー,スタンダード,情報・通信業,3661940.0,2026-10-09T15:00
4840,トライアイズ,スタンダード,サービス業,273966105.0,2026-10-09T15:00
4845,スカラ,スタンダード,情報・通信業,21639565.0,2026-10-09T15:00
4847,インテリジェント　ウェイブ,プライム,情報・通信業,121207240.0,2026-10-09T15:00
4848,フルキャストホールディングス,プライム,サービス業,117603290.0,2026-10-09T15:00
4849,エン,プライム,サービス業,560657645.0,2026-10-09T15:00
4880,セルソース,スタンダード,医薬品,26297775.0,2026-10-09T15:00
4885,室町ケミカル,スタンダード,医薬品,7439390.0,2026-10-09T15:00
4886,あすか製薬ホールディングス,プライム,医薬品,106143045.0,2026-10-09T15:00
4887,サワイグループホールディングス,プライム,医薬品,1063226480.0,2026-10-09T15:00
4901,富士フイルムホールディングス,プライム,化学,12895262025.0,2026-10-09T15:00
4902,コニカミノルタ,プライム,電気機器,3813764721.0,2026-10-09T15:00
4911,資生堂,プライム,化学,8636722160.0,2026-10-09T15:00
4912,ライオン,プライム,化学,1698602732.0,2026-10-09T15:00
4914,高砂香料工業,プライム,化学,203219450.0,2026-10-09T15:00
4918,アイビー化粧品,スタンダード,化学,10927805.0,2026-10-09T15:00
4919,ミルボン,プライム,化学,461490600.0,2026-10-09T15:00
4920,日本色材工業研究所,スタンダード,化学,1180870.0,2026-10-09T15:00
4922,コーセーホールディングス,プライム,化学,1583193555.0,2026-10-09T15:00
4923,コタ,プライム,化学,41686385.0,2026-10-09T15:00
4925,ハーバー研究所,スタンダード,化学,4225220.0,2026-10-09T15:00
4926,シーボン,スタンダード,化学,1456420.0,2026-10-09T15:00
4927,ポーラ・オルビスホールディングス,プライム,化学,675172810.0,2026-10-09T15:00
4928,ノエビアホールディングス,プライム,化学,472383600.0,2026-10-09T15:00
4929,アジュバンホールディングス,スタンダード,化学,1679960.0,2026-10-09T15:00
4931,新日本製薬,プライム,化学,116487495.0,2026-10-09T15:00
4932,アルマード,スタンダード,化学,13507325.0,2026-10-09T15:00
4933,Ｉ－ｎｅ,プライム,化学,563399200.0,2026-10-09T15:00
4935,リベルタ,スタンダード,化学,750530600.0,2026-10-09T15:00
4936,アクシージア,スタンダード,化学,17017455.0,2026-10-09T15:00
4951,エステー,プライム,化学,64223835.0,2026-10-09T15:00
4956,コニシ,プライム,化学,98299880.0,2026-10-09T15:00
4958,長谷川香料,プライム,化学,399300325.0,2026-10-09T15:00
4960,ケミプロ化成,スタンダード,化学,89631260.0,2026-10-09T15:00
4966,上村工業,スタンダード,化学,1235058950.0,2026-10-09T15:00
4967,小林製薬,プライム,化学,2280998190.0,2026-10-09T15:00
4968,荒川化学工業,プライム,化学,400249715.0,2026-10-09T15:00
4970,東洋合成工業,スタンダード,化学,587721350.0,2026-10-09T15:00
4971,メック,プライム,化学,2450258750.0,2026-10-09T15:00
4972,綜研化学,スタンダード,化学,199162200.0,2026-10-09T15:00
4973,日本高純度化学,プライム,化学,320026300.0,2026-10-09T15:00
4975,ＪＣＵ,プライム,化学,448964650.0,2026-10-09T15:00
4976,東洋ドライルーブ,スタンダード,化学,6735325.0,2026-10-09T15:00
4977,新田ゼラチン,スタンダード,化学,32210730.0,2026-10-09T15:00
4979,ＯＡＴアグリオ,スタンダード,化学,63441755.0,2026-10-09T15:00
4980,デクセリアルズ,プライム,化学,5741475542.0,2026-10-09T15:00
4985,アース製薬,プライム,化学,228814025.0,2026-10-09T15:00
4990,昭和化学工業,スタンダード,化学,1505540.0,2026-10-09T15:00
4992,北興化学工業,スタンダード,化学,135839015.0,2026-10-09T15:00
4994,大成ラミックグループ,スタンダード,化学,34891525.0,2026-10-09T15:00
4996,クミアイ化学工業,プライム,化学,511414840.0,2026-10-09T15:00
4997,日本農薬,プライム,化学,450080245.0,2026-10-09T15:00
4998,フマキラー,スタンダード,化学,18632265.0,2026-10-09T15:00
500A,ＴＯブックス,スタンダード,情報・通信業,44567950.0,2026-10-09T15:00
5010,日本精蝋,スタンダード,石油・石炭製品,36967970.0,2026-10-09T15:00
5011,ニチレキグループ,プライム,石油・石炭製品,159158625.0,2026-10-09T15:00
5013,ユシロ,スタンダード,石油・石炭製品,109500025.0,2026-10-09T15:00
5015,ビーピー・カストロール,スタンダード,石油・石炭製品,6302485.0,2026-10-09T15:00
5016,ＪＸ金属,プライム,非鉄金属,65103994110.0,2026-10-09T15:00
5018,ＭＯＲＥＳＣＯ,スタンダード,石油・石炭製品,38555850.0,2026-10-09T15:00
5019,出光興産,プライム,石油・石炭製品,9003807325.0,2026-10-09T15:00
5020,ＥＮＥＯＳホールディングス,プライム,石油・石炭製品,14775508885.0,2026-10-09T15:00
5021,コスモエネルギーホールディングス,プライム,石油・石炭製品,3171517720.0,2026-10-09T15:00
5032,ＡＮＹＣＯＬＯＲ,プライム,情報・通信業,2119431270.0,2026-10-09T15:00
5036,日本ビジネスシステムズ,プライム,情報・通信業,204589960.0,2026-10-09T15:00
505A,ギークリー,スタンダード,サービス業,27928825.0,2026-10-09T15:00
5071,ヴィス,スタンダード,サービス業,89733575.0,2026-10-09T15:00
5074,テスホールディングス,プライム,建設業,478114550.0,2026-10-09T15:00
5076,インフロニア・ホールディングス,プライム,建設業,5911263982.0,2026-10-09T15:00
5078,セレコーポレーション,スタンダード,建設業,1928125.0,2026-10-09T15:00
5079,ノバック,スタンダード,建設業,16571850.0,2026-10-09T15:00
5101,横浜ゴム,プライム,ゴム製品,6311375060.0,2026-10-09T15:00
5105,ＴＯＹＯ　ＴＩＲＥ,プライム,ゴム製品,5032033480.0,2026-10-09T15:00
5108,ブリヂストン,プライム,ゴム製品,15555179750.0,2026-10-09T15:00
5110,住友ゴム工業,プライム,ゴム製品,3586790435.0,2026-10-09T15:00
5121,藤倉コンポジット,プライム,ゴム製品,328691575.0,2026-10-09T15:00
5122,オカモト,プライム,ゴム製品,122976450.0,2026-10-09T15:00
5133,テリロジーホールディングス,スタンダード,情報・通信業,397965870.0,2026-10-09T15:00
5142,アキレス,プライム,化学,124315550.0,2026-10-09T15:00
5161,西川ゴム工業,スタンダード,ゴム製品,430451250.0,2026-10-09T15:00
5162,朝日ラバー,スタンダード,ゴム製品,2773145.0,2026-10-09T15:00
5184,ニチリン,スタンダード,ゴム製品,52479550.0,2026-10-09T15:00
5185,フコク,プライム,ゴム製品,85927765.0,2026-10-09T15:00
5186,ニッタ,プライム,ゴム製品,301612000.0,2026-10-09T15:00
5187,クリエートメディック,スタンダード,精密機器,4461135.0,2026-10-09T15:00
5189,櫻護謨,スタンダード,ゴム製品,3648475.0,2026-10-09T15:00
5192,三ツ星ベルト,プライム,ゴム製品,303862000.0,2026-10-09T15:00
5194,相模ゴム工業,スタンダード,ゴム製品,4721095.0,2026-10-09T15:00
5195,バンドー化学,プライム,ゴム製品,172441780.0,2026-10-09T15:00
5199,不二ラテックス,スタンダード,ゴム製品,805965.0,2026-10-09T15:00
5201,ＡＧＣ,プライム,ガラス・土石製品,6465838020.0,2026-10-09T15:00
5204,石塚硝子,スタンダード,ガラス・土石製品,16592155.0,2026-10-09T15:00
5208,有沢製作所,プライム,化学,514780960.0,2026-10-09T15:00
5210,日本山村硝子,スタンダード,ガラス・土石製品,87926890.0,2026-10-09T15:00
5214,日本電気硝子,プライム,ガラス・土石製品,2820035710.0,2026-10-09T15:00
5216,倉元製作所,スタンダード,ガラス・土石製品,15295440.0,2026-10-09T15:00
5218,オハラ,スタンダード,ガラス・土石製品,148821305.0,2026-10-09T15:00
5232,住友大阪セメント,プライム,ガラス・土石製品,1048025051.0,2026-10-09T15:00
5233,太平洋セメント,プライム,ガラス・土石製品,1988094560.0,2026-10-09T15:00
5237,ノザワ,スタンダード,ガラス・土石製品,6566900.0,2026-10-09T15:00
5250,ＧＭＯプライム・ストラテジー,スタンダード,情報・通信業,2675365.0,2026-10-09T15:00
5257,ノバシステム,スタンダード,情報・通信業,5298360.0,2026-10-09T15:00
5261,リソルホールディングス,プライム,サービス業,24666850.0,2026-10-09T15:00
5262,日本ヒューム,プライム,ガラス・土石製品,228472115.0,2026-10-09T15:00
5268,旭コンクリート工業,スタンダード,ガラス・土石製品,3529225.0,2026-10-09T15:00
5269,日本コンクリート工業,プライム,ガラス・土石製品,51193565.0,2026-10-09T15:00
5271,トーヨーアサノ,スタンダード,ガラス・土石製品,1315255.0,2026-10-09T15:00
5273,三谷セキサン,スタンダード,ガラス・土石製品,121481670.0,2026-10-09T15:00
5279,日本興業,スタンダード,ガラス・土石製品,3252930.0,2026-10-09T15:00
5280,ヨシコン,スタンダード,不動産業,19109585.0,2026-10-09T15:00
5282,ジオスター,スタンダード,ガラス・土石製品,20101710.0,2026-10-09T15:00
5283,高見澤,スタンダード,卸売業,2137200.0,2026-10-09T15:00
5284,ヤマウホールディングス,スタンダード,ガラス・土石製品,13666925.0,2026-10-09T15:00
5285,ヤマックス,スタンダード,ガラス・土石製品,30337565.0,2026-10-09T15:00
5287,イトーヨーギョー,スタンダード,ガラス・土石製品,112135985.0,2026-10-09T15:00
5288,アジアパイルホールディングス,プライム,ガラス・土石製品,280342360.0,2026-10-09T15:00
5290,ベルテクスコーポレーション,スタンダード,ガラス・土石製品,107833210.0,2026-10-09T15:00
5301,東海カーボン,プライム,ガラス・土石製品,5398449678.0,2026-10-09T15:00
5302,日本カーボン,プライム,ガラス・土石製品,196568100.0,2026-10-09T15:00
5304,ＳＥＣカーボン,スタンダード,ガラス・土石製品,49531620.0,2026-10-09T15:00
5310,東洋炭素,プライム,ガラス・土石製品,699711050.0,2026-10-09T15:00
5331,ノリタケ,プライム,ガラス・土石製品,669026550.0,2026-10-09T15:00
5332,ＴＯＴＯ,プライム,ガラス・土石製品,6251092560.0,2026-10-09T15:00
5333,ＮＧＫ,プライム,ガラス・土石製品,7411887420.0,2026-10-09T15:00
5334,日本特殊陶業,プライム,ガラス・土石製品,9126274450.0,2026-10-09T15:00
5337,ダントーホールディングス,スタンダード,ガラス・土石製品,20452820.0,2026-10-09T15:00
5341,ＡＳＡＨＩ　ＥＩＴＯホールディングス,スタンダード,ガラス・土石製品,4346215.0,2026-10-09T15:00
5344,ＭＡＲＵＷＡ,プライム,ガラス・土石製品,5490953950.0,2026-10-09T15:00
5351,品川リフラ,プライム,ガラス・土石製品,205314140.0,2026-10-09T15:00
5355,日本坩堝,スタンダード,ガラス・土石製品,2194700.0,2026-10-09T15:00
5356,美濃窯業,スタンダード,ガラス・土石製品,6883945.0,2026-10-09T15:00
5357,ヨータイ,プライム,ガラス・土石製品,76783280.0,2026-10-09T15:00
5363,東京窯業,スタンダード,ガラス・土石製品,44455440.0,2026-10-09T15:00
5367,ニッカトー,スタンダード,ガラス・土石製品,281213300.0,2026-10-09T15:00
5368,日本インシュレーション,スタンダード,ガラス・土石製品,17654760.0,2026-10-09T15:00
5380,新東,スタンダード,ガラス・土石製品,8959200.0,2026-10-09T15:00
5381,マイポックス,スタンダード,ガラス・土石製品,279218750.0,2026-10-09T15:00
5384,フジミインコーポレーテッド,プライム,ガラス・土石製品,1024866675.0,2026-10-09T15:00
5388,クニミネ工業,スタンダード,ガラス・土石製品,14477650.0,2026-10-09T15:00
5391,エーアンドエーマテリアル,スタンダード,ガラス・土石製品,9658905.0,2026-10-09T15:00
5393,ニチアス,プライム,ガラス・土石製品,1706147680.0,2026-10-09T15:00
5401,日本製鉄,プライム,鉄鋼,19310904381.0,2026-10-09T15:00
5406,神戸製鋼所,プライム,鉄鋼,3469874500.0,2026-10-09T15:00
5408,中山製鋼所,プライム,鉄鋼,108548575.0,2026-10-09T15:00
5410,合同製鐵,プライム,鉄鋼,264145675.0,2026-10-09T15:00
5411,ＪＦＥホールディングス,プライム,鉄鋼,8433742450.0,2026-10-09T15:00
5423,東京製鐵,プライム,鉄鋼,642413715.0,2026-10-09T15:00
543A,ＡＲＣＨＩＯＮ,プライム,輸送用機器,6257803930.0,2026-10-09T15:00
5440,共英製鋼,プライム,鉄鋼,216084710.0,2026-10-09T15:00
5444,大和工業,プライム,鉄鋼,1930585825.0,2026-10-09T15:00
5445,東京鐵鋼,プライム,鉄鋼,188618945.0,2026-10-09T15:00
5446,北越メタル,スタンダード,鉄鋼,24905485.0,2026-10-09T15:00
5449,大阪製鐵,スタンダード,鉄鋼,63473880.0,2026-10-09T15:00
544A,ＧＭＳグループ,プライム,機械,114657370.0,2026-10-09T15:00
5451,ヨドコウ,プライム,鉄鋼,362143110.0,2026-10-09T15:00
5458,高砂鐵工,スタンダード,鉄鋼,3892515.0,2026-10-09T15:00
545A,トランヴィア,プライム,情報・通信業,69966365.0,2026-10-09T15:00
5461,中部鋼鈑,プライム,鉄鋼,258221145.0,2026-10-09T15:00
5463,丸一鋼管,プライム,鉄鋼,1051625438.0,2026-10-09T15:00
5464,モリ工業,スタンダード,鉄鋼,27398720.0,2026-10-09T15:00
546A,ＭＩＲＡＩＮＩホールディングス,プライム,卸売業,434897070.0,2026-10-09T15:00
5471,大同特殊鋼,プライム,鉄鋼,2208904790.0,2026-10-09T15:00
547A,ムニノバホールディングス,プライム,その他金融業,832334815.0,2026-10-09T15:00
5480,日本冶金工業,プライム,鉄鋼,279842800.0,2026-10-09T15:00
5482,愛知製鋼,プライム,鉄鋼,527347530.0,2026-10-09T15:00
5484,東北特殊鋼,スタンダード,鉄鋼,3609925.0,2026-10-09T15:00
548A,システムエグゼ,スタンダード,情報・通信業,13693345.0,2026-10-09T15:00
5491,日本金属,スタンダード,鉄鋼,28642015.0,2026-10-09T15:00
549A,ヒトトヒトホールディングス,スタンダード,サービス業,29276320.0,2026-10-09T15:00
550A,ソフトテックス,スタンダード,情報・通信業,6753970.0,2026-10-09T15:00
5533,エリッツホールディングス,スタンダード,不動産業,3108845.0,2026-10-09T15:00
5535,ミガロホールディングス,プライム,不動産業,41729230.0,2026-10-09T15:00
5541,大平洋金属,プライム,鉄鋼,633322465.0,2026-10-09T15:00
5542,新報国マテリアル,スタンダード,鉄鋼,208548920.0,2026-10-09T15:00
5563,新日本電工,プライム,鉄鋼,223967450.0,2026-10-09T15:00
5571,エキサイトホールディングス,スタンダード,情報・通信業,2241990.0,2026-10-09T15:00
5576,オービーシステム,スタンダード,情報・通信業,4973110.0,2026-10-09T15:00
5589,オートサーバー,スタンダード,情報・通信業,6404225.0,2026-10-09T15:00
559A,梅乃宿酒造,スタンダード,食料品,11963750.0,2026-10-09T15:00
5602,栗本鐵工所,プライム,鉄鋼,460334145.0,2026-10-09T15:00
5603,虹技,スタンダード,鉄鋼,4216550.0,2026-10-09T15:00
5609,日本鋳造,スタンダード,鉄鋼,4089980.0,2026-10-09T15:00
5612,日本鋳鉄管,スタンダード,鉄鋼,9858105.0,2026-10-09T15:00
5631,日本製鋼所,プライム,機械,6606287085.0,2026-10-09T15:00
5632,三菱製鋼,プライム,鉄鋼,297300645.0,2026-10-09T15:00
5644,メタルアート,スタンダード,鉄鋼,18942350.0,2026-10-09T15:00
5658,日亜鋼業,スタンダード,鉄鋼,7599835.0,2026-10-09T15:00
5659,日本精線,プライム,鉄鋼,68264265.0,2026-10-09T15:00
5695,パウダーテック,スタンダード,鉄鋼,1531355.0,2026-10-09T15:00
5697,サンユウ,スタンダード,鉄鋼,3916155.0,2026-10-09T15:00
5698,エンビプロ・ホールディングス,スタンダード,鉄鋼,84466685.0,2026-10-09T15:00
5699,イボキン,スタンダード,鉄鋼,4244290.0,2026-10-09T15:00
5702,大紀アルミニウム工業所,プライム,非鉄金属,443261800.0,2026-10-09T15:00
5703,日本軽金属ホールディングス,プライム,非鉄金属,662084540.0,2026-10-09T15:00
5704,ＪＭＣ,スタンダード,非鉄金属,1753770.0,2026-10-09T15:00
5706,三井金属,プライム,非鉄金属,40233196365.0,2026-10-09T15:00
5707,東邦亜鉛,プライム,非鉄金属,375626695.0,2026-10-09T15:00
5711,三菱マテリアル,プライム,非鉄金属,7662679990.0,2026-10-09T15:00
5713,住友金属鉱山,プライム,非鉄金属,23172571850.0,2026-10-09T15:00
5714,ＤＯＷＡホールディングス,プライム,非鉄金属,3788749430.0,2026-10-09T15:00
5715,古河機械金属,プライム,非鉄金属,823490250.0,2026-10-09T15:00
5721,エスクリプトエナジー,スタンダード,非鉄金属,138938560.0,2026-10-09T15:00
5724,アサカ理研,スタンダード,非鉄金属,132499085.0,2026-10-09T15:00
5726,大阪チタニウムテクノロジーズ,プライム,非鉄金属,1611151760.0,2026-10-09T15:00
5729,日本精鉱,スタンダード,非鉄金属,18480700.0,2026-10-09T15:00
5741,ＵＡＣＪ,プライム,非鉄金属,1956129215.0,2026-10-09T15:00
5742,エヌアイシ・オートテック,スタンダード,非鉄金属,1824275.0,2026-10-09T15:00
5753,日本伸銅,スタンダード,非鉄金属,5876300.0,2026-10-09T15:00
5757,ＣＫサンエツ,プライム,非鉄金属,42463425.0,2026-10-09T15:00
575A,前澤ホールディングス,プライム,機械,169667830.0,2026-10-09T15:00
5801,古河電気工業,プライム,非鉄金属,93985907290.0,2026-10-09T15:00
5802,住友電気工業,プライム,非鉄金属,42795868800.0,2026-10-09T15:00
5803,フジクラ,プライム,非鉄金属,184082367870.0,2026-10-09T15:00
5805,ＳＷＣＣ,プライム,非鉄金属,3875021280.0,2026-10-09T15:00
5816,オーナンバ,スタンダード,非鉄金属,27338305.0,2026-10-09T15:00
5817,ＪＭＡＣＳ,スタンダード,非鉄金属,48303320.0,2026-10-09T15:00
5819,カナレ電気,スタンダード,非鉄金属,8630550.0,2026-10-09T15:00
5820,三ッ星,スタンダード,非鉄金属,51812865.0,2026-10-09T15:00
5821,平河ヒューテック,プライム,非鉄金属,152227825.0,2026-10-09T15:00
5830,いよぎんホールディングス,プライム,銀行業,4144172890.0,2026-10-09T15:00
5831,しずおかフィナンシャルグループ,プライム,銀行業,6548718770.0,2026-10-09T15:00
5832,ちゅうぎんフィナンシャルグループ,プライム,銀行業,1602860460.0,2026-10-09T15:00
5838,楽天銀行,プライム,銀行業,6656083185.0,2026-10-09T15:00
5843,ニッポンインシュア,スタンダード,その他金融業,12719320.0,2026-10-09T15:00
5844,京都フィナンシャルグループ,プライム,銀行業,4569983460.0,2026-10-09T15:00
5845,全保連,スタンダード,その他金融業,28771955.0,2026-10-09T15:00
5851,リョービ,プライム,非鉄金属,367538020.0,2026-10-09T15:00
5852,アーレスティ,プライム,非鉄金属,69514080.0,2026-10-09T15:00
5857,ＡＲＥホールディングス,プライム,非鉄金属,1774789125.0,2026-10-09T15:00
5868,ロココ,スタンダード,サービス業,9837140.0,2026-10-09T15:00
5869,早稲田学習研究会,スタンダード,サービス業,6894195.0,2026-10-09T15:00
5871,ＳＯＬＩＺＥ　Ｈｏｌｄｉｎｇｓ,スタンダード,サービス業,15587440.0,2026-10-09T15:00
5885,ジーデップ・アドバンス,スタンダード,卸売業,83848475.0,2026-10-09T15:00
5889,Ｊａｐａｎ　Ｅｙｅｗｅａｒ　Ｈｏｌｄｉｎｇｓ,プライム,小売業,493118915.0,2026-10-09T15:00
5891,ＳＡＫＩＧＡＫＥホールディングス,スタンダード,小売業,6344945.0,2026-10-09T15:00
5900,ダイケン,スタンダード,金属製品,1227365.0,2026-10-09T15:00
5901,東洋製罐グループホールディングス,プライム,金属製品,1925498145.0,2026-10-09T15:00
5902,ホッカンホールディングス,プライム,金属製品,57028445.0,2026-10-09T15:00
5905,日本製罐,スタンダード,金属製品,1181625.0,2026-10-09T15:00
5906,エムケー精工,スタンダード,金属製品,2922890.0,2026-10-09T15:00
5909,コロナ,スタンダード,金属製品,14226900.0,2026-10-09T15:00
590A,ギフティグループ,プライム,情報・通信業,193935660.0,2026-10-09T15:00
5911,横河ブリッジホールディングス,プライム,金属製品,292879655.0,2026-10-09T15:00
5915,駒井ハルテック,スタンダード,金属製品,8241595.0,2026-10-09T15:00
5918,瀧上工業,スタンダード,金属製品,3571050.0,2026-10-09T15:00
5921,川岸工業,スタンダード,金属製品,10458350.0,2026-10-09T15:00
5922,那須電機鉄工,スタンダード,金属製品,9353550.0,2026-10-09T15:00
5923,高田機工,スタンダード,金属製品,14277055.0,2026-10-09T15:00
5928,アルメタックス,スタンダード,金属製品,1171935.0,2026-10-09T15:00
5929,三和ホールディングス,プライム,金属製品,2264119155.0,2026-10-09T15:00
5930,文化シヤッター,プライム,金属製品,199630930.0,2026-10-09T15:00
5932,三協立山,プライム,金属製品,154244880.0,2026-10-09T15:00
5933,アルインコ,プライム,金属製品,40925985.0,2026-10-09T15:00
5936,東洋シヤッター,スタンダード,金属製品,6471435.0,2026-10-09T15:00
5938,ＬＩＸＩＬ,プライム,金属製品,3630647700.0,2026-10-09T15:00
5939,大谷工業,スタンダード,金属製品,7193000.0,2026-10-09T15:00
5940,不二サッシ,スタンダード,金属製品,15870305.0,2026-10-09T15:00
5941,中西製作所,スタンダード,金属製品,4471500.0,2026-10-09T15:00
5942,日本フイルコン,スタンダード,金属製品,99918280.0,2026-10-09T15:00
5943,ノーリツ,プライム,金属製品,177177725.0,2026-10-09T15:00
5945,天龍製鋸,スタンダード,金属製品,3692080.0,2026-10-09T15:00
5946,長府製作所,プライム,金属製品,117655690.0,2026-10-09T15:00
5947,リンナイ,プライム,金属製品,1141662740.0,2026-10-09T15:00
5949,ユニプレス,プライム,輸送用機器,202384275.0,2026-10-09T15:00
5950,日本パワーファスニング,スタンダード,金属製品,1775190.0,2026-10-09T15:00
5951,ダイニチ工業,スタンダード,金属製品,8788080.0,2026-10-09T15:00
5952,アマテイ,スタンダード,金属製品,4365395.0,2026-10-09T15:00
5955,ワイズホールディングス,スタンダード,金属製品,60592730.0,2026-10-09T15:00
5956,トーソー,スタンダード,金属製品,3712505.0,2026-10-09T15:00
5957,日東精工,プライム,金属製品,65439300.0,2026-10-09T15:00
5958,三洋工業,スタンダード,金属製品,23315925.0,2026-10-09T15:00
5959,岡部,プライム,金属製品,71782265.0,2026-10-09T15:00
5962,浅香工業,スタンダード,その他製品,1300330.0,2026-10-09T15:00
5965,フジマック,スタンダード,金属製品,8861800.0,2026-10-09T15:00
5966,京都機械工具,スタンダード,金属製品,1975890.0,2026-10-09T15:00
5967,ＴＯＮＥ,スタンダード,金属製品,8773510.0,2026-10-09T15:00
5969,ロブテックス,スタンダード,金属製品,314125.0,2026-10-09T15:00
5970,ジーテクト,プライム,金属製品,228872080.0,2026-10-09T15:00
5971,共和工業所,スタンダード,金属製品,9139200.0,2026-10-09T15:00
5973,トーアミ,スタンダード,金属製品,1089440.0,2026-10-09T15:00
5974,中国工業,スタンダード,金属製品,800670.0,2026-10-09T15:00
5975,東プレ,プライム,金属製品,293191800.0,2026-10-09T15:00
5976,高周波熱錬,プライム,金属製品,117844230.0,2026-10-09T15:00
5981,東京製綱,プライム,金属製品,124571060.0,2026-10-09T15:00
5982,マルゼン,スタンダード,金属製品,11479475.0,2026-10-09T15:00
5983,イワブチ,スタンダード,金属製品,26226250.0,2026-10-09T15:00
5984,兼房,スタンダード,金属製品,2723045.0,2026-10-09T15:00
5985,サンコール,スタンダード,金属製品,1846360360.0,2026-10-09T15:00
5986,モリテック　スチール,スタンダード,金属製品,37080030.0,2026-10-09T15:00
5987,オーネックス,スタンダード,金属製品,7498050.0,2026-10-09T15:00
5988,パイオラックス,プライム,金属製品,129491800.0,2026-10-09T15:00
5989,エイチワン,プライム,金属製品,193115205.0,2026-10-09T15:00
5990,スーパーツール,スタンダード,金属製品,1323450.0,2026-10-09T15:00
5991,日本発條,プライム,金属製品,2543058580.0,2026-10-09T15:00
5992,中央発條,スタンダード,金属製品,98923800.0,2026-10-09T15:00
5994,ファインシンター,スタンダード,金属製品,2948825.0,2026-10-09T15:00
5997,協立エアテック,スタンダード,金属製品,2260530.0,2026-10-09T15:00
5998,アドバネクス,スタンダード,金属製品,29828615.0,2026-10-09T15:00
6005,三浦工業,プライム,機械,1278988085.0,2026-10-09T15:00
6013,タクマ,プライム,機械,534928760.0,2026-10-09T15:00
6016,ジャパンエンジンコーポレーション,スタンダード,輸送用機器,1418664700.0,2026-10-09T15:00
6018,阪神内燃機工業,スタンダード,輸送用機器,6446200.0,2026-10-09T15:00
6022,赤阪鐵工所,スタンダード,機械,4339580.0,2026-10-09T15:00
6023,ダイハツインフィニアース,スタンダード,輸送用機器,446524850.0,2026-10-09T15:00
6027,弁護士ドットコム,プライム,サービス業,1189950000.0,2026-10-09T15:00
6029,アトラグループ,スタンダード,サービス業,5641235.0,2026-10-09T15:00
6031,ＺＥＴＡ,スタンダード,サービス業,10084125.0,2026-10-09T15:00
6035,アイ・アールジャパンホールディングス,スタンダード,サービス業,26862745.0,2026-10-09T15:00
6036,ＫｅｅＰｅｒ技研,プライム,サービス業,506572275.0,2026-10-09T15:00
6037,楽待,スタンダード,サービス業,57314290.0,2026-10-09T15:00
6042,ニッキ,スタンダード,輸送用機器,2651150.0,2026-10-09T15:00
6044,三機サービス,スタンダード,サービス業,7927080.0,2026-10-09T15:00
6046,リンクバル,スタンダード,サービス業,5499540.0,2026-10-09T15:00
6047,Ｇｕｎｏｓｙ,スタンダード,サービス業,25289875.0,2026-10-09T15:00
604A,ビーエイブル,スタンダード,建設業,3444999320.0,2026-10-09T15:00
6050,イー・ガーディアン,プライム,サービス業,54322305.0,2026-10-09T15:00
6054,リブセンス,スタンダード,サービス業,1455745.0,2026-10-09T15:00
6055,ジャパンマテリアル,プライム,サービス業,1201079945.0,2026-10-09T15:00
6058,ベクトル,プライム,サービス業,849555880.0,2026-10-09T15:00
6059,ウチヤマホールディングス,スタンダード,サービス業,3633810.0,2026-10-09T15:00
6061,ユニバーサル園芸社,スタンダード,サービス業,15144600.0,2026-10-09T15:00
6062,チャーム・ケア・コーポレーション,プライム,サービス業,126573535.0,2026-10-09T15:00
6063,日本エマージェンシーアシスタンス,スタンダード,サービス業,1103500.0,2026-10-09T15:00
6070,キャリアリンク,プライム,サービス業,121988730.0,2026-10-09T15:00
6071,ＩＢＪ,プライム,サービス業,176719050.0,2026-10-09T15:00
6072,地盤ネットホールディングス,スタンダード,サービス業,558362685.0,2026-10-09T15:00
6073,アサンテ,プライム,サービス業,49587280.0,2026-10-09T15:00
6074,ジェイエスエス,スタンダード,サービス業,4209375.0,2026-10-09T15:00
6078,バリューＨＲ,プライム,サービス業,41794710.0,2026-10-09T15:00
6080,Ｍ＆Ａキャピタルパートナーズ,プライム,サービス業,385649325.0,2026-10-09T15:00
6082,ライドオンエクスプレスホールディングス,スタンダード,サービス業,22600290.0,2026-10-09T15:00
6083,ＥＲＩホールディングス,スタンダード,サービス業,145696390.0,2026-10-09T15:00
6087,アビスト,スタンダード,サービス業,12656375.0,2026-10-09T15:00
6088,シグマクシス・ホールディングス,プライム,サービス業,240750915.0,2026-10-09T15:00
6089,ウィルグループ,プライム,サービス業,39747280.0,2026-10-09T15:00
6090,ヒューマン・メタボローム・テクノロジーズ,スタンダード,サービス業,1650100.0,2026-10-09T15:00
6091,ウエスコホールディングス,スタンダード,サービス業,13191985.0,2026-10-09T15:00
6092,エンバイオ・ホールディングス,スタンダード,サービス業,14555555.0,2026-10-09T15:00
6093,ミトラグループ,スタンダード,サービス業,16521600.0,2026-10-09T15:00
6098,リクルートホールディングス,プライム,サービス業,70422922025.0,2026-10-09T15:00
6099,エラン,プライム,サービス業,53031695.0,2026-10-09T15:00
6101,ツガミ,プライム,機械,1574651650.0,2026-10-09T15:00
6103,オークマ,プライム,機械,1726543075.0,2026-10-09T15:00
6104,芝浦機械,プライム,機械,924905350.0,2026-10-09T15:00
6113,アマダ,プライム,機械,5470970025.0,2026-10-09T15:00
6118,アイダエンジニアリング,プライム,機械,312440600.0,2026-10-09T15:00
6125,岡本工作機械製作所,スタンダード,機械,126104200.0,2026-10-09T15:00
6134,ＦＵＪＩ,プライム,機械,5692703980.0,2026-10-09T15:00
6135,牧野フライス製作所,プライム,機械,1957251000.0,2026-10-09T15:00
6136,オーエスジー,プライム,機械,1186257305.0,2026-10-09T15:00
6137,小池酸素工業,スタンダード,機械,33560390.0,2026-10-09T15:00
6138,ダイジェット工業,スタンダード,機械,21676450.0,2026-10-09T15:00
6140,旭ダイヤモンド工業,プライム,機械,407543600.0,2026-10-09T15:00
6141,ＤＭＧ森精機,プライム,機械,3696820690.0,2026-10-09T15:00
6143,ソディック,プライム,機械,729677435.0,2026-10-09T15:00
6144,西部電機,スタンダード,機械,17061135.0,2026-10-09T15:00
6145,ＮＩＴＴＯＫＵ,スタンダード,機械,258872180.0,2026-10-09T15:00
6146,ディスコ,プライム,機械,93908289250.0,2026-10-09T15:00
6147,ヤマザキ,スタンダード,機械,10872505.0,2026-10-09T15:00
6149,小田原エンジニアリング,スタンダード,機械,16324855.0,2026-10-09T15:00
6150,タケダ機械,スタンダード,機械,4055345.0,2026-10-09T15:00
6151,日東工器,プライム,機械,29155270.0,2026-10-09T15:00
6155,高松機械工業,スタンダード,機械,2540160.0,2026-10-09T15:00
6156,エーワン精密,スタンダード,機械,17487530.0,2026-10-09T15:00
6157,日進工具,スタンダード,機械,55281555.0,2026-10-09T15:00
6158,和井田製作所,スタンダード,機械,5384010.0,2026-10-09T15:00
6159,ミクロン精密,スタンダード,機械,6799770.0,2026-10-09T15:00
6161,エスティック,スタンダード,機械,3892995.0,2026-10-09T15:00
6165,パンチ工業,スタンダード,機械,34666640.0,2026-10-09T15:00
6167,冨士ダイス,プライム,機械,46304600.0,2026-10-09T15:00
6171,土木管理総合試験所,スタンダード,サービス業,5650995.0,2026-10-09T15:00
6176,ブランジスタ,スタンダード,サービス業,139139615.0,2026-10-09T15:00
6178,日本郵政,プライム,サービス業,12181893878.0,2026-10-09T15:00
6183,ベルシステム２４ホールディングス,プライム,サービス業,366338590.0,2026-10-09T15:00
6184,鎌倉新書,プライム,サービス業,103501230.0,2026-10-09T15:00
6185,ＳＭＮ,スタンダード,サービス業,2364470.0,2026-10-09T15:00
6186,一蔵,スタンダード,サービス業,708560.0,2026-10-09T15:00
6189,グローバルキッズＣＯＭＰＡＮＹ,スタンダード,サービス業,16143690.0,2026-10-09T15:00
6191,エアトリ,プライム,サービス業,1901395865.0,2026-10-09T15:00
6194,アトラエ,プライム,サービス業,243298155.0,2026-10-09T15:00
6196,ストライクグループ,プライム,サービス業,529191695.0,2026-10-09T15:00
6199,セラク,スタンダード,情報・通信業,25458195.0,2026-10-09T15:00
619A,オリバー,スタンダード,その他製品,936711550.0,2026-10-09T15:00
6200,インソース,プライム,サービス業,358246370.0,2026-10-09T15:00
6203,豊和工業,スタンダード,機械,16736311375.0,2026-10-09T15:00
6208,石川製作所,スタンダード,機械,802014080.0,2026-10-09T15:00
6209,リケンＮＰＲ,プライム,機械,321927750.0,2026-10-09T15:00
6217,津田駒工業,スタンダード,機械,42713985.0,2026-10-09T15:00
6218,エンシュウ,スタンダード,機械,2503755.0,2026-10-09T15:00
6222,島精機製作所,プライム,機械,129745255.0,2026-10-09T15:00
6223,西部技研,スタンダード,機械,41945670.0,2026-10-09T15:00
6226,守谷輸送機工業,スタンダード,機械,229377750.0,2026-10-09T15:00
6227,ＡＩメカテック,スタンダード,機械,8964916100.0,2026-10-09T15:00
6228,ジェイ・イー・ティ,スタンダード,機械,55008710.0,2026-10-09T15:00
6229,オーケーエム,スタンダード,機械,16179215.0,2026-10-09T15:00
622A,テクノクラフト,スタンダード,情報・通信業,163590385.0,2026-10-09T15:00
6230,ＳＡＮＥＩ,スタンダード,機械,2117550.0,2026-10-09T15:00
6231,木村工機,スタンダード,機械,180285700.0,2026-10-09T15:00
6233,ＫＬＡＳＳ,スタンダード,機械,2092955.0,2026-10-09T15:00
6235,オプトラン,プライム,機械,850339800.0,2026-10-09T15:00
6237,イワキポンプ,プライム,機械,184431775.0,2026-10-09T15:00
6238,フリュー,プライム,機械,154693205.0,2026-10-09T15:00
6239,ナガオカ,スタンダード,機械,5329415.0,2026-10-09T15:00
623A,ベルテックス,スタンダード,不動産業,1071107392.0,2026-10-09T15:00
6240,ヤマシンフィルタ,プライム,機械,172829805.0,2026-10-09T15:00
6245,ヒラノテクシード,スタンダード,機械,76012090.0,2026-10-09T15:00
6246,テクノスマート,スタンダード,機械,13169655.0,2026-10-09T15:00
6247,日阪製作所,プライム,機械,106506845.0,2026-10-09T15:00
6248,横田製作所,スタンダード,機械,1993285.0,2026-10-09T15:00
6249,ゲームカードホールディングス,スタンダード,機械,20660885.0,2026-10-09T15:00
6250,やまびこ,プライム,機械,467135875.0,2026-10-09T15:00
6254,野村マイクロ・サイエンス,プライム,機械,1730308450.0,2026-10-09T15:00
6257,藤商事,スタンダード,機械,33757720.0,2026-10-09T15:00
6258,平田機工,プライム,機械,1114120650.0,2026-10-09T15:00
6262,ＰＥＧＡＳＵＳ,スタンダード,機械,29737855.0,2026-10-09T15:00
6264,マルマエ,プライム,機械,982438055.0,2026-10-09T15:00
6265,コンバム,スタンダード,機械,6459475.0,2026-10-09T15:00
6266,タツモ,プライム,機械,927567550.0,2026-10-09T15:00
6267,ゼネラルパッカー,スタンダード,機械,3297075.0,2026-10-09T15:00
6268,ナブテスコ,プライム,機械,4269844255.0,2026-10-09T15:00
6269,三井海洋開発,プライム,機械,5704645430.0,2026-10-09T15:00
6272,レオン自動機,プライム,機械,84323460.0,2026-10-09T15:00
6273,ＳＭＣ,プライム,機械,20592918700.0,2026-10-09T15:00
6276,シリウスビジョン,スタンダード,電気機器,8927435.0,2026-10-09T15:00
6277,ホソカワミクロン,プライム,機械,450367800.0,2026-10-09T15:00
6278,ユニオンツール,プライム,機械,3245149500.0,2026-10-09T15:00
6279,瑞光,プライム,機械,23051335.0,2026-10-09T15:00
627A,ａｋｉｐｐａ,スタンダード,情報・通信業,24358655292.0,2026-10-09T15:00
6282,オイレス工業,プライム,機械,462344050.0,2026-10-09T15:00
6284,日精エー・エス・ビー機械,プライム,機械,267311000.0,2026-10-09T15:00
6286,靜甲,スタンダード,機械,3687970.0,2026-10-09T15:00
6287,サトー,プライム,機械,273164095.0,2026-10-09T15:00
6289,技研製作所,プライム,機械,135621775.0,2026-10-09T15:00
6291,日本エアーテック,スタンダード,機械,28564645.0,2026-10-09T15:00
6292,カワタ,スタンダード,機械,2832575.0,2026-10-09T15:00
6294,オカダアイヨン,プライム,機械,36026765.0,2026-10-09T15:00
6298,ワイエイシイホールディングス,プライム,機械,138950140.0,2026-10-09T15:00
6301,小松製作所,プライム,機械,25145785365.0,2026-10-09T15:00
6302,住友重機械工業,プライム,機械,5052105915.0,2026-10-09T15:00
6305,日立建機,プライム,機械,5803437095.0,2026-10-09T15:00
6306,日工,プライム,機械,85604525.0,2026-10-09T15:00
6307,サンセイ,スタンダード,機械,3087440.0,2026-10-09T15:00
6309,巴工業,プライム,機械,270104655.0,2026-10-09T15:00
6310,井関農機,プライム,機械,164674550.0,2026-10-09T15:00
6315,ＴＯＷＡ,プライム,機械,7153604275.0,2026-10-09T15:00
6316,丸山製作所,スタンダード,機械,33649295.0,2026-10-09T15:00
6317,北川鉄工所,スタンダード,機械,300214830.0,2026-10-09T15:00
6322,タクミナ,スタンダード,機械,1899500.0,2026-10-09T15:00
6323,ローツェ,プライム,機械,8009734975.0,2026-10-09T15:00
6324,ハーモニック・ドライブ・システムズ,プライム,機械,5668554150.0,2026-10-09T15:00
6325,タカキタ,スタンダード,機械,2836805.0,2026-10-09T15:00
6326,クボタ,プライム,機械,11749345210.0,2026-10-09T15:00
6327,北川精機,スタンダード,機械,616133040.0,2026-10-09T15:00
6328,荏原実業,プライム,機械,165150315.0,2026-10-09T15:00
6330,東洋エンジニアリング,プライム,建設業,16122287770.0,2026-10-09T15:00
6331,三菱化工機,プライム,機械,623080155.0,2026-10-09T15:00
6332,月島ホールディングス,プライム,機械,633602905.0,2026-10-09T15:00
6333,ＴＥＩＫＯＫＵ,プライム,機械,138091525.0,2026-10-09T15:00
6334,明治機械,スタンダード,機械,1134080.0,2026-10-09T15:00
6335,東京機械製作所,スタンダード,機械,7722605.0,2026-10-09T15:00
6336,石井表記,スタンダード,機械,249335420.0,2026-10-09T15:00
6337,テセック,スタンダード,機械,146925125.0,2026-10-09T15:00
6338,タカトリ,スタンダード,機械,22821815.0,2026-10-09T15:00
6339,新東工業,プライム,機械,259365610.0,2026-10-09T15:00
6340,澁谷工業,プライム,機械,332495400.0,2026-10-09T15:00
6342,太平製作所,スタンダード,機械,1602210.0,2026-10-09T15:00
6343,フリージア・マクロス,スタンダード,機械,6199255.0,2026-10-09T15:00
6345,アイチ　コーポレーション,プライム,機械,195773315.0,2026-10-09T15:00
6346,キクカワエンタープライズ,スタンダード,機械,1796700.0,2026-10-09T15:00
6347,プラコー,スタンダード,機械,3403435.0,2026-10-09T15:00
6349,小森コーポレーション,プライム,機械,297619425.0,2026-10-09T15:00
634A,レイヤード,スタンダード,情報・通信業,9845527927.0,2026-10-09T15:00
6351,鶴見製作所,プライム,機械,163378885.0,2026-10-09T15:00
6356,日本ギア工業,スタンダード,機械,1358140090.0,2026-10-09T15:00
6357,三精テクノロジーズ,スタンダード,機械,82444955.0,2026-10-09T15:00
6358,酒井重工業,プライム,機械,44267630.0,2026-10-09T15:00
6360,東京自働機械製作所,スタンダード,機械,4840775.0,2026-10-09T15:00
6361,荏原製作所,プライム,機械,12869816175.0,2026-10-09T15:00
6363,酉島製作所,プライム,機械,470764060.0,2026-10-09T15:00
6364,ＡＩＲＭＡＮ,プライム,機械,146124840.0,2026-10-09T15:00
6365,電業社機械製作所,スタンダード,機械,3508450.0,2026-10-09T15:00
6366,千代田化工建設,スタンダード,建設業,1242718405.0,2026-10-09T15:00
6367,ダイキン工業,プライム,機械,23822068400.0,2026-10-09T15:00
6368,オルガノ,プライム,機械,3882945818.0,2026-10-09T15:00
6369,トーヨーカネツ,プライム,機械,196638235.0,2026-10-09T15:00
6370,栗田工業,プライム,機械,4068026075.0,2026-10-09T15:00
6371,椿本チエイン,プライム,機械,537712925.0,2026-10-09T15:00
6376,日機装,プライム,精密機器,1405634100.0,2026-10-09T15:00
6378,木村化工機,スタンダード,機械,171959215.0,2026-10-09T15:00
6379,レイズネクスト,プライム,建設業,667621300.0,2026-10-09T15:00
6380,オリエンタルチエン工業,スタンダード,機械,32736825.0,2026-10-09T15:00
6381,アネスト岩田,プライム,機械,136338280.0,2026-10-09T15:00
6382,トリニティ工業,スタンダード,機械,21701320.0,2026-10-09T15:00
6383,ダイフク,プライム,機械,9136302435.0,2026-10-09T15:00
6384,昭和真空,スタンダード,機械,11099940.0,2026-10-09T15:00
6387,サムコ,プライム,機械,1378731450.0,2026-10-09T15:00
6390,加藤製作所,プライム,機械,64099085.0,2026-10-09T15:00
6391,加地テック,スタンダード,機械,11355725.0,2026-10-09T15:00
6392,ヤマダコーポレーション,スタンダード,機械,6939100.0,2026-10-09T15:00
6393,油研工業,スタンダード,機械,4455700.0,2026-10-09T15:00
6395,タダノ,プライム,機械,398056000.0,2026-10-09T15:00
6396,宇野澤組鐵工所,スタンダード,機械,3676275.0,2026-10-09T15:00
6400,不二精機,スタンダード,機械,9152295.0,2026-10-09T15:00
6402,兼松エンジニアリング,スタンダード,機械,3701390.0,2026-10-09T15:00
6405,鈴茂器工,スタンダード,機械,28543380.0,2026-10-09T15:00
6407,ＣＫＤ,プライム,機械,3301626800.0,2026-10-09T15:00
6408,小倉クラッチ,スタンダード,機械,1994775.0,2026-10-09T15:00
6412,平和,プライム,機械,832243910.0,2026-10-09T15:00
6413,理想科学工業,プライム,機械,83793075.0,2026-10-09T15:00
6417,ＳＡＮＫＹＯ,プライム,機械,2462655585.0,2026-10-09T15:00
6418,日本金銭機械,プライム,機械,174054730.0,2026-10-09T15:00
6419,マースグループホールディングス,プライム,機械,200664075.0,2026-10-09T15:00
6420,ガリレイホールディングス,プライム,機械,166415875.0,2026-10-09T15:00
6424,高見沢サイバネティックス,スタンダード,機械,1378770.0,2026-10-09T15:00
6425,ユニバーサルエンターテインメント,スタンダード,機械,132734420.0,2026-10-09T15:00
6428,オーイズミ,スタンダード,機械,2900060.0,2026-10-09T15:00
6430,ダイコク電機,プライム,機械,113522535.0,2026-10-09T15:00
6432,竹内製作所,プライム,機械,1351910650.0,2026-10-09T15:00
6433,ヒーハイスト,スタンダード,機械,511971140.0,2026-10-09T15:00
6436,アマノ,プライム,機械,1200426750.0,2026-10-09T15:00
6440,ＪＵＫＩ,プライム,機械,277615325.0,2026-10-09T15:00
6444,サンデン,スタンダード,機械,21229805.0,2026-10-09T15:00
6445,ジャノメ,プライム,機械,51002590.0,2026-10-09T15:00
6448,ブラザー工業,プライム,電気機器,5384875450.0,2026-10-09T15:00
6454,マックス,プライム,機械,481931135.0,2026-10-09T15:00
6455,モリタホールディングス,プライム,輸送用機器,178223250.0,2026-10-09T15:00
6457,グローリー,プライム,機械,879549165.0,2026-10-09T15:00
6458,新晃工業,プライム,機械,244852360.0,2026-10-09T15:00
6459,だいわ,プライム,機械,119405930.0,2026-10-09T15:00
6460,セガサミーホールディングス,プライム,機械,3641183515.0,2026-10-09T15:00
6463,ＴＰＲ,プライム,機械,189341335.0,2026-10-09T15:00
6464,ツバキ・ナカシマ,プライム,機械,83393170.0,2026-10-09T15:00
6465,ホシザキ,プライム,機械,1958577395.0,2026-10-09T15:00
6466,ＴＶＥ,スタンダード,機械,93176025.0,2026-10-09T15:00
6467,ニチダイ,スタンダード,機械,1746005.0,2026-10-09T15:00
6469,放電精密加工研究所,スタンダード,機械,382883865.0,2026-10-09T15:00
646A,クラサスケミカル,スタンダード,化学,,2026-10-09T15:00
6470,大豊工業,スタンダード,機械,71105915.0,2026-10-09T15:00
6471,日本精工,プライム,機械,2500593578.0,2026-10-09T15:00
6472,ＮＴＮ,プライム,機械,1095751925.0,2026-10-09T15:00
6473,ジェイテクト,プライム,機械,2508100068.0,2026-10-09T15:00
6474,不二越,プライム,機械,674761150.0,2026-10-09T15:00
6479,ミネベアミツミ,プライム,電気機器,9760757685.0,2026-10-09T15:00
6480,日本トムソン,プライム,機械,1194891010.0,2026-10-09T15:00
6481,ＴＨＫ,プライム,機械,6627687885.0,2026-10-09T15:00
6482,ＹＵＳＨＩＮ,スタンダード,機械,75687460.0,2026-10-09T15:00
6484,ＫＶＫ,スタンダード,機械,2967530.0,2026-10-09T15:00
6485,前澤給装工業,スタンダード,機械,48247850.0,2026-10-09T15:00
6488,ヨシタケ,スタンダード,機械,12102445.0,2026-10-09T15:00
6490,ＰＩＬＬＡＲ,プライム,機械,1347345300.0,2026-10-09T15:00
6492,岡野バルブ製造,スタンダード,機械,347252300.0,2026-10-09T15:00
6493,ＮＩＴＴＡＮ,スタンダード,輸送用機器,33986265.0,2026-10-09T15:00
6494,ＮＦＫホールディングス,スタンダード,機械,14136645.0,2026-10-09T15:00
6495,宮入バルブ製作所,スタンダード,機械,34199450.0,2026-10-09T15:00
6496,中北製作所,スタンダード,機械,37305950.0,2026-10-09T15:00
6497,ハマイ,スタンダード,機械,12253710.0,2026-10-09T15:00
6498,キッツ,プライム,機械,689987595.0,2026-10-09T15:00
6501,日立製作所,プライム,電気機器,54927142390.0,2026-10-09T15:00
6503,三菱電機,プライム,電気機器,29690191640.0,2026-10-09T15:00
6504,富士電機,プライム,電気機器,9260690000.0,2026-10-09T15:00
6505,東洋電機製造,スタンダード,電気機器,83817905.0,2026-10-09T15:00
6506,安川電機,プライム,電気機器,15553850660.0,2026-10-09T15:00
6507,シンフォニアテクノロジー,プライム,電気機器,2537261200.0,2026-10-09T15:00
6508,明電舎,プライム,電気機器,2307055900.0,2026-10-09T15:00
6513,オリジン,スタンダード,電気機器,18934335.0,2026-10-09T15:00
6516,山洋電気,プライム,電気機器,527500600.0,2026-10-09T15:00
6517,デンヨー,プライム,電気機器,241058850.0,2026-10-09T15:00
6518,三相電機,スタンダード,電気機器,15999995.0,2026-10-09T15:00
6523,ＰＨＣホールディングス,プライム,電気機器,2145844290.0,2026-10-09T15:00
6524,湖北工業,スタンダード,電気機器,1321639450.0,2026-10-09T15:00
6525,ＫＯＫＵＳＡＩ　ＥＬＥＣＴＲＩＣ,プライム,電気機器,76739857525.0,2026-10-09T15:00
6526,ソシオネクスト,プライム,電気機器,13001073120.0,2026-10-09T15:00
6532,ベイカレント,プライム,サービス業,8931688090.0,2026-10-09T15:00
6533,Ｏｒｃｈｅｓｔｒａ　Ｈｏｌｄｉｎｇｓ,プライム,サービス業,250160445.0,2026-10-09T15:00
6535,アイモバイル,プライム,サービス業,148983075.0,2026-10-09T15:00
6538,ディスラプターズ,スタンダード,サービス業,9059570.0,2026-10-09T15:00
6539,ＭＳ－Ｊａｐａｎ,プライム,サービス業,33280225.0,2026-10-09T15:00
6540,船場,スタンダード,サービス業,28724395.0,2026-10-09T15:00
6543,日宣,スタンダード,サービス業,2160435.0,2026-10-09T15:00
6544,ジャパンエレベーターサービスホールディングス,プライム,サービス業,984094345.0,2026-10-09T15:00
6546,フルテック,スタンダード,サービス業,1275035.0,2026-10-09T15:00
6547,グリーンズ,スタンダード,サービス業,75389305.0,2026-10-09T15:00
6549,ディーエムソリューションズ,スタンダード,サービス業,4647665.0,2026-10-09T15:00
6551,ツナググループ・ホールディングス,スタンダード,サービス業,14697890.0,2026-10-09T15:00
6552,ＧａｍｅＷｉｔｈ,スタンダード,サービス業,3472905.0,2026-10-09T15:00
6555,ＭＳ＆Ｃｏｎｓｕｌｔｉｎｇ,スタンダード,サービス業,673835.0,2026-10-09T15:00
6560,エル・ティー・エス,プライム,サービス業,28991990.0,2026-10-09T15:00
6564,ミダックホールディングス,プライム,サービス業,113128880.0,2026-10-09T15:00
6566,要興業,スタンダード,サービス業,1626050.0,2026-10-09T15:00
6570,共和コーポレーション,スタンダード,サービス業,274309325.0,2026-10-09T15:00
6571,キュービーネットホールディングス,プライム,サービス業,48143780.0,2026-10-09T15:00
6572,オープングループ,プライム,サービス業,34191130.0,2026-10-09T15:00
6578,コレックホールディングス,スタンダード,サービス業,1631755.0,2026-10-09T15:00
6584,三櫻工業,プライム,輸送用機器,225517675.0,2026-10-09T15:00
6586,マキタ,プライム,機械,4082669800.0,2026-10-09T15:00
6588,東芝テック,プライム,電気機器,414373085.0,2026-10-09T15:00
6590,芝浦メカトロニクス,プライム,電気機器,4889496375.0,2026-10-09T15:00
6592,マブチモーター,プライム,電気機器,1602075728.0,2026-10-09T15:00
6594,ニデック,プライム,電気機器,31607947160.0,2026-10-09T15:00
6599,エブレン,スタンダード,電気機器,51050225.0,2026-10-09T15:00
6614,シキノハイテック,スタンダード,電気機器,5846715.0,2026-10-09T15:00
6615,ユー・エム・シー・エレクトロニクス,スタンダード,電気機器,10528740.0,2026-10-09T15:00
6616,トレックス・セミコンダクター,プライム,電気機器,165862235.0,2026-10-09T15:00
6617,東光高岳,プライム,電気機器,609445500.0,2026-10-09T15:00
6619,ダブル・スコープ,プライム,電気機器,299555020.0,2026-10-09T15:00
6620,宮越ホールディングス,プライム,不動産業,28848425.0,2026-10-09T15:00
6622,ダイヘン,プライム,電気機器,2621141610.0,2026-10-09T15:00
6625,ＪＡＬＣＯホールディングス,スタンダード,不動産業,129244145.0,2026-10-09T15:00
6626,ＳＥＭＩＴＥＣ,スタンダード,電気機器,34454850.0,2026-10-09T15:00
6627,テラプローブ,スタンダード,電気機器,1200545390.0,2026-10-09T15:00
6629,テクノホライゾン,スタンダード,電気機器,138960375.0,2026-10-09T15:00
6630,ヤーマン,プライム,電気機器,60268960.0,2026-10-09T15:00
6632,ＪＶＣケンウッド,プライム,電気機器,1365670626.0,2026-10-09T15:00
6633,ＣＧＳホールディングス,スタンダード,電気機器,1956900.0,2026-10-09T15:00
6634,ＪＮグループ,スタンダード,電気機器,9242430.0,2026-10-09T15:00
6635,大日光・エンジニアリング,スタンダード,電気機器,10149020.0,2026-10-09T15:00
6637,寺崎電気産業,スタンダード,電気機器,107459550.0,2026-10-09T15:00
6638,ミマキエンジニアリング,プライム,電気機器,324616970.0,2026-10-09T15:00
6643,戸上電機製作所,スタンダード,電気機器,22751400.0,2026-10-09T15:00
6644,大崎電気工業,プライム,電気機器,498122140.0,2026-10-09T15:00
6645,オムロン,プライム,電気機器,7425223835.0,2026-10-09T15:00
6647,森尾電機,スタンダード,電気機器,5280000.0,2026-10-09T15:00
6648,かわでん,スタンダード,電気機器,60997270.0,2026-10-09T15:00
6651,日東工業,プライム,電気機器,298238725.0,2026-10-09T15:00
6652,ＩＤＥＣ,プライム,電気機器,540032550.0,2026-10-09T15:00
6653,正興電機製作所,プライム,電気機器,127381115.0,2026-10-09T15:00
6654,不二電機工業,スタンダード,電気機器,6255220.0,2026-10-09T15:00
6656,インスペック,スタンダード,電気機器,26627540.0,2026-10-09T15:00
6658,シライ電子工業,スタンダード,電気機器,17460255.0,2026-10-09T15:00
6659,メディアリンクス,スタンダード,電気機器,167773875.0,2026-10-09T15:00
6662,ユビテック,スタンダード,電気機器,2348845.0,2026-10-09T15:00
6663,太洋テクノレックス,スタンダード,電気機器,10806085.0,2026-10-09T15:00
6664,オプトエレクトロニクス,スタンダード,電気機器,18010345.0,2026-10-09T15:00
6666,リバーエレテック,スタンダード,電気機器,33445080.0,2026-10-09T15:00
6668,アドテック　プラズマ　テクノロジー,スタンダード,電気機器,431508875.0,2026-10-09T15:00
6674,ジーエス・ユアサ　コーポレーション,プライム,電気機器,4035314570.0,2026-10-09T15:00
6675,サクサ,スタンダード,電気機器,62405950.0,2026-10-09T15:00
6676,ＢＵＦＦＡＬＯ,スタンダード,電気機器,289669100.0,2026-10-09T15:00
6677,エスケーエレクトロニクス,スタンダード,電気機器,263204400.0,2026-10-09T15:00
6678,テクノメディカ,スタンダード,電気機器,24858470.0,2026-10-09T15:00
6694,ズーム,スタンダード,電気機器,7307345.0,2026-10-09T15:00
6699,ダイヤモンドエレクトリックホールディングス,スタンダード,電気機器,37727250.0,2026-10-09T15:00
6701,日本電気,プライム,電気機器,26131677635.0,2026-10-09T15:00
6702,富士通,プライム,電気機器,28364391235.0,2026-10-09T15:00
6703,沖電気工業,プライム,電気機器,1623155080.0,2026-10-09T15:00
6706,電気興業,プライム,電気機器,90180300.0,2026-10-09T15:00
6707,サンケン電気,プライム,電気機器,1120486130.0,2026-10-09T15:00
6718,アイホン,プライム,電気機器,77656120.0,2026-10-09T15:00
6721,ウインテスト,スタンダード,電気機器,119437185.0,2026-10-09T15:00
6723,ルネサスエレクトロニクス,プライム,電気機器,38517897640.0,2026-10-09T15:00
6724,セイコーエプソン,プライム,電気機器,4633120795.0,2026-10-09T15:00
6727,ワコム,プライム,電気機器,537828780.0,2026-10-09T15:00
6728,アルバック,プライム,電気機器,3716313390.0,2026-10-09T15:00
6730,アクセル,スタンダード,電気機器,354386545.0,2026-10-09T15:00
6731,ピクセラ,スタンダード,電気機器,9812825.0,2026-10-09T15:00
6736,サン電子,スタンダード,電気機器,376837000.0,2026-10-09T15:00
6737,ＥＩＺＯ,プライム,電気機器,442845185.0,2026-10-09T15:00
6740,ジャパンディスプレイ,プライム,電気機器,707402835.0,2026-10-09T15:00
6741,日本信号,プライム,電気機器,231307020.0,2026-10-09T15:00
6742,京三製作所,プライム,電気機器,301367740.0,2026-10-09T15:00
6743,大同信号,スタンダード,電気機器,15064290.0,2026-10-09T15:00
6744,能美防災,プライム,電気機器,295826500.0,2026-10-09T15:00
6745,ホーチキ,プライム,電気機器,288567390.0,2026-10-09T15:00
6748,星和電機,スタンダード,電気機器,9175620.0,2026-10-09T15:00
6750,エレコム,プライム,電気機器,355113110.0,2026-10-09T15:00
6752,パナソニック　ホールディングス,プライム,電気機器,36387690175.0,2026-10-09T15:00
6753,シャープ,プライム,電気機器,2572600200.0,2026-10-09T15:00
6754,アンリツ,プライム,電気機器,3485375565.0,2026-10-09T15:00
6757,ＯＳＧコーポレーション,スタンダード,電気機器,4634910.0,2026-10-09T15:00
6758,ソニーグループ,プライム,電気機器,49365975255.0,2026-10-09T15:00
6762,ＴＤＫ,プライム,電気機器,39492728565.0,2026-10-09T15:00
6763,帝国通信工業,プライム,電気機器,54505840.0,2026-10-09T15:00
6768,タムラ製作所,プライム,電気機器,918315680.0,2026-10-09T15:00
6769,ザインエレクトロニクス,スタンダード,電気機器,71636375.0,2026-10-09T15:00
6770,アルプスアルパイン,プライム,電気機器,3312647975.0,2026-10-09T15:00
6771,池上通信機,スタンダード,電気機器,7376345.0,2026-10-09T15:00
6772,東京コスモス電機,スタンダード,電気機器,2293640.0,2026-10-09T15:00
6775,ＴＢグループ,スタンダード,電気機器,41972655.0,2026-10-09T15:00
6776,天昇電気工業,スタンダード,化学,5533800.0,2026-10-09T15:00
6777,ｓａｎｔｅｃ　Ｈｏｌｄｉｎｇｓ,スタンダード,電気機器,2799693600.0,2026-10-09T15:00
6778,アルチザネットワークス,スタンダード,電気機器,7369940.0,2026-10-09T15:00
6779,日本電波工業,プライム,電気機器,2914810250.0,2026-10-09T15:00
6785,鈴木,プライム,電気機器,225408200.0,2026-10-09T15:00
6786,ＲＶＨ,スタンダード,サービス業,1498770.0,2026-10-09T15:00
6787,メイコー,プライム,電気機器,15813751650.0,2026-10-09T15:00
6788,日本トリム,プライム,電気機器,61062900.0,2026-10-09T15:00
6794,フォスター電機,プライム,電気機器,504434630.0,2026-10-09T15:00
6797,名古屋電機工業,スタンダード,電気機器,5457020.0,2026-10-09T15:00
6798,ＳＭＫ,プライム,電気機器,41891850.0,2026-10-09T15:00
6800,ヨコオ,プライム,電気機器,702695500.0,2026-10-09T15:00
6803,ティアック,スタンダード,電気機器,29565880.0,2026-10-09T15:00
6804,ホシデン,プライム,電気機器,666156715.0,2026-10-09T15:00
6806,ヒロセ電機,プライム,電気機器,3235312775.0,2026-10-09T15:00
6807,日本航空電子工業,プライム,電気機器,866528890.0,2026-10-09T15:00
6809,ＴＯＡ,プライム,電気機器,150029880.0,2026-10-09T15:00
6810,マクセル,プライム,電気機器,399365200.0,2026-10-09T15:00
6814,古野電気,プライム,電気機器,2305104050.0,2026-10-09T15:00
6817,スミダコーポレーション,プライム,電気機器,189372570.0,2026-10-09T15:00
6819,伊豆シャボテンリゾート,スタンダード,サービス業,5165495.0,2026-10-09T15:00
6820,アイコム,プライム,電気機器,57828675.0,2026-10-09T15:00
6822,大井電気,スタンダード,電気機器,17338225.0,2026-10-09T15:00
6823,リオン,プライム,電気機器,133911000.0,2026-10-09T15:00
6824,新コスモス電機,スタンダード,電気機器,46308075.0,2026-10-09T15:00
6832,アオイ電子,スタンダード,電気機器,98267865.0,2026-10-09T15:00
6834,精工技研,スタンダード,電気機器,4695346775.0,2026-10-09T15:00
6835,アライドテレシスホールディングス,スタンダード,電気機器,80828650.0,2026-10-09T15:00
6836,ぷらっとホーム,スタンダード,電気機器,12592915.0,2026-10-09T15:00
6837,京写,スタンダード,電気機器,24265490.0,2026-10-09T15:00
6838,多摩川ホールディングス,スタンダード,電気機器,313950920.0,2026-10-09T15:00
6840,ＡＫＩＢＡホールディングス,スタンダード,電気機器,282413210.0,2026-10-09T15:00
6841,横河電機,プライム,電気機器,4921999885.0,2026-10-09T15:00
6844,新電元工業,プライム,電気機器,213567890.0,2026-10-09T15:00
6845,アズビル,プライム,電気機器,2173298188.0,2026-10-09T15:00
6848,東亜ディーケーケー,スタンダード,電気機器,12669930.0,2026-10-09T15:00
6849,日本光電工業,プライム,電気機器,1188297195.0,2026-10-09T15:00
6850,チノー,プライム,電気機器,52410620.0,2026-10-09T15:00
6853,共和電業,スタンダード,電気機器,14911765.0,2026-10-09T15:00
6855,日本電子材料,スタンダード,電気機器,4147786150.0,2026-10-09T15:00
6856,堀場製作所,プライム,電気機器,5764522175.0,2026-10-09T15:00
6857,アドバンテスト,プライム,電気機器,424946902150.0,2026-10-09T15:00
6858,小野測器,スタンダード,電気機器,28980505.0,2026-10-09T15:00
6859,エスペック,プライム,電気機器,318811675.0,2026-10-09T15:00
6861,キーエンス,プライム,電気機器,43358503600.0,2026-10-09T15:00
6862,ミナトホールディングス,スタンダード,電気機器,1269837025.0,2026-10-09T15:00
6863,ニレコ,スタンダード,電気機器,153812810.0,2026-10-09T15:00
6864,エヌエフホールディングス,スタンダード,電気機器,35556865.0,2026-10-09T15:00
6866,日置電機,プライム,電気機器,425270100.0,2026-10-09T15:00
6867,リーダー電子,スタンダード,電気機器,1990235.0,2026-10-09T15:00
6869,シスメックス,プライム,電気機器,4847148305.0,2026-10-09T15:00
6870,日本フェンオール,スタンダード,電気機器,4868580.0,2026-10-09T15:00
6871,日本マイクロニクス,プライム,電気機器,18839635350.0,2026-10-09T15:00
6874,協立電機,スタンダード,電気機器,6648230.0,2026-10-09T15:00
6875,メガチップス,プライム,電気機器,1083887800.0,2026-10-09T15:00
6877,ＯＢＡＲＡ　ＧＲＯＵＰ,スタンダード,電気機器,325558100.0,2026-10-09T15:00
6882,三社電機製作所,スタンダード,電気機器,34436980.0,2026-10-09T15:00
6888,アクモス,スタンダード,情報・通信業,8067495.0,2026-10-09T15:00
6890,フェローテック,スタンダード,電気機器,10911928700.0,2026-10-09T15:00
6894,パルステック工業,スタンダード,電気機器,1741710.0,2026-10-09T15:00
6897,ツインバード,スタンダード,電気機器,33225705.0,2026-10-09T15:00
6898,トミタ電機,スタンダード,電気機器,34438350.0,2026-10-09T15:00
6899,ＡＳＴＩ,スタンダード,電気機器,13686375.0,2026-10-09T15:00
6902,デンソー,プライム,輸送用機器,13887702150.0,2026-10-09T15:00
6904,原田工業,スタンダード,電気機器,595764410.0,2026-10-09T15:00
6905,コーセル,プライム,電気機器,476624300.0,2026-10-09T15:00
6907,ジオマテック,スタンダード,電気機器,16347125.0,2026-10-09T15:00
6908,イリソ電子工業,プライム,電気機器,550576260.0,2026-10-09T15:00
6912,菊水ホールディングス,スタンダード,電気機器,32980160.0,2026-10-09T15:00
6914,オプテックスグループ,プライム,電気機器,496021175.0,2026-10-09T15:00
6915,千代田インテグレ,スタンダード,電気機器,49196975.0,2026-10-09T15:00
6918,アバールデータ,スタンダード,電気機器,176658575.0,2026-10-09T15:00
6919,ケル,スタンダード,電気機器,11229205.0,2026-10-09T15:00
6920,レーザーテック,プライム,電気機器,172771323250.0,2026-10-09T15:00
6923,スタンレー電気,プライム,電気機器,1516212305.0,2026-10-09T15:00
6925,ウシオ電機,プライム,電気機器,1569467960.0,2026-10-09T15:00
6926,岡谷電機産業,スタンダード,電気機器,2329230.0,2026-10-09T15:00
6927,ヘリオス　テクノ　ホールディング,スタンダード,電気機器,39601235.0,2026-10-09T15:00
6928,エノモト,スタンダード,電気機器,130075200.0,2026-10-09T15:00
6929,日本セラミック,プライム,電気機器,289541875.0,2026-10-09T15:00
6932,遠藤照明,スタンダード,電気機器,66616445.0,2026-10-09T15:00
6941,山一電機,プライム,電気機器,2747717050.0,2026-10-09T15:00
6942,ソフィアホールディングス,スタンダード,情報・通信業,11935115.0,2026-10-09T15:00
6943,ＮＫＫスイッチズ,スタンダード,電気機器,6057300.0,2026-10-09T15:00
6946,日本アビオニクス,スタンダード,電気機器,1249239000.0,2026-10-09T15:00
6947,図研,プライム,電気機器,421990075.0,2026-10-09T15:00
6951,日本電子,プライム,電気機器,2266676730.0,2026-10-09T15:00
6952,カシオ計算機,プライム,電気機器,3352102118.0,2026-10-09T15:00
6954,ファナック,プライム,電気機器,25499842900.0,2026-10-09T15:00
6955,ＦＤＫ,スタンダード,電気機器,15305820.0,2026-10-09T15:00
6958,日本シイエムケイ,プライム,電気機器,516600655.0,2026-10-09T15:00
6960,フクダ電子,スタンダード,電気機器,902108400.0,2026-10-09T15:00
6961,エンプラス,プライム,電気機器,1321281100.0,2026-10-09T15:00
6962,大真空,プライム,電気機器,292762130.0,2026-10-09T15:00
6963,ローム,プライム,電気機器,14934504625.0,2026-10-09T15:00
6964,サンコー,スタンダード,電気機器,2715500.0,2026-10-09T15:00
6965,浜松ホトニクス,プライム,電気機器,4712616690.0,2026-10-09T15:00
6966,三井ハイテック,プライム,電気機器,3129149005.0,2026-10-09T15:00
6969,松尾電機,スタンダード,電気機器,49100370.0,2026-10-09T15:00
6971,京セラ,プライム,電気機器,17965146160.0,2026-10-09T15:00
6976,太陽誘電,プライム,電気機器,275780036770.0,2026-10-09T15:00
6977,日本抵抗器製作所,スタンダード,電気機器,88452185.0,2026-10-09T15:00
6981,村田製作所,プライム,電気機器,169543221730.0,2026-10-09T15:00
6982,リード,スタンダード,輸送用機器,502575.0,2026-10-09T15:00
6986,双葉電子工業,プライム,電気機器,364888960.0,2026-10-09T15:00
6988,日東電工,プライム,化学,11162456795.0,2026-10-09T15:00
6989,北陸電気工業,スタンダード,電気機器,29299095.0,2026-10-09T15:00
6993,大黒屋ホールディングス,スタンダード,小売業,168978820.0,2026-10-09T15:00
6994,指月電機製作所,スタンダード,電気機器,172581255.0,2026-10-09T15:00
6995,東海理化電機製作所,プライム,輸送用機器,394490250.0,2026-10-09T15:00
6996,ニチコン,プライム,電気機器,1829781525.0,2026-10-09T15:00
6997,日本ケミコン,プライム,電気機器,2820650535.0,2026-10-09T15:00
6998,日本タングステン,スタンダード,電気機器,372238275.0,2026-10-09T15:00
6999,ＫＯＡ,プライム,電気機器,891348735.0,2026-10-09T15:00
7003,三井Ｅ＆Ｓ,プライム,機械,7243883280.0,2026-10-09T15:00
7004,カナデビア,プライム,機械,1247244735.0,2026-10-09T15:00
7011,三菱重工業,プライム,機械,61763505425.0,2026-10-09T15:00
7012,川崎重工業,プライム,輸送用機器,23819452520.0,2026-10-09T15:00
7013,ＩＨＩ,プライム,機械,31142884170.0,2026-10-09T15:00
7014,名村造船所,スタンダード,輸送用機器,6179573675.0,2026-10-09T15:00
7018,内海造船,スタンダード,輸送用機器,375493650.0,2026-10-09T15:00
7021,ニッチツ,スタンダード,機械,4113320.0,2026-10-09T15:00
7022,サノヤスホールディングス,スタンダード,機械,22517240.0,2026-10-09T15:00
7030,スプリックス,スタンダード,サービス業,25549965.0,2026-10-09T15:00
7033,マネジメントソリューションズ,プライム,サービス業,124828880.0,2026-10-09T15:00
7034,プロレド・パートナーズ,プライム,サービス業,9845515.0,2026-10-09T15:00
7035,ａｎｄ　ｆａｃｔｏｒｙ,スタンダード,サービス業,57355970.0,2026-10-09T15:00
7037,テノ．ホールディングス,スタンダード,サービス業,7553825.0,2026-10-09T15:00
7038,フロンティア・マネジメント,プライム,サービス業,10775280.0,2026-10-09T15:00
7040,サン・ライフホールディング,スタンダード,サービス業,1164510.0,2026-10-09T15:00
7042,アクセスグループ・ホールディングス,スタンダード,サービス業,2212590.0,2026-10-09T15:00
7044,ピアラ,スタンダード,サービス業,14221335.0,2026-10-09T15:00
7057,エヌ・シー・エヌ,スタンダード,サービス業,5608340.0,2026-10-09T15:00
7058,共栄セキュリティーサービス,スタンダード,サービス業,5004160.0,2026-10-09T15:00
7059,コプロ・ホールディングス,プライム,サービス業,105203275.0,2026-10-09T15:00
7060,ギークス,スタンダード,サービス業,9183630.0,2026-10-09T15:00
7064,ハウテレビジョン,スタンダード,サービス業,5956975.0,2026-10-09T15:00
7065,ユーピーアール,スタンダード,サービス業,7745330.0,2026-10-09T15:00
7071,アンビスホールディングス,プライム,サービス業,118643420.0,2026-10-09T15:00
7081,コーユーレンティア,スタンダード,サービス業,4585505.0,2026-10-09T15:00
7085,カーブスホールディングス,プライム,サービス業,260524675.0,2026-10-09T15:00
7087,ウイルテック,スタンダード,サービス業,9512355.0,2026-10-09T15:00
7095,Ｍａｃｂｅｅ　Ｐｌａｎｅｔ,プライム,サービス業,76093415.0,2026-10-09T15:00
7102,日本車輌製造,プライム,輸送用機器,116218950.0,2026-10-09T15:00
7111,ＩＮＥＳＴ,スタンダード,卸売業,6318030.0,2026-10-09T15:00
7115,アルファパーチェス,スタンダード,卸売業,9918050.0,2026-10-09T15:00
7120,ＳＨＩＮＫＯ,スタンダード,卸売業,21145875.0,2026-10-09T15:00
7122,近畿車輛,スタンダード,輸送用機器,8911540.0,2026-10-09T15:00
7126,グローバルスタイル,スタンダード,小売業,2818350.0,2026-10-09T15:00
7127,一家ホールディングス,スタンダード,小売業,6802485.0,2026-10-09T15:00
7128,ユニソルホールディングス,プライム,卸売業,216362385.0,2026-10-09T15:00
7129,ミアヘルサホールディングス,スタンダード,小売業,3521520.0,2026-10-09T15:00
7130,ヤマエグループホールディングス,プライム,卸売業,213973480.0,2026-10-09T15:00
7131,のむら産業,スタンダード,卸売業,22384450.0,2026-10-09T15:00
7134,アップガレージグループ,スタンダード,小売業,11202490.0,2026-10-09T15:00
7135,ジャパンクラフトホールディングス,スタンダード,小売業,5414585.0,2026-10-09T15:00
7148,ＦＰＧ,プライム,証券、商品先物取引業,1035340370.0,2026-10-09T15:00
7150,島根銀行,スタンダード,銀行業,7699125.0,2026-10-09T15:00
7157,ライフネット生命保険,プライム,保険業,415646800.0,2026-10-09T15:00
7161,じもとホールディングス,スタンダード,銀行業,119222195.0,2026-10-09T15:00
7162,アストマックス,スタンダード,電気・ガス業,7297260.0,2026-10-09T15:00
7164,全国保証,プライム,その他金融業,984686930.0,2026-10-09T15:00
7167,めぶきフィナンシャルグループ,プライム,銀行業,5115335645.0,2026-10-09T15:00
7172,ジャパンインベストメントアドバイザー,プライム,証券、商品先物取引業,288105650.0,2026-10-09T15:00
7173,東京きらぼしフィナンシャルグループ,プライム,銀行業,2172758735.0,2026-10-09T15:00
7175,今村証券,スタンダード,証券、商品先物取引業,30106690.0,2026-10-09T15:00
7177,ＧＭＯフィナンシャルホールディングス,スタンダード,証券、商品先物取引業,250115970.0,2026-10-09T15:00
7180,九州フィナンシャルグループ,プライム,銀行業,2404472425.0,2026-10-09T15:00
7181,かんぽ生命保険,プライム,保険業,3989911848.0,2026-10-09T15:00
7182,ゆうちょ銀行,プライム,銀行業,19854400925.0,2026-10-09T15:00
7183,あんしん保証,スタンダード,その他金融業,,2026-10-09T15:00
7184,富山第一銀行,プライム,銀行業,718818475.0,2026-10-09T15:00
7185,ヒロセ通商,スタンダード,証券、商品先物取引業,48111925.0,2026-10-09T15:00
7186,横浜フィナンシャルグループ,プライム,銀行業,8085675140.0,2026-10-09T15:00
7187,ジェイリース,プライム,その他金融業,72781220.0,2026-10-09T15:00
7189,西日本フィナンシャルホールディングス,プライム,銀行業,2463621775.0,2026-10-09T15:00
7191,イントラスト,スタンダード,その他金融業,24335720.0,2026-10-09T15:00
7192,日本モーゲージサービス,スタンダード,その他金融業,34648275.0,2026-10-09T15:00
7196,Ｃａｓａ,スタンダード,その他金融業,7176595.0,2026-10-09T15:00
7198,ＳＢＩアルヒ,プライム,その他金融業,96838055.0,2026-10-09T15:00
7199,プレミアグループ,プライム,その他金融業,404554550.0,2026-10-09T15:00
7201,日産自動車,プライム,輸送用機器,11348128021.0,2026-10-09T15:00
7202,いすゞ自動車,プライム,輸送用機器,5828880942.0,2026-10-09T15:00
7203,トヨタ自動車,プライム,輸送用機器,73866273340.0,2026-10-09T15:00
7208,カネミツ,スタンダード,輸送用機器,3895445.0,2026-10-09T15:00
7211,三菱自動車工業,プライム,輸送用機器,2907330030.0,2026-10-09T15:00
7212,エフテック,スタンダード,輸送用機器,19895710.0,2026-10-09T15:00
7213,レシップホールディングス,スタンダード,輸送用機器,14177615.0,2026-10-09T15:00
7214,ＧＭＢ,スタンダード,輸送用機器,8078390.0,2026-10-09T15:00
7215,ファルテック,スタンダード,輸送用機器,1655470.0,2026-10-09T15:00
7217,テイン,スタンダード,輸送用機器,2229720.0,2026-10-09T15:00
7218,田中精密工業,スタンダード,輸送用機器,2441900.0,2026-10-09T15:00
7219,エッチ・ケー・エス,スタンダード,輸送用機器,3527990.0,2026-10-09T15:00
7220,武蔵精密工業,プライム,輸送用機器,2553180950.0,2026-10-09T15:00
7222,日産車体,スタンダード,輸送用機器,89842440.0,2026-10-09T15:00
7224,新明和工業,プライム,輸送用機器,291153070.0,2026-10-09T15:00
7226,極東開発工業,プライム,輸送用機器,551831165.0,2026-10-09T15:00
7228,デイトナ,スタンダード,輸送用機器,5920375.0,2026-10-09T15:00
7231,トピー工業,プライム,輸送用機器,161043985.0,2026-10-09T15:00
7235,東京ラヂエーター製造,スタンダード,輸送用機器,27045115.0,2026-10-09T15:00
7236,ティラド,プライム,輸送用機器,417902415.0,2026-10-09T15:00
7238,曙ブレーキ工業,プライム,輸送用機器,406785690.0,2026-10-09T15:00
7239,タチエス,プライム,輸送用機器,237530475.0,2026-10-09T15:00
7241,フタバ産業,プライム,輸送用機器,403374345.0,2026-10-09T15:00
7242,カヤバ,プライム,輸送用機器,511306931.0,2026-10-09T15:00
7244,市光工業,プライム,電気機器,68739280.0,2026-10-09T15:00
7245,大同メタル工業,プライム,輸送用機器,464532950.0,2026-10-09T15:00
7246,プレス工業,プライム,輸送用機器,303141160.0,2026-10-09T15:00
7247,ミクニ,スタンダード,輸送用機器,13939470.0,2026-10-09T15:00
7254,ユニバンス,スタンダード,輸送用機器,3033160.0,2026-10-09T15:00
7255,桜井製作所,スタンダード,輸送用機器,5177530.0,2026-10-09T15:00
7256,河西工業,スタンダード,輸送用機器,213420445.0,2026-10-09T15:00
7259,アイシン,プライム,輸送用機器,5560055320.0,2026-10-09T15:00
7261,マツダ,プライム,輸送用機器,6331064210.0,2026-10-09T15:00
7264,ムロコーポレーション,スタンダード,輸送用機器,1825100.0,2026-10-09T15:00
7265,エイケン工業,スタンダード,輸送用機器,5273050.0,2026-10-09T15:00
7266,今仙電機製作所,スタンダード,輸送用機器,18600135.0,2026-10-09T15:00
7267,本田技研工業,プライム,輸送用機器,23490767315.0,2026-10-09T15:00
7269,スズキ,プライム,輸送用機器,14019347520.0,2026-10-09T15:00
7270,ＳＵＢＡＲＵ,プライム,輸送用機器,8675266910.0,2026-10-09T15:00
7271,安永,スタンダード,輸送用機器,42388380.0,2026-10-09T15:00
7272,ヤマハ発動機,プライム,輸送用機器,9202567990.0,2026-10-09T15:00
7273,イクヨ,スタンダード,輸送用機器,107398345.0,2026-10-09T15:00
7276,小糸製作所,プライム,電気機器,2005276130.0,2026-10-09T15:00
7277,ＴＢＫ,スタンダード,輸送用機器,9228610.0,2026-10-09T15:00
7278,エクセディ,プライム,輸送用機器,1618424950.0,2026-10-09T15:00
7279,ハイレックスコーポレーション,スタンダード,輸送用機器,179601100.0,2026-10-09T15:00
7280,ミツバ,プライム,電気機器,235948190.0,2026-10-09T15:00
7282,豊田合成,プライム,輸送用機器,2523515348.0,2026-10-09T15:00
7283,愛三工業,プライム,輸送用機器,376437565.0,2026-10-09T15:00
7284,盟和産業,スタンダード,輸送用機器,2196030.0,2026-10-09T15:00
7287,日本精機,スタンダード,輸送用機器,612991860.0,2026-10-09T15:00
7291,日本プラスト,スタンダード,輸送用機器,10907835.0,2026-10-09T15:00
7292,村上開明堂,スタンダード,輸送用機器,23987450.0,2026-10-09T15:00
7294,ヨロズ,プライム,輸送用機器,80246855.0,2026-10-09T15:00
7296,エフ・シー・シー,プライム,輸送用機器,497909575.0,2026-10-09T15:00
7297,カーメイト,スタンダード,輸送用機器,3175315.0,2026-10-09T15:00
7299,フジオーゼックス,スタンダード,輸送用機器,6540975.0,2026-10-09T15:00
7305,新家工業,スタンダード,鉄鋼,67468965.0,2026-10-09T15:00
7309,シマノ,プライム,輸送用機器,4539318750.0,2026-10-09T15:00
7313,テイ・エス　テック,プライム,輸送用機器,595645805.0,2026-10-09T15:00
7314,小田原機器,スタンダード,輸送用機器,2126980.0,2026-10-09T15:00
7322,三十三フィナンシャルグループ,プライム,銀行業,1070952295.0,2026-10-09T15:00
7327,第四北越フィナンシャルグループ,プライム,銀行業,3026596760.0,2026-10-09T15:00
7337,ひろぎんホールディングス,プライム,銀行業,1729587822.0,2026-10-09T15:00
7347,マーキュリアホールディングス,プライム,証券、商品先物取引業,5478705.0,2026-10-09T15:00
7350,おきなわフィナンシャルグループ,プライム,銀行業,655516700.0,2026-10-09T15:00
7354,ダイレクトマーケティングミックス,スタンダード,サービス業,121309735.0,2026-10-09T15:00
7357,ジオコード,スタンダード,サービス業,6028345.0,2026-10-09T15:00
7358,ポピンズ,スタンダード,サービス業,34818905.0,2026-10-09T15:00
7366,ＬＩＴＡＬＩＣＯ,プライム,サービス業,167127750.0,2026-10-09T15:00
7367,セルム,スタンダード,サービス業,1504440.0,2026-10-09T15:00
7368,表示灯,スタンダード,サービス業,2019875.0,2026-10-09T15:00
7377,ＤＮホールディングス,スタンダード,サービス業,12943755.0,2026-10-09T15:00
7380,十六フィナンシャルグループ,プライム,銀行業,1731014475.0,2026-10-09T15:00
7381,ＣＣＩグループ,プライム,銀行業,682496715.0,2026-10-09T15:00
7383,ネットプロテクションズホールディングス,プライム,その他金融業,251805745.0,2026-10-09T15:00
7384,プロクレアホールディングス,プライム,銀行業,955704125.0,2026-10-09T15:00
7388,ＦＰパートナー,プライム,保険業,69561465.0,2026-10-09T15:00
7389,あいちフィナンシャルグループ,プライム,銀行業,2362775470.0,2026-10-09T15:00
7399,ナンシン,スタンダード,輸送用機器,1172310.0,2026-10-09T15:00
7412,アトム,スタンダード,小売業,251360760.0,2026-10-09T15:00
7413,創健社,スタンダード,卸売業,2314170.0,2026-10-09T15:00
7414,小野建,プライム,卸売業,75540975.0,2026-10-09T15:00
7416,はるやまホールディングス,スタンダード,小売業,4182295.0,2026-10-09T15:00
7417,南陽,スタンダード,卸売業,8706385.0,2026-10-09T15:00
7419,ノジマ,プライム,小売業,824263540.0,2026-10-09T15:00
7421,カッパ・クリエイト,プライム,小売業,186467905.0,2026-10-09T15:00
7422,東邦レマック,スタンダード,卸売業,16212590.0,2026-10-09T15:00
7425,初穂商事,スタンダード,卸売業,1434500.0,2026-10-09T15:00
7427,エコートレーディング,スタンダード,卸売業,7598200.0,2026-10-09T15:00
7433,伯東,プライム,卸売業,585841488.0,2026-10-09T15:00
7434,オータケ,スタンダード,卸売業,6515650.0,2026-10-09T15:00
7435,ナ・デックス,スタンダード,卸売業,25138770.0,2026-10-09T15:00
7438,コンドーテック,プライム,卸売業,71069680.0,2026-10-09T15:00
7442,中山福,スタンダード,卸売業,5525180.0,2026-10-09T15:00
7443,横浜魚類,スタンダード,卸売業,1602720.0,2026-10-09T15:00
7444,ハリマ共和物産,スタンダード,卸売業,2032865.0,2026-10-09T15:00
7446,東北化学薬品,スタンダード,卸売業,2200175.0,2026-10-09T15:00
7447,ナガイレーベン,プライム,卸売業,188510140.0,2026-10-09T15:00
7453,良品計画,プライム,小売業,11264911725.0,2026-10-09T15:00
7456,松田産業,プライム,卸売業,658943450.0,2026-10-09T15:00
7458,第一興商,プライム,卸売業,922658692.0,2026-10-09T15:00
7459,メディパルホールディングス,プライム,卸売業,1650643842.0,2026-10-09T15:00
7460,ヤギ,スタンダード,卸売業,24142150.0,2026-10-09T15:00
7461,キムラ,スタンダード,卸売業,1196930.0,2026-10-09T15:00
7462,ＣＡＰＩＴＡ,スタンダード,小売業,8409690.0,2026-10-09T15:00
7463,アドヴァングループ,スタンダード,小売業,27914390.0,2026-10-09T15:00
7464,セフテック,スタンダード,卸売業,1796985.0,2026-10-09T15:00
7466,ＳＰＫ,プライム,卸売業,47126590.0,2026-10-09T15:00
7472,鳥羽洋行,スタンダード,卸売業,2647250.0,2026-10-09T15:00
7475,アルビス,プライム,小売業,456024450.0,2026-10-09T15:00
7476,アズワン,プライム,卸売業,313586822.0,2026-10-09T15:00
7477,ムラキ,スタンダード,卸売業,3301770.0,2026-10-09T15:00
7480,スズデン,スタンダード,卸売業,236421950.0,2026-10-09T15:00
7481,尾家産業,スタンダード,卸売業,6666115.0,2026-10-09T15:00
7482,シモジマ,プライム,卸売業,63209665.0,2026-10-09T15:00
7483,ドウシシャ,プライム,卸売業,208348930.0,2026-10-09T15:00
7486,サンリン,スタンダード,卸売業,2534605.0,2026-10-09T15:00
7487,小津産業,スタンダード,卸売業,13395395.0,2026-10-09T15:00
7490,日新商事,スタンダード,卸売業,6578330.0,2026-10-09T15:00
7494,コナカ,スタンダード,小売業,6754510.0,2026-10-09T15:00
7500,西川計測,スタンダード,卸売業,7350250.0,2026-10-09T15:00
7501,ティムコ,スタンダード,卸売業,462950.0,2026-10-09T15:00
7502,プラザホールディングス,スタンダード,サービス業,1577310.0,2026-10-09T15:00
7504,高速,プライム,卸売業,215345775.0,2026-10-09T15:00
7505,扶桑電通,スタンダード,卸売業,50093110.0,2026-10-09T15:00
7506,ハウス　オブ　ローゼ,スタンダード,小売業,1540045.0,2026-10-09T15:00
7508,Ｇ‐７ホールディングス,プライム,小売業,85107850.0,2026-10-09T15:00
7509,アイエーグループ,スタンダード,小売業,2444900.0,2026-10-09T15:00
7510,たけびし,プライム,卸売業,148328910.0,2026-10-09T15:00
7512,イオン北海道,スタンダード,小売業,102478880.0,2026-10-09T15:00
7513,コジマ,プライム,小売業,310244890.0,2026-10-09T15:00
7514,ヒマラヤ,スタンダード,小売業,3387990.0,2026-10-09T15:00
7515,マルヨシセンター,スタンダード,小売業,1351775.0,2026-10-09T15:00
7516,コーナン商事,プライム,小売業,339914375.0,2026-10-09T15:00
7520,エコス,プライム,小売業,38641850.0,2026-10-09T15:00
7521,ムサシ,スタンダード,卸売業,3779535.0,2026-10-09T15:00
7522,ワタミ,プライム,小売業,206060670.0,2026-10-09T15:00
7523,アールビバン,スタンダード,小売業,3115395.0,2026-10-09T15:00
7524,マルシェ,スタンダード,小売業,3817415.0,2026-10-09T15:00
7525,リックス,プライム,卸売業,44347200.0,2026-10-09T15:00
7527,システムソフト,スタンダード,情報・通信業,59364140.0,2026-10-09T15:00
7531,清和中央ホールディングス,スタンダード,卸売業,379145.0,2026-10-09T15:00
7532,パン・パシフィック・インターナショナルホールディングス,プライム,小売業,12737978928.0,2026-10-09T15:00
7537,丸文,プライム,卸売業,170764950.0,2026-10-09T15:00
7538,大水,スタンダード,卸売業,1524885.0,2026-10-09T15:00
7539,アイナボホールディングス,スタンダード,卸売業,24455310.0,2026-10-09T15:00
7544,スリーエフ,スタンダード,小売業,3263190.0,2026-10-09T15:00
7545,西松屋チェーン,プライム,小売業,434202675.0,2026-10-09T15:00
7550,ゼンショーホールディングス,プライム,小売業,6931655450.0,2026-10-09T15:00
7551,ウェッズ,スタンダード,輸送用機器,23946450.0,2026-10-09T15:00
7552,ハピネット,プライム,卸売業,1682780300.0,2026-10-09T15:00
7554,幸楽苑,プライム,小売業,55600945.0,2026-10-09T15:00
7555,大田花き,スタンダード,卸売業,901595.0,2026-10-09T15:00
7561,ハークスレイホールディングス,スタンダード,小売業,10899195.0,2026-10-09T15:00
7562,安楽亭,スタンダード,小売業,17900300.0,2026-10-09T15:00
7564,ワークマン,スタンダード,小売業,2680466250.0,2026-10-09T15:00
7565,萬世電機,スタンダード,卸売業,5845000.0,2026-10-09T15:00
7567,栄電子,スタンダード,卸売業,12762775.0,2026-10-09T15:00
7570,橋本総業ホールディングス,スタンダード,卸売業,13826970.0,2026-10-09T15:00
7571,ヤマノホールディングス,スタンダード,小売業,24373105.0,2026-10-09T15:00
7575,日本ライフライン,プライム,卸売業,451730020.0,2026-10-09T15:00
7578,ニチリョク,スタンダード,小売業,4770205.0,2026-10-09T15:00
7581,サイゼリヤ,プライム,小売業,2737614200.0,2026-10-09T15:00
7585,かんなん丸,スタンダード,小売業,1090765.0,2026-10-09T15:00
7590,タカショー,スタンダード,卸売業,108042540.0,2026-10-09T15:00
7593,ＶＴホールディングス,プライム,小売業,263932410.0,2026-10-09T15:00
7595,アルゴグラフィックス,プライム,情報・通信業,257553675.0,2026-10-09T15:00
7596,魚力,プライム,小売業,66992445.0,2026-10-09T15:00
7599,ＩＤＯＭ,プライム,卸売業,943822390.0,2026-10-09T15:00
7600,日本エム・ディ・エム,プライム,精密機器,135361060.0,2026-10-09T15:00
7601,ポプラ,スタンダード,小売業,7255160.0,2026-10-09T15:00
7602,レダックス,スタンダード,卸売業,44565360.0,2026-10-09T15:00
7603,ジーイエット,スタンダード,小売業,20614340.0,2026-10-09T15:00
7604,梅の花グループ,スタンダード,小売業,6691825.0,2026-10-09T15:00
7606,ユナイテッドアローズ,プライム,小売業,455996190.0,2026-10-09T15:00
7607,進和,プライム,卸売業,78777545.0,2026-10-09T15:00
7608,エスケイジャパン,スタンダード,卸売業,96611745.0,2026-10-09T15:00
7609,ダイトロン,プライム,卸売業,369763475.0,2026-10-09T15:00
7610,テイツー,スタンダード,小売業,69969200.0,2026-10-09T15:00
7611,ハイデイ日高,プライム,小売業,514061985.0,2026-10-09T15:00
7613,シークス,プライム,卸売業,264067005.0,2026-10-09T15:00
7614,オーエムツーネットワーク,スタンダード,小売業,4938040.0,2026-10-09T15:00
7615,京都きもの友禅ホールディングス,スタンダード,小売業,8141250.0,2026-10-09T15:00
7616,コロワイド,プライム,小売業,1337334385.0,2026-10-09T15:00
7619,田中商事,スタンダード,卸売業,9840740.0,2026-10-09T15:00
7621,うかい,スタンダード,小売業,15069200.0,2026-10-09T15:00
7624,ＮａＩＴＯ,スタンダード,卸売業,67198015.0,2026-10-09T15:00
7625,グローバルダイニング,スタンダード,小売業,2970865.0,2026-10-09T15:00
7628,オーハシテクニカ,プライム,卸売業,70938725.0,2026-10-09T15:00
7630,壱番屋,プライム,小売業,613647800.0,2026-10-09T15:00
7634,星医療酸器,スタンダード,卸売業,3094925.0,2026-10-09T15:00
7636,ハンズマン,スタンダード,小売業,3435625.0,2026-10-09T15:00
7637,白銅,プライム,卸売業,96004075.0,2026-10-09T15:00
7638,ＮＥＷ　ＡＲＴ　ＨＯＬＤＩＮＧＳ,スタンダード,小売業,22589860.0,2026-10-09T15:00
7640,トップカルチャー,スタンダード,小売業,5706295.0,2026-10-09T15:00
7643,ダイイチ,スタンダード,小売業,6976315.0,2026-10-09T15:00
7646,ＰＬＡＮＴ,スタンダード,小売業,19905310.0,2026-10-09T15:00
7649,スギホールディングス,プライム,小売業,3035811965.0,2026-10-09T15:00
7670,オーウエル,スタンダード,卸売業,3854535.0,2026-10-09T15:00
7673,ダイコー通産,スタンダード,卸売業,1966480.0,2026-10-09T15:00
7677,ヤシマキザイ,スタンダード,卸売業,1108020.0,2026-10-09T15:00
7678,あさくま,スタンダード,小売業,55740275.0,2026-10-09T15:00
7679,薬王堂ホールディングス,プライム,小売業,106288265.0,2026-10-09T15:00
7681,レオクラン,スタンダード,卸売業,2057935.0,2026-10-09T15:00
7682,浜木綿,スタンダード,小売業,17076475.0,2026-10-09T15:00
7683,ダブルエー,プライム,小売業,29840300.0,2026-10-09T15:00
7686,ひとまいる,スタンダード,小売業,9110165.0,2026-10-09T15:00
7692,アースインフィニティ,スタンダード,電気・ガス業,18384355.0,2026-10-09T15:00
7698,アイスコ,スタンダード,卸売業,10764070.0,2026-10-09T15:00
7701,島津製作所,プライム,精密機器,5046559235.0,2026-10-09T15:00
7702,ＪＭＳ,スタンダード,精密機器,11733770.0,2026-10-09T15:00
7709,クボテック,スタンダード,精密機器,128407115.0,2026-10-09T15:00
7711,助川電気工業,スタンダード,精密機器,472896600.0,2026-10-09T15:00
7713,シグマ光機,スタンダード,精密機器,71261505.0,2026-10-09T15:00
7715,長野計器,プライム,精密機器,352279800.0,2026-10-09T15:00
7716,ナカニシ,スタンダード,精密機器,855009335.0,2026-10-09T15:00
7717,ブイ・テクノロジー,プライム,精密機器,1105727600.0,2026-10-09T15:00
7719,東京衡機,スタンダード,精密機器,153686355.0,2026-10-09T15:00
7721,東京計器,プライム,精密機器,2003350750.0,2026-10-09T15:00
7722,国際計測器,スタンダード,精密機器,19718545.0,2026-10-09T15:00
7723,愛知時計電機,プライム,精密機器,52676490.0,2026-10-09T15:00
7725,インターアクション,プライム,精密機器,123378070.0,2026-10-09T15:00
7726,黒田精工,スタンダード,機械,10321515.0,2026-10-09T15:00
7727,オーバル,スタンダード,精密機器,111678495.0,2026-10-09T15:00
7729,東京精密,プライム,精密機器,5735612775.0,2026-10-09T15:00
7730,マニー,プライム,精密機器,378257195.0,2026-10-09T15:00
7731,ニコン,プライム,精密機器,3154227732.0,2026-10-09T15:00
7733,オリンパス,プライム,精密機器,7816969615.0,2026-10-09T15:00
7734,理研計器,プライム,精密機器,362820575.0,2026-10-09T15:00
7735,ＳＣＲＥＥＮホールディングス,プライム,電気機器,28924151000.0,2026-10-09T15:00
7740,タムロン,プライム,精密機器,743831960.0,2026-10-09T15:00
7741,ＨＯＹＡ,プライム,精密機器,29365449175.0,2026-10-09T15:00
7743,シード,スタンダード,精密機器,269463800.0,2026-10-09T15:00
7744,ノーリツ鋼機,プライム,精密機器,542351860.0,2026-10-09T15:00
7745,Ａ＆Ｄホロンホールディングス,プライム,精密機器,239999460.0,2026-10-09T15:00
7746,岡本硝子,スタンダード,精密機器,1181248190.0,2026-10-09T15:00
7747,朝日インテック,プライム,精密機器,4709816765.0,2026-10-09T15:00
7749,メディキット,スタンダード,精密機器,14873940.0,2026-10-09T15:00
7751,キヤノン,プライム,電気機器,12985835180.0,2026-10-09T15:00
7752,リコー,プライム,電気機器,3283434132.0,2026-10-09T15:00
7760,ＩＭＶ,スタンダード,精密機器,164748325.0,2026-10-09T15:00
7762,シチズン時計,プライム,精密機器,3349844610.0,2026-10-09T15:00
7769,リズム,プライム,精密機器,68139950.0,2026-10-09T15:00
7771,日本精密,スタンダード,精密機器,34631275.0,2026-10-09T15:00
7775,大研医器,スタンダード,精密機器,12721695.0,2026-10-09T15:00
7780,メニコン,プライム,精密機器,474813795.0,2026-10-09T15:00
7781,平山ホールディングス,スタンダード,精密機器,10145825.0,2026-10-09T15:00
7782,シンシア,スタンダード,精密機器,1968200.0,2026-10-09T15:00
7791,ドリームベッド,スタンダード,その他製品,1862905.0,2026-10-09T15:00
7795,ＫＹＯＲＩＴＳＵ,スタンダード,その他製品,9960655.0,2026-10-09T15:00
7800,アミファ,スタンダード,その他製品,7616630.0,2026-10-09T15:00
7804,ビーアンドピー,スタンダード,その他製品,27035455.0,2026-10-09T15:00
7805,プリントネット,スタンダード,その他製品,3947085.0,2026-10-09T15:00
7807,幸和製作所,スタンダード,その他製品,1811120.0,2026-10-09T15:00
7808,シー・エス・ランバー,スタンダード,その他製品,6274050.0,2026-10-09T15:00
7809,壽屋,スタンダード,その他製品,4341090.0,2026-10-09T15:00
7810,クロスフォー,スタンダード,その他製品,27508995.0,2026-10-09T15:00
7811,中本パックス,スタンダード,その他製品,75230890.0,2026-10-09T15:00
7812,クレステック,スタンダード,その他製品,5667970.0,2026-10-09T15:00
7813,プラッツ,スタンダード,その他製品,2462265.0,2026-10-09T15:00
7814,日本創発グループ,スタンダード,その他製品,8953835.0,2026-10-09T15:00
7815,東京ボード工業,スタンダード,その他製品,1285130.0,2026-10-09T15:00
7818,トランザクション,プライム,その他製品,157959135.0,2026-10-09T15:00
7819,粧美堂,スタンダード,その他製品,28891395.0,2026-10-09T15:00
7820,ニホンフラッシュ,プライム,その他製品,38271810.0,2026-10-09T15:00
7821,前田工繊,プライム,その他製品,266060565.0,2026-10-09T15:00
7822,永大産業,スタンダード,その他製品,10140785.0,2026-10-09T15:00
7823,アートネイチャー,スタンダード,その他製品,61428805.0,2026-10-09T15:00
7826,フルヤ金属,プライム,その他製品,5154124350.0,2026-10-09T15:00
7827,オービス,スタンダード,その他製品,10811980.0,2026-10-09T15:00
7831,ウイルコホールディングス,スタンダード,その他製品,1411310.0,2026-10-09T15:00
7832,バンダイナムコホールディングス,プライム,その他製品,13943391175.0,2026-10-09T15:00
7833,アイフィスジャパン,スタンダード,その他製品,3075020.0,2026-10-09T15:00
7836,アビックス,スタンダード,その他製品,5366425.0,2026-10-09T15:00
7837,アールシーコア,スタンダード,その他製品,1070605.0,2026-10-09T15:00
7839,ＳＨＯＥＩ,プライム,その他製品,465239200.0,2026-10-09T15:00
7840,フランスベッドホールディングス,プライム,その他製品,43442295.0,2026-10-09T15:00
7841,遠藤製作所,スタンダード,その他製品,12735170.0,2026-10-09T15:00
7844,マーベラス,プライム,情報・通信業,81390775.0,2026-10-09T15:00
7846,パイロットコーポレーション,プライム,その他製品,653639175.0,2026-10-09T15:00
7847,グラファイトデザイン,スタンダード,その他製品,14345285.0,2026-10-09T15:00
7849,スターツ出版,スタンダード,情報・通信業,7909370.0,2026-10-09T15:00
7850,総合商研,スタンダード,その他製品,2032030.0,2026-10-09T15:00
7851,カワセコンピュータサプライ,スタンダード,その他製品,,2026-10-09T15:00
7856,萩原工業,プライム,その他製品,224667780.0,2026-10-09T15:00
7857,セキ,スタンダード,その他製品,924820.0,2026-10-09T15:00
7859,アルメディオ,スタンダード,その他製品,21073180.0,2026-10-09T15:00
7860,エイベックス,プライム,情報・通信業,153611065.0,2026-10-09T15:00
7863,平賀,スタンダード,その他製品,798270.0,2026-10-09T15:00
7864,フジシールインターナショナル,プライム,その他製品,549762825.0,2026-10-09T15:00
7865,ピープル,スタンダード,その他製品,1261495.0,2026-10-09T15:00
7867,タカラトミー,プライム,その他製品,3034721465.0,2026-10-09T15:00
7868,広済堂ホールディングス,プライム,その他製品,178838885.0,2026-10-09T15:00
7871,フクビ化学工業,スタンダード,化学,3839070.0,2026-10-09T15:00
7872,エステールホールディングス,スタンダード,その他製品,2051480.0,2026-10-09T15:00
7874,レック,プライム,化学,64224990.0,2026-10-09T15:00
7875,竹田ｉＰホールディングス,スタンダード,その他製品,22899855.0,2026-10-09T15:00
7877,永大化工,スタンダード,化学,1798225.0,2026-10-09T15:00
7878,光・彩,スタンダード,その他製品,16886355.0,2026-10-09T15:00
7879,ノダ,スタンダード,その他製品,5696240.0,2026-10-09T15:00
7883,サンメッセ,スタンダード,その他製品,55223455.0,2026-10-09T15:00
7885,タカノ,スタンダード,その他製品,15239225.0,2026-10-09T15:00
7886,ヤマト　モビリティ　＆　Ｍｆｇ．,スタンダード,化学,1038570.0,2026-10-09T15:00
7887,南海プライウッド,スタンダード,その他製品,7310275.0,2026-10-09T15:00
7888,三光合成,プライム,化学,88582250.0,2026-10-09T15:00
7893,プロネクサス,プライム,その他製品,53825075.0,2026-10-09T15:00
7896,セブン工業,スタンダード,その他製品,417465.0,2026-10-09T15:00
7897,ホクシン,スタンダード,その他製品,120720270.0,2026-10-09T15:00
7898,ウッドワン,スタンダード,その他製品,4931695.0,2026-10-09T15:00
7901,マツモト,スタンダード,その他製品,52824900.0,2026-10-09T15:00
7902,ソノコム,スタンダード,その他製品,1561305.0,2026-10-09T15:00
7906,ヨネックス,スタンダード,その他製品,1169395820.0,2026-10-09T15:00
7908,きもと,スタンダード,化学,19446730.0,2026-10-09T15:00
7911,ＴＯＰＰＡＮホールディングス,プライム,その他製品,6857343892.0,2026-10-09T15:00
7912,大日本印刷,プライム,その他製品,4620854195.0,2026-10-09T15:00
7914,共同印刷,プライム,その他製品,113329130.0,2026-10-09T15:00
7915,ＮＩＳＳＨＡ,プライム,その他製品,508165740.0,2026-10-09T15:00
7916,光村印刷,スタンダード,その他製品,4676370.0,2026-10-09T15:00
7917,ＺＡＣＲＯＳ,プライム,化学,147741620.0,2026-10-09T15:00
7918,ヴィア・ホールディングス,スタンダード,小売業,4323980.0,2026-10-09T15:00
7919,野崎印刷紙業,スタンダード,その他製品,2192945.0,2026-10-09T15:00
7921,ＴＡＫＡＲＡ　＆　ＣＯＭＰＡＮＹ,プライム,その他製品,110751875.0,2026-10-09T15:00
7927,ムトー精工,スタンダード,化学,40436855.0,2026-10-09T15:00
7928,旭化学工業,スタンダード,化学,1181820.0,2026-10-09T15:00
7931,未来工業,プライム,化学,81809075.0,2026-10-09T15:00
7932,ニッピ,スタンダード,その他製品,94556400.0,2026-10-09T15:00
7936,アシックス,プライム,その他製品,21877304890.0,2026-10-09T15:00
7937,ツツミ,スタンダード,その他製品,38809555.0,2026-10-09T15:00
7938,リーガルコーポレーション,スタンダード,その他製品,5378225.0,2026-10-09T15:00
7939,研創,スタンダード,その他製品,642240.0,2026-10-09T15:00
7942,ＪＳＰ,プライム,化学,148790645.0,2026-10-09T15:00
7943,ニチハ,プライム,ガラス・土石製品,200084820.0,2026-10-09T15:00
7944,ローランド,プライム,その他製品,246936850.0,2026-10-09T15:00
7946,光陽社,スタンダード,その他製品,8494085.0,2026-10-09T15:00
7947,エフピコ,プライム,化学,451571090.0,2026-10-09T15:00
7949,小松ウオール工業,プライム,その他製品,146941420.0,2026-10-09T15:00
7951,ヤマハ,プライム,その他製品,2816803478.0,2026-10-09T15:00
7952,河合楽器製作所,プライム,その他製品,54027875.0,2026-10-09T15:00
7953,菊水化学工業,スタンダード,その他製品,4667195.0,2026-10-09T15:00
7955,クリナップ,プライム,その他製品,41892425.0,2026-10-09T15:00
7956,ピジョン,プライム,その他製品,1842166658.0,2026-10-09T15:00
7957,フジコピアン,スタンダード,その他製品,224361195.0,2026-10-09T15:00
7962,キングジム,プライム,その他製品,21195720.0,2026-10-09T15:00
7963,興研,スタンダード,その他製品,8852775.0,2026-10-09T15:00
7965,象印マホービン,プライム,電気機器,188302795.0,2026-10-09T15:00
7966,リンテック,プライム,その他製品,5235657950.0,2026-10-09T15:00
7970,信越ポリマー,プライム,化学,298543910.0,2026-10-09T15:00
7971,東リ,スタンダード,化学,54522145.0,2026-10-09T15:00
7972,イトーキ,プライム,その他製品,419560720.0,2026-10-09T15:00
7974,任天堂,プライム,その他製品,61667637280.0,2026-10-09T15:00
7975,リヒトラブ,スタンダード,その他製品,4347295.0,2026-10-09T15:00
7976,三菱鉛筆,プライム,その他製品,357128350.0,2026-10-09T15:00
7979,松風,プライム,精密機器,150094240.0,2026-10-09T15:00
7980,重松製作所,スタンダード,その他製品,35961125.0,2026-10-09T15:00
7981,タカラスタンダード,プライム,その他製品,281935745.0,2026-10-09T15:00
7983,ミロク,スタンダード,その他製品,3024425.0,2026-10-09T15:00
7984,コクヨ,プライム,その他製品,715076801.0,2026-10-09T15:00
7985,ネポン,スタンダード,金属製品,,2026-10-09T15:00
7986,日本アイ・エス・ケイ,スタンダード,その他製品,5490245.0,2026-10-09T15:00
7987,ナカバヤシ,スタンダード,その他製品,28004940.0,2026-10-09T15:00
7988,ニフコ,プライム,化学,1174914352.0,2026-10-09T15:00
7989,立川ブラインド工業,プライム,金属製品,94232475.0,2026-10-09T15:00
7990,グローブライド,プライム,その他製品,163570200.0,2026-10-09T15:00
7991,マミヤ・オーピー,スタンダード,機械,4961415.0,2026-10-09T15:00
7992,セーラー万年筆,スタンダード,その他製品,2334165.0,2026-10-09T15:00
7994,オカムラ,プライム,その他製品,562598550.0,2026-10-09T15:00
7995,バルカー,プライム,化学,404259800.0,2026-10-09T15:00
7997,くろがね工作所,スタンダード,その他製品,4345910.0,2026-10-09T15:00
8001,伊藤忠商事,プライム,卸売業,40282090690.0,2026-10-09T15:00
8002,丸紅,プライム,卸売業,24687764115.0,2026-10-09T15:00
8005,スクロール,プライム,小売業,307858865.0,2026-10-09T15:00
8006,ユアサ・フナショク,スタンダード,卸売業,3355705.0,2026-10-09T15:00
8007,高島,プライム,卸売業,100525145.0,2026-10-09T15:00
8008,ヨンドシーホールディングス,プライム,小売業,155169450.0,2026-10-09T15:00
8011,三陽商会,プライム,繊維製品,256672840.0,2026-10-09T15:00
8012,長瀬産業,プライム,卸売業,1035771952.0,2026-10-09T15:00
8013,ナイガイ,スタンダード,繊維製品,1808435.0,2026-10-09T15:00
8014,蝶理,プライム,卸売業,122601325.0,2026-10-09T15:00
8015,豊田通商,プライム,卸売業,16486405575.0,2026-10-09T15:00
8016,オンワードホールディングス,プライム,繊維製品,598241135.0,2026-10-09T15:00
8018,三共生興,スタンダード,卸売業,28886110.0,2026-10-09T15:00
8020,兼松,プライム,卸売業,1481995590.0,2026-10-09T15:00
8022,美津濃,プライム,その他製品,1011596875.0,2026-10-09T15:00
8023,ＤＡＩＫＯ　ＸＴＥＣＨ,スタンダード,情報・通信業,23557965.0,2026-10-09T15:00
8025,ツカモトコーポレーション,スタンダード,卸売業,6096690.0,2026-10-09T15:00
8029,ルックホールディングス,スタンダード,繊維製品,27399055.0,2026-10-09T15:00
8030,中央魚類,スタンダード,卸売業,5608750.0,2026-10-09T15:00
8031,三井物産,プライム,卸売業,30305892990.0,2026-10-09T15:00
8032,日本紙パルプ商事,プライム,卸売業,289387140.0,2026-10-09T15:00
8035,東京エレクトロン,プライム,電気機器,173735479600.0,2026-10-09T15:00
8037,カメイ,プライム,卸売業,407070225.0,2026-10-09T15:00
8039,築地魚市場,スタンダード,卸売業,6454250.0,2026-10-09T15:00
8040,東京ソワール,スタンダード,繊維製品,1189400.0,2026-10-09T15:00
8041,ＯＵＧホールディングス,スタンダード,卸売業,19172725.0,2026-10-09T15:00
8043,スターゼン,プライム,卸売業,350771100.0,2026-10-09T15:00
8045,横浜丸魚,スタンダード,卸売業,2306975.0,2026-10-09T15:00
8046,丸藤シートパイル,スタンダード,卸売業,16272800.0,2026-10-09T15:00
8050,セイコーグループ,プライム,精密機器,5274069600.0,2026-10-09T15:00
8051,山善,プライム,卸売業,427908885.0,2026-10-09T15:00
8052,椿本興業,プライム,卸売業,205611855.0,2026-10-09T15:00
8053,住友商事,プライム,卸売業,17539413522.0,2026-10-09T15:00
8056,ＢＩＰＲＯＧＹ,プライム,情報・通信業,2076027535.0,2026-10-09T15:00
8057,内田洋行,プライム,卸売業,342529650.0,2026-10-09T15:00
8058,三菱商事,プライム,卸売業,36309078380.0,2026-10-09T15:00
8059,第一実業,プライム,卸売業,357523450.0,2026-10-09T15:00
8060,キヤノンマーケティングジャパン,プライム,卸売業,1121396285.0,2026-10-09T15:00
8061,西華産業,プライム,卸売業,340750275.0,2026-10-09T15:00
8065,佐藤商事,プライム,卸売業,508024495.0,2026-10-09T15:00
8066,三谷商事,スタンダード,卸売業,82886225.0,2026-10-09T15:00
8070,東京産業,プライム,卸売業,105951840.0,2026-10-09T15:00
8074,ＹＵＡＳＡ,プライム,卸売業,218843000.0,2026-10-09T15:00
8075,神鋼商事,プライム,卸売業,164087575.0,2026-10-09T15:00
8076,カノークス,スタンダード,卸売業,10683315.0,2026-10-09T15:00
8077,トルク,スタンダード,卸売業,2374515.0,2026-10-09T15:00
8078,阪和興業,プライム,卸売業,852368060.0,2026-10-09T15:00
8079,正栄食品工業,プライム,卸売業,270701850.0,2026-10-09T15:00
8081,カナデン,プライム,卸売業,134445985.0,2026-10-09T15:00
8084,ＲＹＯＤＥＮ,プライム,卸売業,190270025.0,2026-10-09T15:00
8085,ナラサキ産業,スタンダード,卸売業,10417075.0,2026-10-09T15:00
8086,ニプロ,プライム,精密機器,1224823892.0,2026-10-09T15:00
8088,岩谷産業,プライム,卸売業,1341455322.0,2026-10-09T15:00
8089,ナイス,スタンダード,卸売業,7863630.0,2026-10-09T15:00
8091,ニチモウ,プライム,卸売業,27907420.0,2026-10-09T15:00
8093,極東貿易,プライム,卸売業,61850580.0,2026-10-09T15:00
8095,アステナホールディングス,プライム,卸売業,52532385.0,2026-10-09T15:00
8097,三愛オブリ,プライム,卸売業,297649965.0,2026-10-09T15:00
8098,稲畑産業,プライム,卸売業,520153650.0,2026-10-09T15:00
8101,ＧＳＩクレオス,プライム,卸売業,90392665.0,2026-10-09T15:00
8103,明和産業,プライム,卸売業,155739025.0,2026-10-09T15:00
8104,クワザワホールディングス,スタンダード,卸売業,13680730.0,2026-10-09T15:00
8105,Ｂｉｔｃｏｉｎ　Ｊａｐａｎ,スタンダード,卸売業,81338995.0,2026-10-09T15:00
8107,キムラタン,スタンダード,繊維製品,5689640.0,2026-10-09T15:00
8111,ゴールドウイン,プライム,繊維製品,1081289555.0,2026-10-09T15:00
8113,ユニ・チャーム,プライム,化学,4379417235.0,2026-10-09T15:00
8115,ムーンバット,スタンダード,卸売業,1869730.0,2026-10-09T15:00
8117,中央自動車工業,スタンダード,卸売業,1274250325.0,2026-10-09T15:00
8118,キング,スタンダード,繊維製品,2146165.0,2026-10-09T15:00
8119,三栄コーポレーション,スタンダード,卸売業,1084790.0,2026-10-09T15:00
8123,川辺,スタンダード,卸売業,1249850.0,2026-10-09T15:00
8125,ワキタ,プライム,卸売業,263322460.0,2026-10-09T15:00
8127,ヤマトインターナショナル,スタンダード,繊維製品,8029440.0,2026-10-09T15:00
8129,東邦ホールディングス,プライム,卸売業,640932200.0,2026-10-09T15:00
8130,サンゲツ,プライム,卸売業,391354475.0,2026-10-09T15:00
8131,ミツウロコグループホールディングス,スタンダード,卸売業,153269060.0,2026-10-09T15:00
8132,シナネンホールディングス,プライム,卸売業,49198650.0,2026-10-09T15:00
8133,伊藤忠エネクス,プライム,卸売業,270295240.0,2026-10-09T15:00
8135,ゼット,スタンダード,卸売業,7669415.0,2026-10-09T15:00
8136,サンリオ,プライム,卸売業,16889880698.0,2026-10-09T15:00
8137,サンワテクノス,プライム,卸売業,228804775.0,2026-10-09T15:00
8138,三京化成,スタンダード,卸売業,1400200.0,2026-10-09T15:00
8139,ナガホリ,スタンダード,卸売業,12169925.0,2026-10-09T15:00
8141,新光商事,プライム,卸売業,84713580.0,2026-10-09T15:00
8142,トーホー,プライム,卸売業,133550515.0,2026-10-09T15:00
8143,ラピーヌ,スタンダード,繊維製品,44771915.0,2026-10-09T15:00
8144,デンキョーグループホールディングス,スタンダード,卸売業,10277170.0,2026-10-09T15:00
8147,トミタ,スタンダード,卸売業,1991245.0,2026-10-09T15:00
8150,三信電気,プライム,卸売業,119128625.0,2026-10-09T15:00
8151,東陽テクニカ,プライム,卸売業,304070585.0,2026-10-09T15:00
8152,ソマール,スタンダード,卸売業,12179950.0,2026-10-09T15:00
8153,モスフードサービス,プライム,卸売業,908725875.0,2026-10-09T15:00
8154,加賀電子,プライム,卸売業,824303200.0,2026-10-09T15:00
8157,都築電気,プライム,情報・通信業,223361350.0,2026-10-09T15:00
8158,ソーダニッカ,プライム,卸売業,55924100.0,2026-10-09T15:00
8159,立花エレテック,プライム,卸売業,144381950.0,2026-10-09T15:00
8160,木曽路,プライム,小売業,345687005.0,2026-10-09T15:00
8163,ＳＲＳホールディングス,プライム,小売業,268528755.0,2026-10-09T15:00
8165,千趣会,スタンダード,小売業,20115285.0,2026-10-09T15:00
8166,タカキュー,スタンダード,小売業,3831400.0,2026-10-09T15:00
8167,リテールパートナーズ,プライム,小売業,101199860.0,2026-10-09T15:00
8173,Ｊｏｓｈｉｎ,プライム,小売業,900416175.0,2026-10-09T15:00
8174,日本瓦斯,プライム,小売業,998596942.0,2026-10-09T15:00
8179,ロイヤルホールディングス,プライム,小売業,335922215.0,2026-10-09T15:00
8181,東天紅,スタンダード,小売業,3404215.0,2026-10-09T15:00
8185,チヨダ,プライム,小売業,102716460.0,2026-10-09T15:00
8194,ライフコーポレーション,プライム,小売業,654845495.0,2026-10-09T15:00
8198,マックスバリュ東海,スタンダード,小売業,45178000.0,2026-10-09T15:00
8200,リンガーハット,プライム,小売業,153608945.0,2026-10-09T15:00
8202,ラオックスホールディングス,スタンダード,小売業,8820865.0,2026-10-09T15:00
8203,ＭｒＭａｘＨＤ,プライム,小売業,60133510.0,2026-10-09T15:00
8207,テンアライド,スタンダード,小売業,11282385.0,2026-10-09T15:00
8214,ＡＯＫＩホールディングス,プライム,小売業,343504670.0,2026-10-09T15:00
8217,オークワ,プライム,小売業,84977860.0,2026-10-09T15:00
8218,コメリ,プライム,小売業,348158825.0,2026-10-09T15:00
8219,青山商事,プライム,小売業,505859105.0,2026-10-09T15:00
8225,タカチホ,スタンダード,卸売業,988750.0,2026-10-09T15:00
8226,理経,スタンダード,卸売業,43573770.0,2026-10-09T15:00
8227,しまむら,プライム,小売業,2492255580.0,2026-10-09T15:00
8230,はせがわ,スタンダード,小売業,5399005.0,2026-10-09T15:00
8233,高島屋,プライム,小売業,3234931698.0,2026-10-09T15:00
8237,松屋,プライム,小売業,530542850.0,2026-10-09T15:00
8242,エイチ・ツー・オー　リテイリング,プライム,小売業,1083714845.0,2026-10-09T15:00
8244,近鉄百貨店,スタンダード,小売業,58905510.0,2026-10-09T15:00
8247,大和,スタンダード,小売業,5430285.0,2026-10-09T15:00
8252,丸井グループ,プライム,小売業,2751539875.0,2026-10-09T15:00
8253,クレディセゾン,プライム,その他金融業,3421024295.0,2026-10-09T15:00
8254,さいか屋,スタンダード,小売業,71370835.0,2026-10-09T15:00
8255,アクシアル　リテイリング,プライム,小売業,292873645.0,2026-10-09T15:00
8260,井筒屋,スタンダード,小売業,4278930.0,2026-10-09T15:00
8267,イオン,プライム,小売業,14565744608.0,2026-10-09T15:00
8273,イズミ,プライム,小売業,358771380.0,2026-10-09T15:00
8275,フォーバル,スタンダード,卸売業,56080640.0,2026-10-09T15:00
8276,平和堂,プライム,小売業,295034310.0,2026-10-09T15:00
8278,フジ,プライム,小売業,233366245.0,2026-10-09T15:00
8281,ゼビオホールディングス,プライム,小売業,197020675.0,2026-10-09T15:00
8282,ケーズホールディングス,プライム,小売業,2202137905.0,2026-10-09T15:00
8285,三谷産業,スタンダード,卸売業,50264225.0,2026-10-09T15:00
8291,日産東京販売ホールディングス,スタンダード,小売業,51380690.0,2026-10-09T15:00
8303,ＳＢＩ新生銀行,プライム,銀行業,5135721872.0,2026-10-09T15:00
8304,あおぞら銀行,プライム,銀行業,4028234215.0,2026-10-09T15:00
8306,三菱ＵＦＪフィナンシャル・グループ,プライム,銀行業,146735226220.0,2026-10-09T15:00
8308,りそなホールディングス,プライム,銀行業,24673936582.0,2026-10-09T15:00
8309,三井住友トラストグループ,プライム,銀行業,16228546232.0,2026-10-09T15:00
8316,三井住友フィナンシャルグループ,プライム,銀行業,81870603520.0,2026-10-09T15:00
8331,千葉銀行,プライム,銀行業,8782856542.0,2026-10-09T15:00
8334,群馬銀行,プライム,銀行業,4313452585.0,2026-10-09T15:00
8336,武蔵野銀行,プライム,銀行業,764227775.0,2026-10-09T15:00
8337,千葉興業銀行,プライム,銀行業,359079770.0,2026-10-09T15:00
8338,筑波銀行,プライム,銀行業,1412789040.0,2026-10-09T15:00
8341,七十七銀行,プライム,銀行業,3400810255.0,2026-10-09T15:00
8343,秋田銀行,プライム,銀行業,2073199360.0,2026-10-09T15:00
8344,山形銀行,プライム,銀行業,1204671650.0,2026-10-09T15:00
8345,岩手銀行,プライム,銀行業,1384133675.0,2026-10-09T15:00
8346,東邦銀行,プライム,銀行業,1341062175.0,2026-10-09T15:00
8349,東北銀行,スタンダード,銀行業,51538330.0,2026-10-09T15:00
8354,ふくおかフィナンシャルグループ,プライム,銀行業,6967578455.0,2026-10-09T15:00
8358,スルガ銀行,プライム,銀行業,3040337660.0,2026-10-09T15:00
8359,八十二長野銀行,プライム,銀行業,3897414930.0,2026-10-09T15:00
8360,山梨中央銀行,プライム,銀行業,1049500100.0,2026-10-09T15:00
8361,大垣共立銀行,プライム,銀行業,1686196100.0,2026-10-09T15:00
8362,福井銀行,プライム,銀行業,1166962500.0,2026-10-09T15:00
8364,清水銀行,プライム,銀行業,125612125.0,2026-10-09T15:00
8365,富山銀行,スタンダード,銀行業,18817975.0,2026-10-09T15:00
8366,滋賀銀行,プライム,銀行業,1931664345.0,2026-10-09T15:00
8367,南都銀行,プライム,銀行業,832621605.0,2026-10-09T15:00
8368,百五銀行,プライム,銀行業,2084535995.0,2026-10-09T15:00
8370,紀陽銀行,プライム,銀行業,870447633.0,2026-10-09T15:00
8377,ほくほくフィナンシャルグループ,プライム,銀行業,4831598501.0,2026-10-09T15:00
8381,山陰合同銀行,プライム,銀行業,1258423335.0,2026-10-09T15:00
8383,鳥取銀行,スタンダード,銀行業,47612780.0,2026-10-09T15:00
8386,百十四銀行,プライム,銀行業,976014875.0,2026-10-09T15:00
8387,四国銀行,プライム,銀行業,1475701925.0,2026-10-09T15:00
8388,阿波銀行,プライム,銀行業,1546575335.0,2026-10-09T15:00
8392,大分銀行,プライム,銀行業,694003375.0,2026-10-09T15:00
8393,宮崎銀行,プライム,銀行業,973607130.0,2026-10-09T15:00
8395,佐賀銀行,プライム,銀行業,386524750.0,2026-10-09T15:00
8399,琉球銀行,プライム,銀行業,543383800.0,2026-10-09T15:00
8410,セブン銀行,プライム,銀行業,1400144740.0,2026-10-09T15:00
8411,みずほフィナンシャルグループ,プライム,銀行業,79226308335.0,2026-10-09T15:00
8416,高知銀行,スタンダード,銀行業,42201990.0,2026-10-09T15:00
8418,山口フィナンシャルグループ,プライム,銀行業,2254459030.0,2026-10-09T15:00
8424,芙蓉総合リース,プライム,その他金融業,937090640.0,2026-10-09T15:00
8425,みずほリース,プライム,その他金融業,770419625.0,2026-10-09T15:00
8439,東京センチュリー,プライム,その他金融業,1717083078.0,2026-10-09T15:00
8473,ＳＢＩホールディングス,プライム,証券、商品先物取引業,10932574880.0,2026-10-09T15:00
8508,Ｊトラスト,スタンダード,その他金融業,556776160.0,2026-10-09T15:00
8511,日本証券金融,プライム,その他金融業,653795765.0,2026-10-09T15:00
8518,日本アジア投資,スタンダード,証券、商品先物取引業,3717615.0,2026-10-09T15:00
8522,名古屋銀行,プライム,銀行業,915941400.0,2026-10-09T15:00
8524,北洋銀行,プライム,銀行業,2107766860.0,2026-10-09T15:00
8537,大光銀行,スタンダード,銀行業,120839350.0,2026-10-09T15:00
8541,愛媛銀行,プライム,銀行業,683234300.0,2026-10-09T15:00
8542,トマト銀行,スタンダード,銀行業,78932665.0,2026-10-09T15:00
8544,京葉銀行,プライム,銀行業,978731435.0,2026-10-09T15:00
8550,栃木銀行,プライム,銀行業,882535695.0,2026-10-09T15:00
8551,北日本銀行,プライム,銀行業,477285743.0,2026-10-09T15:00
8558,東和銀行,プライム,銀行業,298629035.0,2026-10-09T15:00
8562,福島銀行,スタンダード,銀行業,107634060.0,2026-10-09T15:00
8563,大東銀行,スタンダード,銀行業,85487505.0,2026-10-09T15:00
8566,リコーリース,プライム,その他金融業,338925850.0,2026-10-09T15:00
8570,イオンフィナンシャルサービス,プライム,その他金融業,960245932.0,2026-10-09T15:00
8572,アコム,スタンダード,その他金融業,832084701.0,2026-10-09T15:00
8584,ジャックス,プライム,その他金融業,608675150.0,2026-10-09T15:00
8585,オリエントコーポレーション,プライム,その他金融業,507611915.0,2026-10-09T15:00
8591,オリックス,プライム,その他金融業,20530675165.0,2026-10-09T15:00
8593,三菱ＨＣキャピタル,プライム,その他金融業,6265494582.0,2026-10-09T15:00
8595,ジャフコ　グループ,プライム,証券、商品先物取引業,844495918.0,2026-10-09T15:00
8596,九州リースサービス,スタンダード,その他金融業,40433845.0,2026-10-09T15:00
8600,トモニホールディングス,プライム,銀行業,634917230.0,2026-10-09T15:00
8601,大和証券グループ本社,プライム,証券、商品先物取引業,10592452602.0,2026-10-09T15:00
8604,野村ホールディングス,プライム,証券、商品先物取引業,15140652178.0,2026-10-09T15:00
8609,岡三証券グループ,プライム,証券、商品先物取引業,540721460.0,2026-10-09T15:00
8613,丸三証券,プライム,証券、商品先物取引業,317577170.0,2026-10-09T15:00
8614,東洋証券,プライム,証券、商品先物取引業,296496595.0,2026-10-09T15:00
8616,東海東京フィナンシャル・ホールディングス,プライム,証券、商品先物取引業,1046781250.0,2026-10-09T15:00
8617,光世証券,スタンダード,証券、商品先物取引業,3152090.0,2026-10-09T15:00
8622,水戸証券,プライム,証券、商品先物取引業,294267395.0,2026-10-09T15:00
8624,いちよし証券,プライム,証券、商品先物取引業,259376165.0,2026-10-09T15:00
8628,松井証券,プライム,証券、商品先物取引業,1291820115.0,2026-10-09T15:00
8630,ＳＯＭＰＯホールディングス,プライム,保険業,16065576905.0,2026-10-09T15:00
8697,日本取引所グループ,プライム,その他金融業,7512483520.0,2026-10-09T15:00
8698,マネックスグループ,プライム,証券、商品先物取引業,1042757630.0,2026-10-09T15:00
8699,ＨＳホールディングス,スタンダード,証券、商品先物取引業,54105745.0,2026-10-09T15:00
8700,丸八証券,スタンダード,証券、商品先物取引業,3360610.0,2026-10-09T15:00
8704,トレイダーズホールディングス,スタンダード,証券、商品先物取引業,114581315.0,2026-10-09T15:00
8705,日産証券グループ,スタンダード,証券、商品先物取引業,17968020.0,2026-10-09T15:00
8706,極東証券,プライム,証券、商品先物取引業,297396555.0,2026-10-09T15:00
8707,岩井コスモホールディングス,プライム,証券、商品先物取引業,486166800.0,2026-10-09T15:00
8708,アイザワ証券グループ,プライム,証券、商品先物取引業,270502560.0,2026-10-09T15:00
8713,フィデアホールディングス,プライム,銀行業,233725535.0,2026-10-09T15:00
8714,池田泉州ホールディングス,プライム,銀行業,1208648205.0,2026-10-09T15:00
8715,アニコム　ホールディングス,プライム,保険業,296684985.0,2026-10-09T15:00
8725,ＭＳ＆ＡＤインシュアランスグループホールディングス,プライム,保険業,24916311895.0,2026-10-09T15:00
8729,ソニーフィナンシャルグループ,プライム,保険業,8879026999.0,2026-10-09T15:00
8737,あかつき本社,スタンダード,証券、商品先物取引業,25594840.0,2026-10-09T15:00
8739,スパークス・グループ,プライム,証券、商品先物取引業,421806840.0,2026-10-09T15:00
8742,小林洋行,スタンダード,証券、商品先物取引業,4512105.0,2026-10-09T15:00
8746,ｕｎｂａｎｋｅｄ,スタンダード,証券、商品先物取引業,167388430.0,2026-10-09T15:00
8747,豊トラスティ証券,スタンダード,証券、商品先物取引業,18879720.0,2026-10-09T15:00
8750,第一ライフグループ,プライム,保険業,17985081488.0,2026-10-09T15:00
8766,東京海上ホールディングス,プライム,保険業,53865130721.0,2026-10-09T15:00
8769,アドバンテッジリスクマネジメント,スタンダード,サービス業,19605180.0,2026-10-09T15:00
8771,イー・ギャランティ,プライム,その他金融業,269563785.0,2026-10-09T15:00
8772,アサックス,スタンダード,その他金融業,6582655.0,2026-10-09T15:00
8783,ａｂｃ,スタンダード,その他金融業,22082605.0,2026-10-09T15:00
8789,フィンテック　グローバル,スタンダード,その他金融業,162209005.0,2026-10-09T15:00
8793,ＮＥＣキャピタルソリューション,プライム,その他金融業,83353500.0,2026-10-09T15:00
8795,Ｔ＆Ｄホールディングス,プライム,保険業,6413901960.0,2026-10-09T15:00
8798,アドバンスクリエイト,プライム,保険業,53255945.0,2026-10-09T15:00
8801,三井不動産,プライム,不動産業,14674893250.0,2026-10-09T15:00
8802,三菱地所,プライム,不動産業,12898852380.0,2026-10-09T15:00
8803,平和不動産,プライム,不動産業,518910280.0,2026-10-09T15:00
8804,東京建物,プライム,不動産業,3247236020.0,2026-10-09T15:00
8818,京阪神ビルディング,プライム,不動産業,640098705.0,2026-10-09T15:00
8830,住友不動産,プライム,不動産業,9571519255.0,2026-10-09T15:00
8835,太平洋興発,スタンダード,卸売業,12221860.0,2026-10-09T15:00
8836,ＲＩＳＥ,スタンダード,不動産業,1355835.0,2026-10-09T15:00
8841,テーオーシー,スタンダード,不動産業,90191060.0,2026-10-09T15:00
8844,コスモスイニシア,スタンダード,不動産業,60881490.0,2026-10-09T15:00
8848,レオパレス２１,プライム,不動産業,5000551950.0,2026-10-09T15:00
8850,スターツコーポレーション,プライム,不動産業,300260675.0,2026-10-09T15:00
8860,フジ住宅,プライム,不動産業,49403040.0,2026-10-09T15:00
8864,空港施設,スタンダード,不動産業,66776130.0,2026-10-09T15:00
8869,明和地所,スタンダード,不動産業,52234055.0,2026-10-09T15:00
8871,ゴールドクレスト,スタンダード,不動産業,168945925.0,2026-10-09T15:00
8876,リログループ,プライム,サービス業,1269193615.0,2026-10-09T15:00
8877,エスリード,プライム,不動産業,179030600.0,2026-10-09T15:00
8881,日神グループホールディングス,プライム,不動産業,75142460.0,2026-10-09T15:00
8887,シーラホールディングス,スタンダード,不動産業,24787425.0,2026-10-09T15:00
8891,ＡＭＧホールディングス,スタンダード,不動産業,8920910.0,2026-10-09T15:00
8892,エスコン,プライム,不動産業,195513540.0,2026-10-09T15:00
8894,ＲＥＶＯＬＵＴＩＯＮ,スタンダード,不動産業,16521865.0,2026-10-09T15:00
8897,ＭＩＲＡＲＴＨホールディングス,プライム,不動産業,309740820.0,2026-10-09T15:00
8898,センチュリー２１・ジャパン,スタンダード,不動産業,4334600.0,2026-10-09T15:00
8904,ＡＶＡＮＴＩＡ,スタンダード,不動産業,8998285.0,2026-10-09T15:00
8908,毎日コムネット,スタンダード,不動産業,4447215.0,2026-10-09T15:00
8912,エリアクエスト,スタンダード,不動産業,5453125.0,2026-10-09T15:00
8914,エリアリンク,スタンダード,不動産業,67602045.0,2026-10-09T15:00
8917,ファースト住建,スタンダード,不動産業,57572260.0,2026-10-09T15:00
8918,ランド,スタンダード,不動産業,2817661580.0,2026-10-09T15:00
8919,カチタス,プライム,不動産業,631681100.0,2026-10-09T15:00
8920,東祥,スタンダード,サービス業,52967120.0,2026-10-09T15:00
8923,トーセイ,プライム,不動産業,496317670.0,2026-10-09T15:00
8927,明豊エンタープライズ,スタンダード,不動産業,69750590.0,2026-10-09T15:00
8928,穴吹興産,スタンダード,不動産業,11770845.0,2026-10-09T15:00
8929,青山財産ネットワークス,スタンダード,不動産業,59903205.0,2026-10-09T15:00
8931,和田興産,スタンダード,不動産業,15499935.0,2026-10-09T15:00
8934,サンフロンティア不動産,プライム,不動産業,384953850.0,2026-10-09T15:00
8935,ＦＪネクストホールディングス,プライム,不動産業,103261345.0,2026-10-09T15:00
8944,ランドビジネス,スタンダード,不動産業,28610175.0,2026-10-09T15:00
8945,サンネクスタグループ,スタンダード,不動産業,3490600.0,2026-10-09T15:00
8946,ＡＳＩＡＮ　ＳＴＡＲ,スタンダード,不動産業,4585040.0,2026-10-09T15:00
8995,誠建設工業,スタンダード,不動産業,858207355.0,2026-10-09T15:00
8996,ハウスフリーダム,スタンダード,不動産業,2520925.0,2026-10-09T15:00
8999,グランディハウス,プライム,不動産業,24292905.0,2026-10-09T15:00
9001,東武鉄道,プライム,陸運業,2362158660.0,2026-10-09T15:00
9003,相鉄ホールディングス,プライム,陸運業,1451272445.0,2026-10-09T15:00
9005,東急,プライム,陸運業,4128659602.0,2026-10-09T15:00
9006,京浜急行電鉄,プライム,陸運業,1568331268.0,2026-10-09T15:00
9007,小田急電鉄,プライム,陸運業,2743093515.0,2026-10-09T15:00
9008,京王電鉄,プライム,陸運業,2017459215.0,2026-10-09T15:00
9009,京成電鉄,プライム,陸運業,2579225160.0,2026-10-09T15:00
9010,富士急行,プライム,陸運業,511592195.0,2026-10-09T15:00
9012,秩父鉄道,スタンダード,陸運業,1974930.0,2026-10-09T15:00
9017,新潟交通,スタンダード,陸運業,2425610.0,2026-10-09T15:00
9020,東日本旅客鉄道,プライム,陸運業,9756125560.0,2026-10-09T15:00
9021,西日本旅客鉄道,プライム,陸運業,6069601622.0,2026-10-09T15:00
9022,東海旅客鉄道,プライム,陸運業,8254587735.0,2026-10-09T15:00
9023,東京地下鉄,プライム,陸運業,2686359552.0,2026-10-09T15:00
9024,西武ホールディングス,プライム,陸運業,4207659860.0,2026-10-09T15:00
9025,鴻池運輸,プライム,陸運業,251169615.0,2026-10-09T15:00
9028,ゼロ,スタンダード,陸運業,62926800.0,2026-10-09T15:00
9029,ヒガシホールディングス,スタンダード,陸運業,9363285.0,2026-10-09T15:00
9031,西日本鉄道,プライム,陸運業,1125749425.0,2026-10-09T15:00
9033,広島電鉄,スタンダード,陸運業,7524100.0,2026-10-09T15:00
9034,南総通運,スタンダード,陸運業,6582045.0,2026-10-09T15:00
9036,東部ネットワーク,スタンダード,陸運業,6111120.0,2026-10-09T15:00
9037,ハマキョウレックス,プライム,陸運業,213712220.0,2026-10-09T15:00
9039,サカイ引越センター,プライム,陸運業,314352935.0,2026-10-09T15:00
9041,近鉄グループホールディングス,プライム,陸運業,3250831920.0,2026-10-09T15:00
9042,阪急阪神ホールディングス,プライム,陸運業,5336333985.0,2026-10-09T15:00
9044,ＮＡＮＫＡＩ,プライム,陸運業,2138276492.0,2026-10-09T15:00
9045,京阪ホールディングス,プライム,陸運業,998658455.0,2026-10-09T15:00
9046,神戸電鉄,スタンダード,陸運業,32608850.0,2026-10-09T15:00
9048,名古屋鉄道,プライム,陸運業,2454847905.0,2026-10-09T15:00
9049,京福電気鉄道,スタンダード,陸運業,3019850.0,2026-10-09T15:00
9051,センコン物流,スタンダード,陸運業,2661630.0,2026-10-09T15:00
9052,山陽電気鉄道,プライム,陸運業,99834150.0,2026-10-09T15:00
9057,遠州トラック,スタンダード,陸運業,3726400.0,2026-10-09T15:00
9059,カンダホールディングス,スタンダード,陸運業,2582560.0,2026-10-09T15:00
9060,日本ロジテム,スタンダード,陸運業,1209825.0,2026-10-09T15:00
9063,岡山県貨物運送,スタンダード,陸運業,3437000.0,2026-10-09T15:00
9064,ヤマトホールディングス,プライム,陸運業,2385964692.0,2026-10-09T15:00
9065,山九,プライム,陸運業,1871871519.0,2026-10-09T15:00
9068,丸全昭和運輸,プライム,陸運業,215379275.0,2026-10-09T15:00
9069,センコーグループホールディングス,プライム,陸運業,869619065.0,2026-10-09T15:00
9072,ニッコンホールディングス,プライム,陸運業,1407687255.0,2026-10-09T15:00
9073,京極運輸商事,スタンダード,陸運業,976310.0,2026-10-09T15:00
9074,日本石油輸送,スタンダード,陸運業,12987805.0,2026-10-09T15:00
9075,福山通運,プライム,陸運業,462309950.0,2026-10-09T15:00
9076,セイノーホールディングス,プライム,陸運業,962355345.0,2026-10-09T15:00
9081,神奈川中央交通,プライム,陸運業,83291125.0,2026-10-09T15:00
9082,大和自動車交通,スタンダード,陸運業,51824820.0,2026-10-09T15:00
9083,神姫バス,スタンダード,陸運業,9796600.0,2026-10-09T15:00
9087,タカセ,スタンダード,陸運業,2417330.0,2026-10-09T15:00
9090,ＡＺ－ＣＯＭ丸和ホールディングス,プライム,陸運業,502069095.0,2026-10-09T15:00
9101,日本郵船,プライム,海運業,18027860055.0,2026-10-09T15:00
9104,商船三井,プライム,海運業,18220636460.0,2026-10-09T15:00
9107,川崎汽船,プライム,海運業,12589114595.0,2026-10-09T15:00
9110,ＮＳユナイテッド海運,プライム,海運業,849523050.0,2026-10-09T15:00
9115,明海グループ,スタンダード,海運業,94829270.0,2026-10-09T15:00
9119,飯野海運,プライム,海運業,378689500.0,2026-10-09T15:00
9127,玉井商船,スタンダード,海運業,18218675.0,2026-10-09T15:00
9130,共栄タンカー,スタンダード,海運業,678470530.0,2026-10-09T15:00
9142,九州旅客鉄道,プライム,陸運業,2930179550.0,2026-10-09T15:00
9143,ＳＧホールディングス,プライム,陸運業,1969017062.0,2026-10-09T15:00
9145,ビーイングホールディングス,スタンダード,陸運業,18685410.0,2026-10-09T15:00
9147,ＮＩＰＰＯＮ　ＥＸＰＲＥＳＳホールディングス,プライム,陸運業,5022350220.0,2026-10-09T15:00
9160,オンザページ,スタンダード,サービス業,10163250.0,2026-10-09T15:00
9171,栗林商船,スタンダード,海運業,3899415.0,2026-10-09T15:00
9173,東海汽船,スタンダード,海運業,3582135.0,2026-10-09T15:00
9193,東京汽船,スタンダード,倉庫・運輸関連業,3371440.0,2026-10-09T15:00
9201,日本航空,プライム,空運業,6729852625.0,2026-10-09T15:00
9202,ＡＮＡホールディングス,プライム,空運業,6834509410.0,2026-10-09T15:00
9206,スターフライヤー,スタンダード,空運業,3290410.0,2026-10-09T15:00
9212,Ｇｒｅｅｎ　Ｅａｒｔｈ　Ｉｎｓｔｉｔｕｔｅ,スタンダード,サービス業,36845540.0,2026-10-09T15:00
9213,セイファート,スタンダード,サービス業,4737230.0,2026-10-09T15:00
9216,ビーウィズ,プライム,サービス業,37526275.0,2026-10-09T15:00
9220,エフビー介護サービス,スタンダード,サービス業,4608475.0,2026-10-09T15:00
9221,フルハシＥＰＯ,スタンダード,サービス業,48230120.0,2026-10-09T15:00
9229,サンウェルズ,プライム,サービス業,15264380.0,2026-10-09T15:00
9233,アジア航測,スタンダード,空運業,9392980.0,2026-10-09T15:00
9247,ＴＲＥホールディングス,プライム,サービス業,458124210.0,2026-10-09T15:00
9248,人・夢・技術グループ,スタンダード,サービス業,51915985.0,2026-10-09T15:00
9249,日本エコシステム,スタンダード,サービス業,13061725.0,2026-10-09T15:00
9262,シルバーライフ,スタンダード,小売業,14224100.0,2026-10-09T15:00
9264,ポエック,スタンダード,卸売業,14362300.0,2026-10-09T15:00
9265,ヤマシタヘルスケアホールディングス,スタンダード,卸売業,11705475.0,2026-10-09T15:00
9267,Ｇｅｎｋｙ　ＤｒｕｇＳｔｏｒｅｓ,プライム,小売業,228548475.0,2026-10-09T15:00
9268,オプティマスグループ,スタンダード,卸売業,153169440.0,2026-10-09T15:00
9273,コーア商事ホールディングス,プライム,卸売業,40919570.0,2026-10-09T15:00
9274,ＫＰＰグループホールディングス,プライム,卸売業,398264845.0,2026-10-09T15:00
9278,ブックオフグループホールディングス,プライム,小売業,317630760.0,2026-10-09T15:00
9279,ギフトホールディングス,プライム,小売業,715203935.0,2026-10-09T15:00
9301,三菱倉庫,プライム,倉庫・運輸関連業,1426596198.0,2026-10-09T15:00
9302,三井倉庫ホールディングス,プライム,倉庫・運輸関連業,758486070.0,2026-10-09T15:00
9303,住友倉庫,プライム,倉庫・運輸関連業,436161675.0,2026-10-09T15:00
9304,澁澤倉庫,プライム,倉庫・運輸関連業,350307600.0,2026-10-09T15:00
9305,ヤマタネ,プライム,卸売業,136213090.0,2026-10-09T15:00
9306,東陽倉庫,スタンダード,倉庫・運輸関連業,5557590.0,2026-10-09T15:00
9307,杉村倉庫,スタンダード,倉庫・運輸関連業,9584630.0,2026-10-09T15:00
9308,乾汽船,スタンダード,海運業,422448240.0,2026-10-09T15:00
9310,日本トランスシティ,プライム,倉庫・運輸関連業,119458255.0,2026-10-09T15:00
9311,アサガミ,スタンダード,倉庫・運輸関連業,3285200.0,2026-10-09T15:00
9312,ケイヒン,スタンダード,倉庫・運輸関連業,24851360.0,2026-10-09T15:00
9313,丸八倉庫,スタンダード,倉庫・運輸関連業,1791485.0,2026-10-09T15:00
9319,中央倉庫,プライム,倉庫・運輸関連業,53739090.0,2026-10-09T15:00
9322,川西倉庫,スタンダード,倉庫・運輸関連業,22379310.0,2026-10-09T15:00
9324,安田倉庫,プライム,倉庫・運輸関連業,222951545.0,2026-10-09T15:00
9325,ファイズホールディングス,スタンダード,倉庫・運輸関連業,11848030.0,2026-10-09T15:00
9327,イー・ロジット,スタンダード,倉庫・運輸関連業,2486910.0,2026-10-09T15:00
9332,ＮＩＳＳＯホールディングス,プライム,サービス業,65712890.0,2026-10-09T15:00
9336,大栄環境,プライム,サービス業,560265325.0,2026-10-09T15:00
9339,コーチ・エィ,スタンダード,サービス業,2767155.0,2026-10-09T15:00
9340,アソインターナショナル,スタンダード,サービス業,6299070.0,2026-10-09T15:00
9341,ＧＥＮＯＶＡ,プライム,サービス業,32361525.0,2026-10-09T15:00
9347,日本管財ホールディングス,プライム,サービス業,370826400.0,2026-10-09T15:00
9351,東洋埠頭,スタンダード,倉庫・運輸関連業,6714065.0,2026-10-09T15:00
9353,櫻島埠頭,スタンダード,倉庫・運輸関連業,1884120.0,2026-10-09T15:00
9355,リンコーコーポレーション,スタンダード,倉庫・運輸関連業,839345.0,2026-10-09T15:00
9360,鈴与シンワート,スタンダード,情報・通信業,2081700.0,2026-10-09T15:00
9361,伏木海陸運送,スタンダード,倉庫・運輸関連業,569030.0,2026-10-09T15:00
9362,兵機海運,スタンダード,倉庫・運輸関連業,3744875.0,2026-10-09T15:00
9363,大運,スタンダード,倉庫・運輸関連業,4091940.0,2026-10-09T15:00
9364,上組,プライム,倉庫・運輸関連業,1622471290.0,2026-10-09T15:00
9365,トレーディア,スタンダード,倉庫・運輸関連業,787895.0,2026-10-09T15:00
9366,サンリツ,スタンダード,倉庫・運輸関連業,14326630.0,2026-10-09T15:00
9367,大東港運,スタンダード,倉庫・運輸関連業,3690405.0,2026-10-09T15:00
9368,キムラユニティー,スタンダード,倉庫・運輸関連業,22823310.0,2026-10-09T15:00
9369,キユーソー流通システム,スタンダード,倉庫・運輸関連業,126653090.0,2026-10-09T15:00
9376,ユーラシア旅行社,スタンダード,サービス業,5195325.0,2026-10-09T15:00
9380,東海運,スタンダード,倉庫・運輸関連業,5720100.0,2026-10-09T15:00
9381,エーアイテイー,プライム,倉庫・運輸関連業,47943080.0,2026-10-09T15:00
9385,ショーエイコーポレーション,スタンダード,化学,5137620.0,2026-10-09T15:00
9401,ＴＢＳホールディングス,プライム,情報・通信業,1901974765.0,2026-10-09T15:00
9404,日本テレビホールディングス,プライム,情報・通信業,2051211672.0,2026-10-09T15:00
9405,朝日放送グループホールディングス,プライム,情報・通信業,78946570.0,2026-10-09T15:00
9408,ＢＳＮメディアホールディングス,スタンダード,情報・通信業,1131240.0,2026-10-09T15:00
9409,テレビ朝日ホールディングス,プライム,情報・通信業,923696250.0,2026-10-09T15:00
9412,スカパーＪＳＡＴ,プライム,情報・通信業,3088815675.0,2026-10-09T15:00
9413,テレビ東京ホールディングス,プライム,情報・通信業,259395425.0,2026-10-09T15:00
9414,日本ＢＳ放送,スタンダード,情報・通信業,159565050.0,2026-10-09T15:00
9416,ビジョン,プライム,情報・通信業,301586040.0,2026-10-09T15:00
9417,スマートバリュー,スタンダード,情報・通信業,2077290.0,2026-10-09T15:00
9418,Ｕ－ＮＥＸＴ　ＨＯＬＤＩＮＧＳ,プライム,情報・通信業,775407995.0,2026-10-09T15:00
9419,ワイヤレスゲート,スタンダード,情報・通信業,3906885.0,2026-10-09T15:00
9421,エヌジェイホールディングス,スタンダード,情報・通信業,1401115.0,2026-10-09T15:00
9423,フォーバル・リアルストレート,スタンダード,情報・通信業,10062295.0,2026-10-09T15:00
9424,日本通信,プライム,情報・通信業,257257710.0,2026-10-09T15:00
9425,ＲｅＹｕｕ　Ｊａｐａｎ,スタンダード,情報・通信業,228213010.0,2026-10-09T15:00
9428,クロップス,スタンダード,情報・通信業,1610650.0,2026-10-09T15:00
9432,ＮＴＴ,プライム,情報・通信業,32482728726.0,2026-10-09T15:00
9433,ＫＤＤＩ,プライム,情報・通信業,26504931675.0,2026-10-09T15:00
9434,ソフトバンク,プライム,情報・通信業,20186360603.0,2026-10-09T15:00
9435,光通信,プライム,情報・通信業,3347616900.0,2026-10-09T15:00
9436,沖縄セルラー電話,スタンダード,情報・通信業,959920150.0,2026-10-09T15:00
9438,エムティーアイ,プライム,情報・通信業,18300040.0,2026-10-09T15:00
9439,エム・エイチ・グループ,スタンダード,サービス業,3864825.0,2026-10-09T15:00
9441,ベルパーク,スタンダード,情報・通信業,8549235.0,2026-10-09T15:00
9444,トーシンホールディングス,スタンダード,情報・通信業,11726030.0,2026-10-09T15:00
9445,フォーバルテレコム,スタンダード,情報・通信業,1064545.0,2026-10-09T15:00
9446,サカイホールディングス,スタンダード,情報・通信業,2941435.0,2026-10-09T15:00
9449,ＧＭＯインターネットグループ,プライム,情報・通信業,1174576260.0,2026-10-09T15:00
9450,ファイバーゲート,スタンダード,情報・通信業,27797580.0,2026-10-09T15:00
9466,アイドママーケティングコミュニケーション,スタンダード,情報・通信業,1307980.0,2026-10-09T15:00
9468,ＫＡＤＯＫＡＷＡ,プライム,情報・通信業,1541587540.0,2026-10-09T15:00
9470,学研ホールディングス,プライム,情報・通信業,299845130.0,2026-10-09T15:00
9474,ゼンリン,プライム,情報・通信業,116699015.0,2026-10-09T15:00
9475,昭文社ホールディングス,スタンダード,情報・通信業,1346955.0,2026-10-09T15:00
9476,中央経済社ホールディングス,スタンダード,情報・通信業,1356810.0,2026-10-09T15:00
9478,ＳＥホールディングス・アンド・インキュベーションズ,スタンダード,情報・通信業,5968135.0,2026-10-09T15:00
9501,東京電力ホールディングス,プライム,電気・ガス業,18023477338.0,2026-10-09T15:00
9502,中部電力,プライム,電気・ガス業,10367024335.0,2026-10-09T15:00
9503,関西電力,プライム,電気・ガス業,12140745338.0,2026-10-09T15:00
9504,中国電力,プライム,電気・ガス業,2064793631.0,2026-10-09T15:00
9505,北陸電力,プライム,電気・ガス業,1228688822.0,2026-10-09T15:00
9506,東北電力,プライム,電気・ガス業,5698501740.0,2026-10-09T15:00
9507,四国電力,プライム,電気・ガス業,2728623400.0,2026-10-09T15:00
9509,北海道電力,プライム,電気・ガス業,2290750450.0,2026-10-09T15:00
9511,沖縄電力,プライム,電気・ガス業,317269905.0,2026-10-09T15:00
9513,電源開発,プライム,電気・ガス業,2329301025.0,2026-10-09T15:00
9514,エフオン,スタンダード,電気・ガス業,41254205.0,2026-10-09T15:00
9517,イーレックス,プライム,電気・ガス業,191037500.0,2026-10-09T15:00
9519,レノバ,プライム,電気・ガス業,719455775.0,2026-10-09T15:00
9531,東京瓦斯,プライム,電気・ガス業,6571219245.0,2026-10-09T15:00
9532,大阪瓦斯,プライム,電気・ガス業,6693502310.0,2026-10-09T15:00
9533,東邦瓦斯,プライム,電気・ガス業,1019713815.0,2026-10-09T15:00
9534,北海道瓦斯,プライム,電気・ガス業,228369040.0,2026-10-09T15:00
9535,広島ガス,プライム,電気・ガス業,34945425.0,2026-10-09T15:00
9536,西部ガスホールディングス,プライム,電気・ガス業,440662950.0,2026-10-09T15:00
9537,北陸瓦斯,スタンダード,電気・ガス業,2346750.0,2026-10-09T15:00
9539,京葉瓦斯,スタンダード,電気・ガス業,2647595.0,2026-10-09T15:00
9543,静岡ガス,プライム,電気・ガス業,195726045.0,2026-10-09T15:00
9551,メタウォーター,プライム,電気・ガス業,332916550.0,2026-10-09T15:00
9552,クオンツ総研ホールディングス,プライム,サービス業,263106370.0,2026-10-09T15:00
9564,ＦＣＥ,スタンダード,サービス業,19323020.0,2026-10-09T15:00
9601,松竹,プライム,情報・通信業,429829450.0,2026-10-09T15:00
9602,東宝,プライム,情報・通信業,4498586930.0,2026-10-09T15:00
9603,エイチ・アイ・エス,プライム,サービス業,524197460.0,2026-10-09T15:00
9605,東映,プライム,情報・通信業,418433250.0,2026-10-09T15:00
9610,ウィルソン・ラーニング　ワールドワイド,スタンダード,サービス業,12344715.0,2026-10-09T15:00
9612,ラックランド,プライム,サービス業,53723160.0,2026-10-09T15:00
9616,共立メンテナンス,プライム,サービス業,3042010850.0,2026-10-09T15:00
9619,イチネンホールディングス,プライム,サービス業,100317970.0,2026-10-09T15:00
9621,建設技術研究所,プライム,サービス業,216715050.0,2026-10-09T15:00
9622,スペース,プライム,サービス業,76050850.0,2026-10-09T15:00
9625,セレスポ,スタンダード,サービス業,4295420.0,2026-10-09T15:00
9627,アインホールディングス,プライム,小売業,843905865.0,2026-10-09T15:00
9628,燦ホールディングス,プライム,サービス業,82699300.0,2026-10-09T15:00
9629,ピー・シー・エー,プライム,情報・通信業,42338600.0,2026-10-09T15:00
9632,スバル興業,スタンダード,サービス業,347406825.0,2026-10-09T15:00
9633,東京テアトル,スタンダード,不動産業,14676830.0,2026-10-09T15:00
9635,武蔵野興業,スタンダード,サービス業,1420960.0,2026-10-09T15:00
9636,きんえい,スタンダード,サービス業,6108875.0,2026-10-09T15:00
9639,三協フロンテア,スタンダード,サービス業,15250540.0,2026-10-09T15:00
9640,セゾンテクノロジー,スタンダード,情報・通信業,6972725.0,2026-10-09T15:00
9644,タナベコンサルティンググループ,プライム,サービス業,71560320.0,2026-10-09T15:00
9647,協和コンサルタンツ,スタンダード,サービス業,3617900.0,2026-10-09T15:00
9651,日本プロセス,スタンダード,情報・通信業,36972675.0,2026-10-09T15:00
9656,グリーンランドリゾート,スタンダード,サービス業,2256655.0,2026-10-09T15:00
9658,ビジネスブレイン太田昭和,プライム,情報・通信業,108013370.0,2026-10-09T15:00
9661,歌舞伎座,スタンダード,サービス業,33269425.0,2026-10-09T15:00
9663,ナガワ,プライム,サービス業,159023675.0,2026-10-09T15:00
9672,東京都競馬,プライム,サービス業,310822025.0,2026-10-09T15:00
9678,カナモト,プライム,サービス業,460091800.0,2026-10-09T15:00
9679,ホウライ,スタンダード,サービス業,2269115.0,2026-10-09T15:00
9682,ＤＴＳ,プライム,情報・通信業,703382555.0,2026-10-09T15:00
9684,スクウェア・エニックス・ホールディングス,プライム,情報・通信業,3227592552.0,2026-10-09T15:00
9685,ＫＹＣＯＭホールディングス,スタンダード,情報・通信業,1080375.0,2026-10-09T15:00
9686,東洋テック,スタンダード,サービス業,6164170.0,2026-10-09T15:00
9687,ＫＳＫ,スタンダード,情報・通信業,9241225.0,2026-10-09T15:00
9691,両毛システムズ,スタンダード,情報・通信業,2858500.0,2026-10-09T15:00
9692,シーイーシー,プライム,情報・通信業,332916665.0,2026-10-09T15:00
9697,カプコン,プライム,情報・通信業,15497173960.0,2026-10-09T15:00
9698,クレオ,スタンダード,情報・通信業,1823020.0,2026-10-09T15:00
9699,ニシオホールディングス,プライム,サービス業,370817425.0,2026-10-09T15:00
9701,東京會舘,スタンダード,サービス業,5569400.0,2026-10-09T15:00
9702,アイ・エス・ビー,プライム,情報・通信業,67029650.0,2026-10-09T15:00
9704,アゴーラ　ホスピタリティー　グループ,スタンダード,サービス業,9303405.0,2026-10-09T15:00
9706,日本空港ビルデング,プライム,不動産業,5363845290.0,2026-10-09T15:00
9708,帝国ホテル,スタンダード,サービス業,125561615.0,2026-10-09T15:00
9709,ＮＣＳ＆Ａ,スタンダード,情報・通信業,15557515.0,2026-10-09T15:00
9713,ロイヤルホテル,スタンダード,サービス業,4851130.0,2026-10-09T15:00
9715,トランス・コスモス,プライム,サービス業,393602425.0,2026-10-09T15:00
9716,乃村工藝社,プライム,サービス業,429091280.0,2026-10-09T15:00
9720,ホテル、ニューグランド,スタンダード,サービス業,1648700.0,2026-10-09T15:00
9722,藤田観光,プライム,サービス業,789071555.0,2026-10-09T15:00
9723,京都ホテル,スタンダード,サービス業,1204590.0,2026-10-09T15:00
9726,ＫＮＴ－ＣＴホールディングス,スタンダード,サービス業,67285935.0,2026-10-09T15:00
9729,トーカイ,プライム,サービス業,73046780.0,2026-10-09T15:00
9731,白洋舎,スタンダード,サービス業,4124075.0,2026-10-09T15:00
9733,ナガセ,スタンダード,サービス業,32370630.0,2026-10-09T15:00
9735,セコム,プライム,サービス業,8777019380.0,2026-10-09T15:00
9739,ＮＳＷ,プライム,情報・通信業,67697715.0,2026-10-09T15:00
9740,セントラル警備保障,プライム,サービス業,56976715.0,2026-10-09T15:00
9742,アイネス,プライム,情報・通信業,60314455.0,2026-10-09T15:00
9743,丹青社,プライム,サービス業,498549510.0,2026-10-09T15:00
9744,メイテックグループホールディングス,プライム,サービス業,1886851715.0,2026-10-09T15:00
9746,ＴＫＣ,プライム,情報・通信業,273733225.0,2026-10-09T15:00
9753,アイエックス・ナレッジ,スタンダード,情報・通信業,11482525.0,2026-10-09T15:00
9755,応用地質,プライム,サービス業,174522920.0,2026-10-09T15:00
9757,船井総研ホールディングス,プライム,サービス業,251520640.0,2026-10-09T15:00
9759,ＮＳＤ,プライム,情報・通信業,987695702.0,2026-10-09T15:00
9760,進学会ホールディングス,スタンダード,サービス業,5376015.0,2026-10-09T15:00
9761,東海リース,スタンダード,サービス業,9734245.0,2026-10-09T15:00
9763,丸建リース,スタンダード,卸売業,11858925.0,2026-10-09T15:00
9765,オオバ,プライム,サービス業,18647935.0,2026-10-09T15:00
9766,コナミグループ,プライム,情報・通信業,11784848225.0,2026-10-09T15:00
9767,日建工学,スタンダード,サービス業,3293185.0,2026-10-09T15:00
9768,いであ,スタンダード,サービス業,37405500.0,2026-10-09T15:00
9769,学究社,プライム,サービス業,40258175.0,2026-10-09T15:00
9778,昴,スタンダード,サービス業,2004000.0,2026-10-09T15:00
9780,ハリマビステム,スタンダード,サービス業,5469270.0,2026-10-09T15:00
9782,ディーエムエス,スタンダード,サービス業,127262550.0,2026-10-09T15:00
9788,ナック,プライム,サービス業,21705440.0,2026-10-09T15:00
9790,福井コンピュータホールディングス,プライム,情報・通信業,107406990.0,2026-10-09T15:00
9791,ビケンテクノ,スタンダード,サービス業,2721815.0,2026-10-09T15:00
9793,ダイセキ,プライム,サービス業,583258550.0,2026-10-09T15:00
9795,ステップ,プライム,サービス業,70589145.0,2026-10-09T15:00
9799,旭情報サービス,スタンダード,情報・通信業,4068540.0,2026-10-09T15:00
9812,テーオーホールディングス,スタンダード,小売業,1071405.0,2026-10-09T15:00
9816,ストライダーズ,スタンダード,不動産業,4277425.0,2026-10-09T15:00
9818,大丸エナウィン,スタンダード,卸売業,1860135.0,2026-10-09T15:00
9820,エムティジェネックス,スタンダード,不動産業,2855325.0,2026-10-09T15:00
9823,マミーマートホールディングス,スタンダード,小売業,92042890.0,2026-10-09T15:00
9824,泉州電業,プライム,卸売業,519478750.0,2026-10-09T15:00
9827,リリカラ,スタンダード,卸売業,7931880.0,2026-10-09T15:00
9828,Ｇｅｎｋｉ　Ｇｌｏｂａｌ　Ｄｉｎｉｎｇ　Ｃｏｎｃｅｐｔｓ,スタンダード,小売業,256306925.0,2026-10-09T15:00
9830,トラスコ中山,プライム,卸売業,256467740.0,2026-10-09T15:00
9831,ヤマダホールディングス,プライム,小売業,3548213810.0,2026-10-09T15:00
9832,オートバックスセブン,プライム,卸売業,671737395.0,2026-10-09T15:00
9835,ジュンテンドー,スタンダード,小売業,2762330.0,2026-10-09T15:00
9837,モリト,プライム,卸売業,85338365.0,2026-10-09T15:00
9842,アークランズ,プライム,小売業,288868940.0,2026-10-09T15:00
9843,ニトリホールディングス,プライム,小売業,11174915588.0,2026-10-09T15:00
9845,パーカーコーポレーション,スタンダード,化学,15909225.0,2026-10-09T15:00
9846,天満屋ストア,スタンダード,小売業,7368530.0,2026-10-09T15:00
9849,共同紙販ホールディングス,スタンダード,卸売業,1528700.0,2026-10-09T15:00
9850,グルメ杵屋,プライム,小売業,69564120.0,2026-10-09T15:00
9853,銀座ルノアール,スタンダード,小売業,1687815.0,2026-10-09T15:00
9854,愛眼,スタンダード,小売業,9645530.0,2026-10-09T15:00
9856,ケーユーホールディングス,スタンダード,小売業,36425015.0,2026-10-09T15:00
9857,英和,スタンダード,卸売業,3377350.0,2026-10-09T15:00
9861,吉野家ホールディングス,プライム,小売業,1490096725.0,2026-10-09T15:00
9867,ソレキア,スタンダード,卸売業,2953050.0,2026-10-09T15:00
9869,加藤産業,プライム,卸売業,252241550.0,2026-10-09T15:00
9872,北恵,スタンダード,卸売業,6226250.0,2026-10-09T15:00
9876,コックス,スタンダード,小売業,4166570.0,2026-10-09T15:00
9878,セキド,スタンダード,小売業,3941510.0,2026-10-09T15:00
9880,イノテック,プライム,電気機器,448273125.0,2026-10-09T15:00
9882,イエローハット,プライム,卸売業,380095690.0,2026-10-09T15:00
9885,シャルレ,スタンダード,卸売業,2639570.0,2026-10-09T15:00
9887,松屋フーズホールディングス,プライム,小売業,294828000.0,2026-10-09T15:00
9888,ＵＥＸ,スタンダード,卸売業,67795585.0,2026-10-09T15:00
9889,ＪＢＣＣホールディングス,プライム,情報・通信業,340624105.0,2026-10-09T15:00
9890,マキヤ,スタンダード,小売業,12041035.0,2026-10-09T15:00
9895,コンセック,スタンダード,卸売業,1047990.0,2026-10-09T15:00
9896,ＪＫホールディングス,スタンダード,卸売業,43335760.0,2026-10-09T15:00
9900,サガミホールディングス,プライム,小売業,315207240.0,2026-10-09T15:00
9902,日伝,プライム,卸売業,257672225.0,2026-10-09T15:00
9903,カンセキ,スタンダード,小売業,1586240.0,2026-10-09T15:00
9904,ベリテ,スタンダード,小売業,3176685.0,2026-10-09T15:00
9906,藤井産業,スタンダード,卸売業,11220450.0,2026-10-09T15:00
9908,日本電計,スタンダード,卸売業,35996690.0,2026-10-09T15:00
9913,日邦産業,スタンダード,卸売業,10441550.0,2026-10-09T15:00
9928,ミロク情報サービス,プライム,情報・通信業,94046135.0,2026-10-09T15:00
9929,平和紙業,スタンダード,卸売業,873325.0,2026-10-09T15:00
9930,北沢産業,スタンダード,卸売業,2193420.0,2026-10-09T15:00
9932,杉本商事,プライム,卸売業,43153650.0,2026-10-09T15:00
9934,因幡電機産業,プライム,卸売業,663704995.0,2026-10-09T15:00
9936,王将フードサービス,プライム,小売業,921130640.0,2026-10-09T15:00
9941,太洋物産,スタンダード,卸売業,26576920.0,2026-10-09T15:00
9946,ミニストップ,プライム,小売業,87296720.0,2026-10-09T15:00
9948,アークス,プライム,小売業,339289675.0,2026-10-09T15:00
9950,ハチバン,スタンダード,小売業,16282450.0,2026-10-09T15:00
9955,ヨンキュウ,スタンダード,卸売業,5244675.0,2026-10-09T15:00
9956,バローホールディングス,プライム,小売業,619624790.0,2026-10-09T15:00
9959,アシードホールディングス,スタンダード,小売業,8834605.0,2026-10-09T15:00
9960,東テク,プライム,卸売業,416704600.0,2026-10-09T15:00
9962,ミスミグループ本社,プライム,卸売業,5428201650.0,2026-10-09T15:00
9969,ショクブン,スタンダード,小売業,1136100.0,2026-10-09T15:00
9972,アルテック,スタンダード,卸売業,2686380.0,2026-10-09T15:00
9973,ＫＯＺＯホールディングス,スタンダード,小売業,12900075.0,2026-10-09T15:00
9974,ベルク,プライム,小売業,223298900.0,2026-10-09T15:00
9976,セキチュー,スタンダード,小売業,3607370.0,2026-10-09T15:00
9978,文教堂グループホールディングス,スタンダード,小売業,4564380.0,2026-10-09T15:00
9979,大庄,スタンダード,小売業,88388110.0,2026-10-09T15:00
9980,ＭＲＫホールディングス,スタンダード,小売業,10463815.0,2026-10-09T15:00
9982,タキヒヨー,スタンダード,卸売業,14016905.0,2026-10-09T15:00
9983,ファーストリテイリング,プライム,小売業,82488703550.0,2026-10-09T15:00
9984,ソフトバンクグループ,プライム,情報・通信業,416565631605.0,2026-10-09T15:00
9986,蔵王産業,スタンダード,卸売業,4430980.0,2026-10-09T15:00
9987,スズケン,プライム,卸売業,927123315.0,2026-10-09T15:00
9989,サンドラッグ,プライム,小売業,2185084060.0,2026-10-09T15:00
9990,サックスバー　ホールディングス,プライム,小売業,36451065.0,2026-10-09T15:00
9991,ジェコス,プライム,卸売業,65496700.0,2026-10-09T15:00
9993,ヤマザワ,スタンダード,小売業,4741760.0,2026-10-09T15:00
9994,やまや,スタンダード,小売業,33959575.0,2026-10-09T15:00
9996,サトー商会,スタンダード,卸売業,2044980.0,2026-10-09T15:00
9997,ベルーナ,プライム,小売業,390809040.0,2026-10-09T15:00
